Id,LotFrontage,LotArea,LotShape,Utilities,LandSlope,OverallQual,OverallCond,MasVnrArea,ExterQual,ExterCond,BsmtQual,BsmtCond,BsmtExposure,BsmtFinType1,BsmtFinSF1,BsmtFinType2,BsmtFinSF2,BsmtUnfSF,TotalBsmtSF,HeatingQC,1stFlrSF,2ndFlrSF,LowQualFinSF,GrLivArea,BsmtFullBath,BsmtHalfBath,FullBath,HalfBath,BedroomAbvGr,KitchenAbvGr,KitchenQual,Functional,Fireplaces,FireplaceQu,GarageFinish,GarageCars,GarageQual,GarageCond,PavedDrive,WoodDeckSF,OpenPorchSF,EnclosedPorch,3SsnPorch,ScreenPorch,PoolArea,PoolQC,Fence,MiscVal,MoSold,SalePrice,SalePrice_Log,TotalEffectiveSF,HouseAge,RemodAge,IsRemodeled,HasPool,HasMiscFeature,IsNonFlatLot,Has_Pos_Amenity,Has_Traffic_Disturbance,Has_Railroad_Disturbance,Is_Standard_Roof,Is_GasA_Heating,HouseStyle_Stories,Is_Split_Layout,Is_New_Construction,Is_Distressed_Sale,Is_Normal_Sale,Nbhd_bit0,Nbhd_bit1,Nbhd_bit2,Nbhd_bit3,Nbhd_bit4,MSSubClass_160,MSSubClass_190,MSSubClass_20,MSSubClass_30,MSSubClass_50,MSSubClass_60,MSSubClass_70,MSSubClass_75,MSSubClass_80,MSSubClass_85,MSSubClass_90,MSSubClass_Other,MSZoning_Other,MSZoning_RH,MSZoning_RL,MSZoning_RM,Street_Pave,Alley_Missing,Alley_Pave,LotConfig_CulDSac,LotConfig_FR2,LotConfig_Inside,LotConfig_Other,BldgType_2fmCon,BldgType_Duplex,BldgType_Twnhs,BldgType_TwnhsE,RoofStyle_Hip,RoofStyle_Other,Exterior1st_BrkFace,Exterior1st_CemntBd,Exterior1st_HdBoard,Exterior1st_MetalSd,Exterior1st_Other,Exterior1st_Plywood,Exterior1st_Stucco,Exterior1st_VinylSd,Exterior1st_Wd Sdng,Exterior1st_WdShing,Exterior2nd_BrkFace,Exterior2nd_CmentBd,Exterior2nd_HdBoard,Exterior2nd_MetalSd,Exterior2nd_Other,Exterior2nd_Plywood,Exterior2nd_Stucco,Exterior2nd_VinylSd,Exterior2nd_Wd Sdng,Exterior2nd_Wd Shng,MasVnrType_BrkFace,MasVnrType_Missing,MasVnrType_Stone,Foundation_CBlock,Foundation_Other,Foundation_PConc,Foundation_Slab,CentralAir_Y,Electrical_FuseF,Electrical_Other,Electrical_SBrkr,GarageType_Basment,GarageType_BuiltIn,GarageType_Detchd,GarageType_Missing,GarageType_Other,MiscFeature_Other,MiscFeature_Shed,LandContour_HLS,LandContour_Low,LandContour_Lvl,LotArea_log,LotFrontage_log
1,65.0,8450,4,4,3,7,5,196.0,4,3,4,3,1,6,706,1,0,150,856,5,856,854,0,1710,1,0,2,1,3,1,4,7,0,0,2,2,3,3,3,0,61,0,0,0,0,0,0,0,2,208500,12.24769911637256,2627,5,5,0,0,0,0,0,0,0,1,1,2.0,0,0,0,1,1,0,1,0,0,0,0,0,0,0,1,0,0,0,0,0,0,0,0,1,0,1,1,0,0,0,1,0,0,0,0,0,0,0,0,0,0,0,0,0,0,1,0,0,0,0,0,0,0,0,0,1,0,0,1,0,0,0,0,1,0,1,0,0,1,0,0,0,0,0,0,0,0,0,1,9.042040056544483,4.189654742026425
2,80.0,9600,4,4,3,6,8,0.0,3,3,4,3,4,5,978,1,0,284,1262,5,1262,0,0,1262,0,1,2,0,3,1,3,7,1,3,2,2,3,3,3,298,0,0,0,0,0,0,0,0,5,181500,12.109016442313738,2822,31,31,0,0,0,0,0,1,0,1,1,1.0,0,0,0,1,0,0,0,1,1,0,0,1,0,0,0,0,0,0,0,0,0,0,0,1,0,1,1,0,0,1,0,0,0,0,0,0,0,0,0,0,0,1,0,0,0,0,0,0,0,0,0,1,0,0,0,0,0,0,0,1,0,1,0,0,0,1,0,0,1,0,0,0,0,0,0,0,0,0,1,9.169622538697624,4.394449154672439
3,68.0,11250,3,4,3,7,5,162.0,4,3,4,3,2,6,486,1,0,434,920,5,920,866,0,1786,1,0,2,1,3,1,4,7,1,3,2,2,3,3,3,0,42,0,0,0,0,0,0,0,9,223500,12.317171167298682,2748,7,6,1,0,0,0,0,0,0,1,1,2.0,0,0,0,1,1,0,1,0,0,0,0,0,0,0,1,0,0,0,0,0,0,0,0,1,0,1,1,0,0,0,1,0,0,0,0,0,0,0,0,0,0,0,0,0,0,1,0,0,0,0,0,0,0,0,0,1,0,0,1,0,0,0,0,1,0,1,0,0,1,0,0,0,0,0,0,0,0,0,1,9.328212292571072,4.23410650459726
4,60.0,9550,3,4,3,7,5,0.0,3,3,3,4,1,5,216,1,0,540,756,4,961,756,0,1717,1,0,1,0,3,1,4,7,1,4,1,3,3,3,3,0,35,272,0,0,0,0,0,0,2,140000,11.849404844423074,2780,91,36,1,0,0,0,0,0,0,1,1,2.0,0,0,1,0,0,1,1,0,0,0,0,0,0,0,0,1,0,0,0,0,0,0,0,1,0,1,1,0,0,0,0,0,0,0,0,0,0,0,0,0,0,0,0,0,0,0,1,0,0,0,0,0,0,0,0,0,0,1,0,1,0,0,0,0,0,1,0,0,1,0,0,1,0,0,0,0,0,0,1,9.164401140034737,4.110873864173311
5,84.0,14260,3,4,3,8,5,350.0,4,3,4,3,3,6,655,1,0,490,1145,5,1145,1053,0,2198,1,0,2,1,4,1,4,7,1,3,2,3,3,3,3,192,84,0,0,0,0,0,0,0,12,250000,12.429220196836384,3619,8,8,0,0,0,0,0,0,0,1,1,2.0,0,0,0,1,1,1,1,1,0,0,0,0,0,0,1,0,0,0,0,0,0,0,0,1,0,1,1,0,0,1,0,0,0,0,0,0,0,0,0,0,0,0,0,0,0,1,0,0,0,0,0,0,0,0,0,1,0,0,1,0,0,0,0,1,0,1,0,0,1,0,0,0,0,0,0,0,0,0,1,9.565283817736766,4.442651256490317
6,85.0,14115,3,4,3,5,5,0.0,3,3,4,3,1,6,732,1,0,64,796,5,796,566,0,1362,1,0,1,1,1,1,3,7,0,0,1,2,3,3,3,40,30,0,320,0,0,0,3,700,10,143000,11.870606902224589,2548,16,14,1,0,1,0,0,0,0,1,1,1.5,0,0,0,1,1,1,0,1,0,0,0,0,0,1,0,0,0,0,0,0,0,0,0,1,0,1,1,0,0,0,1,0,0,0,0,0,0,0,0,0,0,0,0,0,0,1,0,0,0,0,0,0,0,0,0,1,0,0,0,1,0,0,1,0,0,1,0,0,1,0,0,0,0,0,0,1,0,0,1,9.55506418479516,4.454347296253507
7,75.0,10084,4,4,3,8,5,186.0,4,3,5,3,3,6,1369,1,0,317,1686,5,1694,0,0,1694,1,0,2,0,3,1,4,7,1,4,2,2,3,3,3,255,57,0,0,0,0,0,0,0,8,307000,12.63460628389302,3692,3,2,1,0,0,0,0,0,0,1,1,1.0,0,0,0,1,1,0,1,0,1,0,0,1,0,0,0,0,0,0,0,0,0,0,0,1,0,1,1,0,0,0,1,0,0,0,0,0,0,0,0,0,0,0,0,0,0,1,0,0,0,0,0,0,0,0,0,1,0,0,0,0,1,0,0,1,0,1,0,0,1,0,0,0,0,0,0,0,0,0,1,9.218804450388312,4.330733340286331
8,70.04995836802665,10382,3,4,3,7,6,240.0,3,3,4,3,2,5,859,4,32,216,1107,5,1107,983,0,2090,1,0,2,1,3,1,3,7,2,3,2,2,3,3,3,235,204,228,0,0,0,0,0,350,11,200000,12.206077645517674,3864,36,36,0,0,1,0,1,0,0,1,1,2.0,0,0,0,1,0,1,1,1,0,0,0,0,0,0,1,0,0,0,0,0,0,0,0,1,0,1,1,0,0,0,0,0,0,0,0,0,0,0,0,0,1,0,0,0,0,0,0,0,0,0,1,0,0,0,0,0,0,0,0,0,1,1,0,0,0,1,0,0,1,0,0,0,0,0,0,1,0,0,1,9.247925132303454,4.2633832685897595
9,51.0,6120,4,4,3,7,5,0.0,3,3,3,3,1,1,0,1,0,952,952,4,1022,752,0,1774,0,0,2,0,2,2,3,6,2,3,1,2,2,3,3,90,0,205,0,0,0,0,0,0,4,129900,11.774527900858468,3021,77,58,1,0,0,0,0,1,0,1,1,1.5,0,0,1,0,1,0,0,0,1,0,0,0,0,1,0,0,0,0,0,0,0,0,0,0,1,1,1,0,0,0,1,0,0,0,0,0,0,0,1,0,0,0,0,0,0,0,0,0,0,0,0,0,0,0,0,0,0,1,0,1,0,0,0,0,0,1,1,0,0,0,0,1,0,0,0,0,0,0,1,8.71948076085107,3.9512437185814275
10,50.0,7420,4,4,3,5,6,0.0,3,3,3,3,1,6,851,1,0,140,991,5,1077,0,0,1077,1,0,1,0,2,2,3,7,2,3,2,1,4,3,3,0,4,0,0,0,0,0,0,0,1,118000,11.678448377988165,2072,69,58,1,0,0,0,0,1,0,1,1,1.25,0,0,0,1,1,1,0,0,0,0,1,0,0,0,0,0,0,0,0,0,0,0,0,1,0,1,1,0,0,0,0,0,1,0,0,0,0,0,0,0,0,1,0,0,0,0,0,0,0,0,0,1,0,0,0,0,0,0,0,1,0,0,0,0,0,1,0,0,1,0,0,0,0,0,0,0,0,0,1,8.912069097970134,3.9318256327243257
11,70.0,11200,4,4,3,5,5,0.0,3,3,3,3,1,3,906,1,0,134,1040,5,1040,0,0,1040,1,0,1,0,3,1,3,7,0,0,1,1,3,3,3,0,0,0,0,0,0,0,0,0,2,129500,11.771443882099636,2080,43,43,0,0,0,0,0,0,0,1,1,1.0,0,0,0,1,1,1,0,0,1,0,0,1,0,0,0,0,0,0,0,0,0,0,0,1,0,1,1,0,0,0,1,0,0,0,0,0,1,0,0,0,1,0,0,0,0,0,0,0,0,0,1,0,0,0,0,0,0,0,0,1,0,1,0,0,0,1,0,0,1,0,0,1,0,0,0,0,0,0,1,9.32375833901174,4.2626798770413155
12,85.0,11924,3,4,3,9,5,286.0,5,3,5,3,1,6,998,1,0,177,1175,5,1182,1142,0,2324,1,0,3,0,4,1,5,7,2,4,3,3,3,3,3,147,21,0,0,0,0,0,0,0,7,345000,12.75130259456002,3667,1,0,1,0,0,0,0,0,0,1,1,2.0,0,1,0,0,0,0,0,0,1,0,0,0,0,0,1,0,0,0,0,0,0,0,0,1,0,1,1,0,0,0,1,0,0,0,0,0,1,0,0,0,0,0,0,0,0,0,0,1,0,0,0,0,0,0,0,0,0,1,0,0,1,0,0,1,0,1,0,0,1,0,1,0,0,0,0,0,0,0,1,9.386392315756542,4.454347296253507
13,70.04995836802665,12968,2,4,3,5,6,0.0,3,3,3,3,1,5,737,1,0,175,912,3,912,0,0,912,1,0,1,0,2,1,3,7,0,0,1,1,3,3,3,140,0,0,0,176,0,0,0,0,9,144000,11.87757552297847,2140,46,46,0,0,0,0,0,0,0,1,1,1.0,0,0,0,1,1,1,0,0,1,0,0,1,0,0,0,0,0,0,0,0,0,0,0,1,0,1,1,0,0,0,1,0,0,0,0,0,1,0,0,0,1,0,0,0,0,0,0,0,0,0,0,0,0,1,0,0,0,0,0,1,0,1,0,0,0,1,0,0,1,0,0,1,0,0,0,0,0,0,1,9.470317173335742,4.2633832685897595
14,91.0,10652,3,4,3,7,5,306.0,4,3,4,3,3,1,0,1,0,1494,1494,5,1494,0,0,1494,0,0,2,0,3,1,4,7,1,4,2,3,3,3,3,160,33,0,0,0,0,0,0,0,8,279500,12.54076114938842,3181,1,0,1,0,0,0,0,0,0,1,1,1.0,0,1,0,0,1,0,1,0,0,0,0,1,0,0,0,0,0,0,0,0,0,0,0,1,0,1,1,0,0,0,1,0,0,0,0,0,0,0,0,0,0,0,0,0,0,1,0,0,0,0,0,0,0,0,0,1,0,0,0,0,1,0,0,1,0,1,0,0,1,0,0,0,0,0,0,0,0,0,1,9.273596821611198,4.5217885770490405
15,70.04995836802665,10920,3,4,3,6,5,212.0,3,3,3,3,1,4,733,1,0,520,1253,3,1253,0,0,1253,1,0,1,1,2,1,3,7,1,2,2,1,3,3,3,0,213,176,0,0,0,0,2,0,5,157000,11.964007453736912,2895,48,48,0,0,0,0,0,0,0,1,1,1.0,0,0,0,1,0,0,1,1,0,0,0,1,0,0,0,0,0,0,0,0,0,0,0,1,0,1,1,0,0,0,0,0,0,0,0,0,1,0,0,0,0,1,0,0,0,0,0,0,0,0,0,1,0,0,0,0,0,0,1,0,0,1,0,0,0,1,0,0,1,0,0,0,0,0,0,0,0,0,1,9.298442820197728,4.2633832685897595
16,51.0,6120,4,4,3,7,8,0.0,3,3,3,3,1,1,0,1,0,832,832,5,854,0,0,854,0,0,1,0,2,1,3,7,0,0,1,2,3,3,3,48,112,0,0,0,0,0,4,0,7,132000,11.790564777297387,1846,78,6,1,0,0,0,0,0,0,1,1,1.25,0,0,0,1,1,1,0,0,0,0,0,0,0,0,0,0,0,0,0,0,1,0,0,0,1,1,1,0,0,0,0,0,0,0,0,0,0,0,0,0,0,0,0,0,0,0,1,0,0,0,0,0,0,0,0,0,1,0,0,1,0,0,0,0,0,1,0,0,0,0,0,1,0,0,0,0,0,0,1,8.71948076085107,3.9512437185814275
17,70.04995836802665,11241,3,4,3,6,7,180.0,3,3,3,3,1,5,578,1,0,426,1004,5,1004,0,0,1004,1,0,1,0,2,1,3,7,1,3,3,2,3,3,3,0,0,0,0,0,0,0,0,700,3,149000,11.91170829631447,2008,40,40,0,0,1,0,0,0,0,1,1,1.0,0,0,0,1,0,0,1,1,0,0,0,1,0,0,0,0,0,0,0,0,0,0,0,1,0,1,1,0,1,0,0,0,0,0,0,0,0,0,0,0,0,0,0,0,0,0,1,0,0,0,0,0,0,0,0,0,1,0,1,0,0,1,0,0,0,1,0,0,1,0,0,0,0,0,0,1,0,0,1,9.32741204356202,4.2633832685897595
18,72.0,10791,4,4,3,4,5,0.0,3,3,0,0,0,0,0,0,0,0,0,3,1296,0,0,1296,0,0,2,0,2,2,3,7,0,0,1,2,3,3,3,0,0,0,0,0,0,0,0,500,10,90000,11.407576060361786,1296,39,39,0,0,1,0,0,0,0,1,1,1.0,0,0,0,1,1,1,0,0,1,0,0,0,0,0,0,0,0,0,0,1,0,0,0,1,0,1,1,0,0,0,1,0,0,1,0,0,0,0,0,0,0,1,0,0,0,0,0,0,0,0,0,1,0,0,0,0,0,0,0,1,0,0,0,0,1,1,0,0,1,0,0,0,0,1,0,1,0,0,1,9.286560397887591,4.290459441148391
19,66.0,13695,4,4,3,5,5,0.0,3,3,3,3,1,6,646,1,0,468,1114,5,1114,0,0,1114,1,0,1,1,3,1,4,7,0,0,1,2,3,3,3,0,102,0,0,0,0,0,0,0,6,159000,11.976665770490769,2330,4,4,0,0,0,0,0,0,1,1,1,1.0,0,0,0,1,0,0,1,0,1,0,0,1,0,0,0,0,0,0,0,0,0,0,0,1,0,1,1,0,0,0,1,0,0,0,0,0,0,0,0,0,0,0,0,0,0,1,0,0,0,0,0,0,0,0,0,1,0,0,0,1,0,0,0,1,0,1,0,0,1,0,0,1,0,0,0,0,0,0,1,9.524859098381523,4.204692619390966
20,70.0,7560,4,4,3,5,6,0.0,3,3,3,3,1,2,504,1,0,525,1029,3,1339,0,0,1339,0,0,1,0,3,1,3,6,0,0,1,1,3,3,3,0,0,0,0,0,0,0,3,0,5,139000,11.842236406331557,2368,51,44,1,0,0,0,0,0,0,1,1,1.0,0,0,1,0,0,0,1,1,0,0,0,1,0,0,0,0,0,0,0,0,0,0,0,1,0,1,1,0,0,0,1,0,0,0,0,0,1,0,1,0,0,0,0,0,0,0,0,0,0,0,0,0,0,1,0,0,0,0,0,1,0,1,0,0,0,1,0,0,1,0,0,0,0,0,0,0,0,0,1,8.93075873555827,4.2626798770413155
21,101.0,14215,3,4,3,8,5,380.0,4,3,5,3,3,1,0,1,0,1158,1158,5,1158,1218,0,2376,0,0,3,1,4,1,4,7,1,4,2,3,3,3,3,240,154,0,0,0,0,0,0,0,11,325300,12.692506186542175,3928,1,0,1,0,0,0,0,0,0,1,1,2.0,0,1,0,0,0,0,0,0,1,0,0,0,0,0,1,0,0,0,0,0,0,0,0,1,0,1,1,0,0,0,0,0,0,0,0,0,0,0,0,0,0,0,0,0,0,1,0,0,0,0,0,0,0,0,0,1,0,0,1,0,0,0,0,1,0,1,0,0,1,0,1,0,0,0,0,0,0,0,1,9.562123369834488,4.624972813284271
22,57.0,7449,4,4,3,7,7,0.0,3,3,3,3,1,1,0,1,0,637,637,5,1108,0,0,1108,0,0,1,0,3,1,4,7,1,4,1,1,3,3,1,0,0,205,0,0,0,0,4,0,6,139400,11.84510995088398,1950,77,57,1,0,0,1,0,0,0,1,1,1.25,0,0,0,1,1,0,0,1,0,0,0,0,0,0,0,0,0,0,0,0,1,0,0,0,1,1,0,0,0,0,1,0,0,0,0,0,0,0,0,0,0,0,0,0,0,0,1,0,0,0,0,0,0,0,0,0,1,0,0,1,0,0,0,1,0,1,1,0,0,0,0,0,0,0,0,0,0,0,0,8.915969311373605,4.060443010546419
23,75.0,9742,4,4,3,8,5,281.0,4,3,4,3,1,1,0,1,0,1777,1777,5,1795,0,0,1795,0,0,2,0,3,1,4,7,1,4,2,2,3,3,3,171,159,0,0,0,0,0,0,0,9,230000,12.345838935721968,3902,6,6,0,0,0,0,0,0,0,1,1,1.0,0,0,0,1,1,0,1,0,0,0,0,1,0,0,0,0,0,0,0,0,0,0,0,1,0,1,1,0,0,0,1,0,0,0,0,0,1,0,0,0,0,0,0,0,0,1,0,0,0,0,0,0,0,0,0,1,0,0,1,0,0,0,0,1,0,1,0,0,1,0,0,0,0,0,0,0,0,0,1,9.184304357425342,4.330733340286331
24,44.0,4224,4,4,3,5,7,0.0,3,3,4,3,1,6,840,1,0,200,1040,3,1060,0,0,1060,1,0,1,0,3,1,3,7,1,3,1,2,3,3,3,100,110,0,0,0,0,0,0,0,6,129900,11.774527900858468,2310,31,31,0,0,0,0,0,0,0,1,1,1.0,0,0,0,1,0,1,0,1,0,0,0,0,0,0,0,0,0,0,0,0,0,0,0,0,1,1,1,0,0,0,1,0,0,0,0,1,0,0,0,1,0,0,0,0,0,0,0,0,0,1,0,0,0,0,0,0,0,0,0,1,0,0,0,1,0,1,0,0,1,0,0,0,0,0,0,0,0,0,1,8.348774539791274,3.8066624897703196
25,70.04995836802665,8246,3,4,3,5,8,0.0,3,4,3,3,2,3,188,5,668,204,1060,5,1060,0,0,1060,1,0,1,0,3,1,4,7,1,3,1,1,3,3,3,406,90,0,0,0,0,0,3,0,5,154000,11.944714374881176,2616,42,9,1,0,0,0,0,0,0,1,1,1.0,0,0,0,1,1,1,0,0,1,0,0,1,0,0,0,0,0,0,0,0,0,0,0,1,0,1,1,0,0,0,1,0,0,0,0,0,0,0,0,0,0,0,0,1,0,0,0,0,0,0,0,0,0,1,0,0,0,0,0,1,0,1,0,0,0,1,0,0,1,0,0,0,0,0,0,0,0,0,1,9.017604776833355,4.2633832685897595
26,110.0,14230,4,4,3,8,5,640.0,4,3,4,3,1,1,0,1,0,1566,1566,5,1600,0,0,1600,0,0,2,0,3,1,4,7,1,4,2,3,3,3,3,0,56,0,0,0,0,0,0,0,7,256300,12.454107814022272,3222,2,2,0,0,0,0,0,0,0,1,1,1.0,0,0,0,1,0,0,0,0,1,0,0,1,0,0,0,0,0,0,0,0,0,0,0,1,0,1,1,0,0,0,0,0,0,0,0,0,0,0,0,0,0,0,0,0,0,1,0,0,0,0,0,0,0,0,0,1,0,0,0,0,1,0,0,1,0,1,0,0,1,0,0,0,0,0,0,0,0,0,1,9.56317796268366,4.709530201312334
27,60.0,7200,4,4,3,5,7,0.0,3,3,3,3,2,4,234,3,486,180,900,3,900,0,0,900,0,1,1,0,3,1,4,7,0,0,1,2,3,3,3,222,32,0,0,0,0,0,0,0,5,134800,11.811554895830454,2054,59,10,1,0,0,0,0,0,0,1,1,1.0,0,0,0,1,0,0,1,1,0,0,0,1,0,0,0,0,0,0,0,0,0,0,0,1,0,1,1,0,0,0,0,0,0,0,0,0,0,0,0,0,0,0,0,0,0,0,1,0,0,0,0,0,0,0,0,0,1,0,0,1,0,1,0,0,0,1,0,0,1,0,0,1,0,0,0,0,0,0,1,8.881975184248867,4.110873864173311
28,98.0,11478,4,4,3,8,5,200.0,4,3,5,3,1,6,1218,1,0,486,1704,5,1704,0,0,1704,1,0,2,0,3,1,4,7,1,4,2,3,3,3,3,0,50,0,0,0,0,0,0,0,5,306000,12.631343648903034,3458,3,2,1,0,0,0,0,0,0,1,1,1.0,0,0,0,1,0,0,0,0,1,0,0,1,0,0,0,0,0,0,0,0,0,0,0,1,0,1,1,0,0,0,1,0,0,0,0,0,0,0,0,0,0,0,0,0,0,1,0,0,0,0,0,0,0,0,0,1,0,0,0,0,1,0,0,1,0,1,0,0,1,0,0,0,0,0,0,0,0,0,1,9.348274558065496,4.59511985013459
29,47.0,16321,3,4,3,5,6,0.0,3,3,3,3,4,4,1277,1,0,207,1484,3,1600,0,0,1600,1,0,1,0,2,1,3,7,2,4,2,1,3,3,3,288,258,0,0,0,0,0,0,0,12,207500,12.242891437918386,3630,49,9,1,0,0,0,0,0,0,1,1,1.0,0,0,0,1,0,0,1,1,0,0,0,1,0,0,0,0,0,0,0,0,0,0,0,1,0,1,1,0,1,0,0,0,0,0,0,0,0,0,0,0,0,1,0,0,0,0,0,0,0,0,0,1,0,0,0,0,0,0,0,1,0,1,0,0,0,1,0,0,1,0,0,0,0,0,0,0,0,0,1,9.700269170029188,3.871201010907891
30,60.0,6324,3,4,3,4,6,0.0,3,3,3,3,1,1,0,1,0,520,520,2,520,0,0,520,0,0,1,0,1,1,2,7,0,0,1,1,2,3,3,49,0,87,0,0,0,0,0,0,5,68500,11.134603622683905,1176,81,58,1,0,0,0,0,1,1,1,1,1.0,0,0,0,1,1,1,0,0,0,0,0,0,1,0,0,0,0,0,0,0,0,0,0,0,1,1,1,0,0,0,1,0,0,0,0,0,0,0,0,0,0,1,0,0,0,0,0,0,0,0,0,1,0,0,0,0,0,0,0,1,0,0,0,0,0,0,0,0,1,0,0,1,0,0,0,0,0,0,1,8.752265313595721,4.110873864173311
31,50.0,8500,4,4,3,4,4,0.0,3,2,3,3,1,1,0,1,0,649,649,3,649,668,0,1317,0,0,1,0,3,1,3,7,0,0,1,1,3,2,1,0,54,172,0,0,0,0,3,0,7,40000,10.59665973278358,2192,88,58,1,0,0,0,0,1,0,1,1,2.0,0,0,0,1,1,0,0,1,0,0,0,0,0,0,0,1,0,0,0,0,0,1,0,0,0,1,0,1,0,0,1,0,0,0,0,0,0,1,1,0,0,0,0,0,0,0,0,0,1,0,0,0,0,0,0,0,0,0,0,1,0,0,0,0,0,0,0,0,1,0,0,1,0,0,0,0,0,0,1,9.04793908261736,3.9318256327243257
32,70.04995836802665,8544,3,4,3,5,6,0.0,3,3,3,3,1,1,0,1,0,1228,1228,4,1228,0,0,1228,0,0,1,1,3,1,4,7,0,0,1,1,3,3,3,0,65,0,0,0,0,0,3,0,6,149350,11.914054519303123,2521,42,2,1,0,0,0,0,0,0,1,1,1.0,0,0,0,1,1,1,0,0,1,0,0,1,0,0,0,0,0,0,0,0,0,0,0,1,0,1,1,0,1,0,0,0,0,0,0,0,0,0,0,0,1,0,0,0,0,0,0,0,0,0,1,0,0,0,0,0,0,0,0,1,0,1,0,0,0,1,0,0,1,0,0,0,0,0,0,0,0,0,1,9.053101595549691,4.2633832685897595
33,85.0,11049,4,4,3,8,5,0.0,4,3,5,3,3,1,0,1,0,1234,1234,5,1234,0,0,1234,0,0,2,0,3,1,4,7,0,0,2,2,3,3,3,0,30,0,0,0,0,0,0,0,1,179900,12.100161978566868,2498,1,1,0,0,0,0,0,0,0,1,1,1.0,0,0,0,1,1,0,1,0,0,0,0,1,0,0,0,0,0,0,0,0,0,0,0,1,0,1,1,0,0,0,0,0,0,0,0,0,0,0,0,0,0,0,0,0,0,1,0,0,0,0,0,0,0,0,0,1,0,0,0,1,0,0,0,1,0,1,0,0,1,0,0,0,0,0,0,0,0,0,1,9.3101857069459,4.454347296253507
34,70.0,10552,3,4,3,5,5,0.0,3,3,3,3,1,3,1018,1,0,380,1398,4,1700,0,0,1700,0,1,1,1,4,1,4,7,1,4,2,2,3,3,3,0,38,0,0,0,0,0,0,0,4,165500,12.016732516077072,3136,51,51,0,0,0,0,0,0,0,1,1,1.0,0,0,0,1,0,0,1,1,0,0,0,1,0,0,0,0,0,0,0,0,0,0,0,1,0,1,1,0,0,0,1,0,0,0,0,0,1,0,1,0,0,0,0,0,0,0,0,0,1,0,0,0,0,0,0,0,0,0,0,1,0,1,0,0,0,1,0,0,1,0,0,0,0,0,0,0,0,0,1,9.26416545867109,4.2626798770413155
35,60.0,7313,4,4,3,9,5,246.0,5,3,5,3,1,6,1153,1,0,408,1561,5,1561,0,0,1561,1,0,2,0,2,1,5,7,1,4,3,2,3,3,3,203,47,0,0,0,0,0,0,0,8,277500,12.533579815765735,3372,2,2,0,0,0,0,0,0,0,1,1,1.0,0,0,0,1,0,0,0,0,1,0,0,0,0,0,0,0,0,0,0,0,0,0,0,1,0,1,1,0,0,0,1,0,0,0,0,1,1,0,0,0,0,1,0,0,0,0,0,0,0,0,0,1,0,0,0,0,0,0,1,0,0,0,0,1,0,1,0,0,1,0,0,0,0,0,0,0,0,0,1,8.897545598709327,4.110873864173311
36,108.0,13418,4,4,3,8,5,132.0,4,3,5,3,3,1,0,1,0,1117,1117,5,1132,1320,0,2452,0,0,3,1,4,1,4,7,1,4,3,3,3,3,3,113,32,0,0,0,0,0,0,0,9,309000,12.6410997921206,3714,2,1,1,0,0,0,0,0,0,1,1,2.0,0,0,0,1,0,0,0,0,1,0,0,0,0,0,1,0,0,0,0,0,0,0,0,1,0,1,1,0,0,0,1,0,0,0,0,0,0,0,0,0,0,0,0,0,0,1,0,0,0,0,0,0,0,0,0,1,0,0,0,0,1,0,0,1,0,1,0,0,1,0,1,0,0,0,0,0,0,0,1,9.504426892100957,4.6913478822291435
37,112.0,10859,4,4,3,5,5,0.0,3,3,4,3,1,1,0,1,0,1097,1097,5,1097,0,0,1097,0,0,1,1,3,1,3,7,0,0,1,2,3,3,3,392,64,0,0,0,0,0,0,0,6,145000,11.884495917930655,2650,15,14,1,0,0,0,0,0,0,1,1,1.0,0,0,0,1,1,0,1,0,0,0,0,1,0,0,0,0,0,0,0,0,0,0,0,1,0,1,1,0,0,0,0,0,0,0,0,0,0,0,0,0,0,0,0,0,0,1,0,0,0,0,0,0,0,0,0,1,0,0,0,1,0,0,0,1,0,1,0,0,1,0,0,0,0,0,0,0,0,0,1,9.292841593487926,4.727387818712341
38,74.0,8532,4,4,3,5,6,650.0,3,3,3,3,1,3,1213,1,0,84,1297,4,1297,0,0,1297,0,1,1,0,3,1,3,7,1,3,3,2,3,3,3,0,0,0,0,0,0,0,0,0,10,153000,11.938199736300923,2594,55,19,1,0,0,0,0,0,0,1,1,1.0,0,0,0,1,0,0,1,1,0,0,0,1,0,0,0,0,0,0,0,0,0,0,0,1,0,1,1,0,0,0,1,0,0,0,0,0,1,0,0,0,0,0,0,0,0,0,1,0,0,0,0,0,0,0,0,0,1,0,1,0,0,1,0,0,0,1,0,0,1,0,0,0,0,0,0,0,0,0,1,9.051696278536586,4.31748811353631
39,68.0,7922,4,4,3,5,7,0.0,3,4,3,3,1,6,731,1,0,326,1057,3,1057,0,0,1057,1,0,1,0,3,1,4,7,0,0,1,1,3,3,3,0,52,0,0,0,0,0,0,0,1,109000,11.599112335481124,2166,57,3,1,0,0,0,0,0,0,1,1,1.0,0,0,1,0,0,0,1,1,0,0,0,1,0,0,0,0,0,0,0,0,0,0,0,1,0,1,1,0,0,0,1,0,0,0,0,0,0,0,0,0,0,0,0,0,0,1,0,0,0,0,0,0,0,0,0,1,0,0,0,1,0,1,0,0,0,1,0,0,1,0,0,1,0,0,0,0,0,0,1,8.977525200965243,4.23410650459726
40,65.0,6040,4,4,3,4,5,0.0,3,3,0,0,0,0,0,0,0,0,0,3,1152,0,0,1152,0,0,2,0,2,2,2,7,0,0,0,0,0,0,1,0,0,0,0,0,0,0,0,0,6,82000,11.31448672129398,1152,53,53,0,0,0,0,0,0,0,1,1,1.0,0,0,1,0,1,1,1,0,0,0,0,0,0,0,0,0,0,0,0,1,0,0,0,1,0,1,1,0,0,0,1,0,0,1,0,0,0,0,0,0,0,0,0,0,0,0,0,0,0,0,0,0,0,1,0,0,0,0,0,1,0,0,0,1,0,0,0,1,0,0,0,0,1,0,0,0,0,0,1,8.706324840138741,4.189654742026425
41,84.0,8658,4,4,3,6,5,101.0,3,3,3,3,1,3,643,1,0,445,1088,5,1324,0,0,1324,0,0,2,0,3,1,3,7,1,3,2,2,3,3,3,0,138,0,0,0,0,0,2,0,12,160000,11.982935344196433,2550,41,41,0,0,0,0,0,0,0,1,1,1.0,0,0,1,0,0,0,1,1,0,0,0,1,0,0,0,0,0,0,0,0,0,0,0,1,0,1,1,0,0,0,1,0,0,0,0,0,0,0,0,0,0,0,0,0,0,0,1,0,0,0,0,0,0,0,0,0,1,0,1,0,0,1,0,0,0,1,0,0,1,0,0,0,0,0,0,0,0,0,1,9.066354521447801,4.442651256490317
42,115.0,16905,4,4,3,5,6,0.0,3,4,3,3,4,4,967,1,0,383,1350,4,1328,0,0,1328,0,1,1,1,2,1,3,7,2,4,2,1,3,3,2,0,104,0,0,0,0,0,0,0,7,170000,12.04355959836804,2782,48,48,0,0,0,0,0,0,0,1,1,1.0,0,0,0,1,1,1,1,0,1,0,0,1,0,0,0,0,0,0,0,0,0,0,0,1,0,1,1,0,0,0,1,0,0,0,0,0,0,0,0,0,0,0,0,0,0,1,0,0,0,0,0,0,0,0,0,1,0,0,0,1,0,1,0,0,0,1,0,0,1,0,0,0,0,0,0,0,0,0,1,9.735423867488873,4.7535901911063645
43,70.04995836802665,9180,3,4,3,5,7,0.0,3,3,4,3,3,5,747,2,93,0,840,4,884,0,0,884,1,0,1,0,2,1,4,7,0,0,2,2,3,4,3,240,0,0,0,0,0,0,3,0,12,144000,11.87757552297847,1964,24,24,0,0,0,0,0,0,0,1,1,1.5,1,0,0,1,0,0,1,0,1,0,0,0,0,0,0,0,0,0,1,0,0,0,0,1,0,1,1,0,1,0,0,0,0,0,0,0,0,0,0,0,1,0,0,0,0,0,0,0,0,0,1,0,0,0,0,0,0,0,0,1,0,1,0,0,0,1,0,0,1,0,0,0,0,0,0,0,0,0,1,9.1248914101437,4.2633832685897595
44,70.04995836802665,9200,3,4,3,5,6,0.0,3,3,4,3,3,2,280,4,491,167,938,3,938,0,0,938,1,0,1,0,3,1,3,7,0,0,1,1,3,3,3,145,0,0,0,0,0,0,3,0,7,130250,11.777218637129328,2021,33,28,1,0,0,0,0,0,0,1,1,1.0,0,0,0,1,1,0,1,0,0,0,0,1,0,0,0,0,0,0,0,0,0,0,0,1,0,1,1,0,1,0,0,0,0,0,0,0,1,0,0,0,0,0,0,0,0,1,0,0,0,0,0,0,0,0,0,1,0,0,0,1,0,1,0,0,0,1,0,0,1,0,0,1,0,0,0,0,0,0,1,9.127067452782361,4.2633832685897595
45,70.0,7945,4,4,3,5,6,0.0,3,3,3,3,1,5,179,4,506,465,1150,5,1150,0,0,1150,1,0,1,0,3,1,3,7,0,0,2,1,3,3,3,0,0,0,0,0,0,0,0,0,5,141000,11.856522261533735,2300,47,47,0,0,0,0,0,0,0,1,1,1.0,0,0,0,1,0,0,1,1,0,0,0,1,0,0,0,0,0,0,0,0,0,0,0,1,0,1,1,0,0,0,1,0,0,0,0,0,0,0,1,0,0,0,0,0,0,0,0,0,0,0,0,0,0,0,0,0,1,0,0,1,0,1,0,0,0,1,0,0,0,0,0,0,0,0,0,0,0,0,1,8.980423936374544,4.2626798770413155
46,61.0,7658,4,4,3,9,5,412.0,5,3,5,3,1,6,456,1,0,1296,1752,5,1752,0,0,1752,1,0,2,0,2,1,5,7,1,4,2,2,3,3,3,196,82,0,0,0,0,0,0,0,2,319900,12.675766851909591,3782,5,5,0,0,0,0,0,0,0,1,1,1.0,0,0,0,1,0,0,0,0,1,0,0,0,0,0,0,0,0,0,0,0,0,0,0,1,0,1,1,0,0,0,1,0,0,0,0,1,1,0,0,0,0,1,0,0,0,0,0,0,0,0,0,1,0,0,0,0,0,0,1,0,0,0,0,1,0,1,0,0,1,0,0,0,0,0,0,0,0,0,1,8.943636705909594,4.127134385045092
47,48.0,12822,3,4,3,7,5,0.0,4,3,5,3,1,6,1351,1,0,83,1434,5,1518,631,0,2149,1,0,1,1,1,1,4,7,1,5,2,2,3,3,3,168,43,0,0,198,0,0,0,0,8,239686,12.387089184491993,3992,6,6,0,0,0,0,0,0,0,1,1,1.5,0,0,1,0,1,1,0,1,0,0,0,0,0,1,0,0,0,0,0,0,0,0,0,1,0,1,1,0,1,0,0,0,0,0,0,0,0,0,0,0,0,0,0,0,0,1,0,0,0,0,0,0,0,0,0,1,0,0,0,1,0,0,0,1,0,1,0,0,1,0,0,0,0,0,0,0,0,0,1,9.458995712459116,3.8918202981106265
48,84.0,11096,4,4,3,8,5,0.0,4,3,4,3,3,6,24,1,0,1632,1656,5,1656,0,0,1656,0,0,2,0,3,1,4,7,0,0,2,3,3,3,3,0,146,0,0,0,0,0,0,0,7,249700,12.428019481065611,3458,1,1,0,0,0,0,0,0,0,1,1,1.0,0,0,0,1,1,0,1,0,1,0,0,1,0,0,0,0,0,0,0,0,0,0,0,0,0,1,1,0,0,0,1,0,0,0,0,0,0,0,0,0,0,0,0,0,0,1,0,0,0,0,0,0,0,0,0,1,0,0,0,1,0,0,0,1,0,1,0,0,1,0,0,0,0,0,0,0,0,0,1,9.314430080500564,4.442651256490317
49,33.0,4456,4,4,3,4,5,0.0,3,3,3,3,1,1,0,1,0,736,736,4,736,716,0,1452,0,0,2,0,2,3,3,7,0,0,0,0,0,0,1,0,0,102,0,0,0,0,0,0,6,113000,11.635151947212842,2290,89,1,1,0,0,0,0,0,0,1,1,2.0,0,1,0,0,1,0,0,0,1,0,1,0,0,0,0,0,0,0,0,0,0,0,0,0,1,1,1,0,0,0,1,0,1,0,0,0,0,0,0,0,0,1,0,0,0,0,0,0,0,0,0,1,0,0,0,0,0,0,0,1,0,0,0,0,0,1,0,0,1,0,0,0,1,0,0,0,0,0,1,8.402231172946555,3.5263605246161616
50,66.0,7742,4,4,3,5,7,0.0,3,3,3,3,1,4,763,1,0,192,955,5,955,0,0,955,1,0,1,0,3,1,3,7,0,0,1,1,3,3,3,0,0,0,0,0,0,0,3,0,1,127000,11.751950239425476,1910,41,41,0,0,0,0,0,0,0,1,1,1.0,0,0,0,1,1,1,0,0,1,0,0,1,0,0,0,0,0,0,0,0,0,0,0,1,0,1,1,0,0,0,1,0,0,0,0,0,0,0,0,0,1,0,0,0,0,0,0,0,0,0,1,0,0,0,0,0,0,0,0,1,0,1,0,0,0,1,0,0,1,0,0,0,0,0,0,0,0,0,1,8.954544488386723,4.204692619390966
51,70.04995836802665,13869,2,4,3,6,6,0.0,3,3,4,3,3,6,182,1,0,612,794,4,794,676,0,1470,0,1,2,0,3,1,3,7,0,0,3,2,3,3,3,0,75,0,0,0,0,0,0,0,7,177000,12.08391066125752,2339,10,10,0,0,0,0,0,0,0,1,1,2.0,0,0,0,1,0,0,0,1,0,0,0,0,0,0,1,0,0,0,0,0,0,0,0,1,0,1,1,0,0,0,0,0,0,0,0,0,0,0,0,0,0,0,0,0,0,1,0,0,0,0,0,0,0,0,0,1,0,0,0,1,0,0,0,1,0,1,0,0,1,0,0,0,0,0,0,0,0,0,1,9.537483513308878,4.2633832685897595
52,52.0,6240,4,4,3,6,6,0.0,3,3,3,3,1,1,0,1,0,816,816,3,816,0,360,1176,0,0,1,0,3,1,3,7,1,4,1,2,3,3,3,112,0,0,0,0,0,0,3,400,9,114500,11.648338835562749,2104,72,56,1,0,1,0,0,0,0,1,1,1.5,0,0,0,1,1,1,0,0,0,0,0,0,0,1,0,0,0,0,0,0,0,0,0,0,1,1,1,0,0,0,1,0,0,0,0,0,0,0,0,0,0,0,0,0,0,0,1,0,0,0,0,0,0,0,0,0,1,0,0,1,0,0,0,1,0,1,0,0,1,0,0,1,0,0,0,1,0,0,1,8.738895704934043,3.970291913552122
53,110.0,8472,2,4,2,5,5,0.0,2,3,4,3,4,2,104,6,712,0,816,3,816,0,0,816,1,0,1,0,2,1,3,7,0,0,1,2,3,3,3,106,0,0,0,0,0,0,0,0,5,110000,11.60824473564232,1738,47,47,0,0,0,1,0,0,1,1,1,1.0,0,0,0,1,1,0,0,1,0,0,0,0,0,0,0,0,0,0,0,1,0,0,0,0,1,0,1,0,0,0,0,0,0,1,0,0,0,0,0,0,0,0,0,0,0,0,1,0,0,0,0,0,0,0,0,0,1,0,0,1,0,1,0,0,0,0,0,0,1,0,0,0,0,1,0,0,0,0,0,9.044639916198465,4.709530201312334
54,68.0,50271,3,4,3,9,5,0.0,4,3,5,3,4,6,1810,1,0,32,1842,4,1842,0,0,1842,2,0,0,1,0,1,4,7,1,4,3,3,3,3,3,857,72,0,0,0,0,0,0,0,11,385000,12.861001210669146,4613,25,19,1,0,0,1,0,0,0,0,1,1.0,0,0,0,1,0,0,0,1,1,0,0,1,0,0,0,0,0,0,0,0,0,0,0,1,0,1,1,0,0,0,1,0,0,0,0,0,0,0,0,0,0,0,0,0,0,0,0,1,0,0,0,0,0,0,0,0,0,1,0,1,0,1,0,0,0,1,0,0,1,0,0,0,0,0,0,0,0,1,0,10.825203541055348,4.23410650459726
55,60.0,7134,4,4,2,5,5,0.0,3,3,3,3,1,5,384,1,0,0,384,3,1360,0,0,1360,0,0,1,0,3,1,3,6,1,3,1,2,3,3,3,0,50,0,0,0,0,0,3,0,2,130000,11.775297421715829,1794,52,52,0,0,0,1,0,0,0,1,1,1.5,1,0,0,1,0,0,1,1,0,0,0,0,0,0,0,0,0,1,0,0,0,0,0,1,0,1,1,0,0,0,1,0,0,0,0,0,0,0,0,0,0,1,0,0,0,0,0,0,0,0,0,1,0,0,0,0,0,0,0,1,0,1,0,0,0,1,0,0,1,0,0,1,0,0,0,0,0,0,0,8.872767529910936,4.110873864173311
56,100.0,10175,3,4,3,6,5,272.0,3,3,3,3,1,4,490,1,0,935,1425,4,1425,0,0,1425,0,0,2,0,3,1,3,7,1,4,2,2,3,3,3,0,0,0,407,0,0,0,0,0,7,180500,12.103491596905933,3257,44,44,0,0,0,0,0,0,0,1,1,1.0,0,0,0,1,0,0,1,1,0,0,0,1,0,0,0,0,0,0,0,0,0,0,0,1,0,1,1,0,0,0,1,0,0,0,0,0,0,0,0,0,1,0,0,0,0,0,0,0,0,0,0,0,0,1,0,0,0,0,1,0,0,1,0,0,0,1,0,0,1,0,0,0,0,0,0,0,0,0,1,9.227787285579904,4.61512051684126
57,24.0,2645,4,4,3,8,5,456.0,4,3,4,3,1,6,649,1,0,321,970,5,983,756,0,1739,1,0,2,1,3,1,4,7,0,0,3,2,3,3,3,115,0,0,0,0,0,0,0,0,8,172500,12.058158312538197,2824,10,9,1,0,0,0,0,0,0,1,1,2.0,0,0,1,0,1,0,1,0,1,1,0,0,0,0,0,0,0,0,0,0,0,0,0,0,0,1,0,1,0,0,1,0,0,0,1,0,0,0,0,0,0,1,0,0,0,0,0,0,0,0,0,1,0,0,0,0,0,0,1,0,0,0,0,1,0,1,0,0,1,0,0,0,0,0,0,0,0,0,1,7.880804344674901,3.2188758248682006
58,89.0,11645,3,4,3,7,5,0.0,4,3,4,3,1,1,0,1,0,860,860,5,860,860,0,1720,0,0,2,1,3,1,4,7,0,0,2,2,3,3,3,0,70,0,0,0,0,0,0,0,8,196500,12.188422799337028,2650,2,2,0,0,0,0,0,0,0,1,1,2.0,0,0,0,1,1,0,1,0,0,0,0,0,0,0,1,0,0,0,0,0,0,0,0,1,0,1,1,0,0,0,0,0,0,0,0,0,0,0,0,0,0,0,0,0,0,1,0,0,0,0,0,0,0,0,0,1,0,0,0,1,0,0,0,1,0,1,0,0,1,0,0,0,0,0,0,0,0,0,1,9.362718052397065,4.499809670330265
59,66.0,13682,2,4,3,10,5,1031.0,5,3,5,3,4,1,0,1,0,1410,1410,5,1426,1519,0,2945,0,0,3,1,3,1,4,7,1,4,3,3,3,3,3,192,0,37,0,0,0,0,0,0,10,438780,12.9917557065369,4584,0,0,0,0,0,1,0,0,0,1,1,2.0,0,1,0,0,0,1,1,0,1,0,0,0,0,0,1,0,0,0,0,0,0,0,0,1,0,1,1,0,1,0,0,0,0,0,0,0,1,0,0,0,0,0,0,0,0,1,0,0,0,0,0,0,0,0,0,1,0,0,1,0,0,0,0,1,0,1,0,0,1,0,1,0,0,0,0,0,1,0,0,9.52390946537981,4.204692619390966
60,60.0,7200,4,4,3,5,7,0.0,3,3,3,3,3,5,632,1,0,148,780,5,780,0,0,780,0,0,1,0,2,1,3,7,0,0,1,1,3,3,3,196,0,0,0,0,0,0,3,0,1,124900,11.73527670248674,1756,36,36,0,0,0,1,0,0,0,1,1,1.0,0,0,0,1,1,0,1,0,0,0,0,1,0,0,0,0,0,0,0,0,0,0,0,1,0,1,1,0,0,0,1,0,0,0,0,0,0,0,0,0,1,0,0,0,0,0,0,0,0,0,1,0,0,0,0,0,0,0,0,1,0,1,0,0,0,1,0,0,1,0,0,1,0,0,0,0,0,0,0,8.881975184248867,4.110873864173311
61,63.0,13072,4,4,3,6,5,0.0,3,3,4,3,1,5,941,1,0,217,1158,5,1158,0,0,1158,1,0,1,1,3,1,4,7,0,0,1,2,3,3,3,0,50,0,0,0,0,0,0,0,5,158000,11.970356641103,2366,2,2,0,0,0,0,0,0,1,1,1,1.0,0,1,0,0,0,0,1,0,1,0,0,1,0,0,0,0,0,0,0,0,0,0,0,1,0,1,1,0,0,0,1,0,0,0,0,0,0,0,0,0,0,0,0,0,0,1,0,0,0,0,0,0,0,0,0,1,0,0,0,1,0,0,0,1,0,1,0,0,1,0,0,1,0,0,0,0,0,0,1,9.47830431356186,4.1588830833596715
62,60.0,7200,4,4,3,5,7,0.0,3,3,3,2,1,1,0,1,0,530,530,3,581,530,0,1111,0,0,1,0,3,1,2,7,0,0,1,1,3,3,1,0,0,144,0,0,0,0,0,0,3,101000,11.52288569676448,1785,87,11,1,0,0,0,0,0,0,1,1,2.25,0,0,0,1,1,0,0,1,0,0,0,0,0,0,0,0,1,0,0,0,0,0,0,0,1,1,1,0,0,0,1,0,0,0,0,0,0,0,0,0,0,1,0,0,0,0,0,0,0,0,0,1,0,0,0,0,0,0,0,1,0,0,0,0,0,0,0,0,1,0,0,1,0,0,0,0,0,0,1,8.881975184248867,4.110873864173311
63,44.0,6442,3,4,3,8,5,178.0,4,3,4,4,2,6,24,1,0,1346,1370,5,1370,0,0,1370,0,0,2,0,2,1,4,7,1,4,2,2,3,3,3,120,49,0,0,0,0,0,0,0,10,202500,12.218500103788145,2909,1,1,0,0,0,0,0,0,0,1,1,1.0,0,0,0,1,0,0,0,0,1,0,0,0,0,0,0,0,0,0,0,0,0,0,0,1,0,1,1,0,0,0,1,0,0,0,0,1,0,0,0,0,0,0,0,0,0,1,0,0,0,0,0,0,0,0,0,1,0,0,0,0,1,0,0,1,0,1,0,0,1,0,0,0,0,0,0,0,0,0,1,8.770749549138642,3.8066624897703196
64,50.0,10300,3,4,3,7,6,0.0,3,3,3,3,1,1,0,1,0,576,576,4,902,808,0,1710,0,0,2,0,3,1,3,7,0,0,1,2,3,3,3,12,11,64,0,0,0,0,4,0,4,140000,11.849404844423074,2373,89,60,1,0,0,1,0,1,1,1,1,2.0,0,0,0,1,1,0,0,0,1,0,0,0,0,0,0,1,0,0,0,0,0,0,0,0,1,1,1,0,0,0,1,0,0,0,0,0,0,0,0,0,0,0,0,0,1,0,0,0,0,0,0,0,0,0,1,0,0,0,0,1,0,0,0,0,0,1,0,0,1,0,0,1,0,0,0,0,0,0,0,9.239996256883693,3.9318256327243257
65,70.04995836802665,9375,4,4,3,7,5,573.0,3,3,4,3,1,6,739,1,0,318,1057,5,1057,977,0,2034,1,0,2,1,3,1,4,7,0,0,2,2,3,3,3,576,36,0,0,0,0,0,4,0,2,219500,12.299112067295642,3703,12,11,1,0,0,0,0,0,0,1,1,2.0,0,0,0,1,1,0,1,0,0,0,0,0,0,0,1,0,0,0,0,0,0,0,0,1,0,1,1,0,0,0,1,0,0,0,0,0,0,0,0,0,0,0,0,0,0,1,0,0,0,0,0,0,0,0,0,1,0,0,1,0,0,0,0,1,0,1,0,0,1,0,0,0,0,0,0,0,0,0,1,9.145908511816794,4.2633832685897595
66,76.0,9591,4,4,3,8,5,344.0,4,3,5,3,3,1,0,1,0,1143,1143,5,1143,1330,0,2473,0,0,2,1,4,1,4,7,1,4,2,3,3,3,3,192,151,0,0,0,0,0,0,0,10,317000,12.666660207428574,3959,3,2,1,0,0,0,0,0,0,1,1,2.0,0,0,0,1,0,0,0,0,1,0,0,0,0,0,1,0,0,0,0,0,0,0,0,1,0,1,1,0,0,0,1,0,0,0,0,0,0,0,0,0,0,0,0,0,0,1,0,0,0,0,0,0,0,0,0,1,0,0,1,0,0,0,0,1,0,1,0,0,1,0,1,0,0,0,0,0,0,0,1,9.16868469670735,4.343805421853684
67,70.04995836802665,19900,4,4,3,7,5,287.0,3,3,4,3,4,6,912,1,0,1035,1947,3,2207,0,0,2207,1,0,2,0,3,1,3,6,1,4,2,2,3,3,3,301,0,0,0,0,0,0,0,0,7,180000,12.100717685412471,4455,40,21,1,0,0,0,1,0,0,1,1,1.0,0,0,0,1,0,0,1,1,0,0,0,1,0,0,0,0,0,0,0,0,0,0,0,1,0,1,1,0,0,0,1,0,0,0,0,0,0,0,0,0,0,0,0,1,0,0,0,0,0,0,0,0,0,1,0,0,0,0,1,0,0,1,0,0,0,1,0,0,1,0,0,0,0,0,0,0,0,0,1,9.898525260706313,4.2633832685897595
68,72.0,10665,3,4,3,7,5,167.0,4,3,4,3,3,6,1013,1,0,440,1453,5,1479,0,0,1479,1,0,2,0,3,1,4,7,0,0,2,2,3,3,3,144,29,0,0,0,0,0,0,0,6,226000,12.328294703023394,3105,4,4,0,0,0,0,0,0,0,1,1,1.0,0,0,0,1,1,0,1,0,0,0,0,1,0,0,0,0,0,0,0,0,0,0,0,1,0,1,1,0,0,0,1,0,0,0,0,0,0,0,0,0,0,0,0,0,0,1,0,0,0,0,0,0,0,0,0,1,0,0,1,0,0,0,0,1,0,1,0,0,1,0,0,0,0,0,0,0,0,0,1,9.274816391160547,4.290459441148391
69,47.0,4608,4,4,3,4,6,0.0,3,4,3,3,1,1,0,1,0,747,747,3,747,0,0,747,0,0,1,0,2,1,3,7,0,0,1,1,3,3,3,0,0,0,0,0,0,0,0,0,6,80000,11.289794413577894,1494,65,60,1,0,0,0,0,1,0,1,1,1.0,0,0,0,1,1,0,0,0,1,0,0,0,1,0,0,0,0,0,0,0,0,0,0,0,1,1,1,0,0,0,0,0,0,0,0,0,0,0,0,0,0,1,0,0,0,0,0,0,0,0,0,1,0,0,0,0,0,0,0,1,0,1,0,0,0,1,0,0,1,0,0,0,0,0,0,0,0,0,1,8.435766192720509,3.871201010907891
70,81.0,15593,4,4,3,7,4,0.0,4,3,3,3,1,4,603,1,0,701,1304,3,1304,983,0,2287,0,0,2,0,3,1,3,7,1,3,3,2,3,3,3,0,21,114,0,0,0,0,0,0,7,225000,12.323860125621126,3726,53,53,0,0,0,0,0,0,0,1,0,1.5,0,0,0,1,0,0,1,0,0,0,0,0,0,1,0,0,0,0,0,0,0,0,0,1,0,1,1,0,0,0,0,0,0,0,0,0,0,0,1,0,0,0,0,0,0,0,0,0,0,0,0,0,0,0,0,0,0,0,0,1,0,1,0,0,0,1,0,0,1,0,0,0,0,0,0,0,0,0,1,9.654641503869545,4.406719247264253
71,95.0,13651,3,4,3,7,6,1115.0,3,4,4,3,4,5,1880,1,0,343,2052,5,2223,0,0,2223,1,0,2,0,3,1,3,7,2,4,3,2,3,3,3,300,0,0,0,0,0,0,0,0,2,244000,12.404927602627597,4575,34,34,0,0,0,0,0,0,0,1,1,1.0,0,0,0,1,0,0,1,1,0,0,0,1,0,0,0,0,0,0,0,0,0,0,0,1,0,1,1,0,0,0,1,0,0,0,0,0,0,0,0,0,0,0,0,1,0,0,0,0,0,0,0,0,0,1,0,0,0,0,1,0,0,1,0,0,0,1,0,0,1,0,0,0,0,0,0,0,0,0,1,9.521641310026597,4.564348191467836
72,69.0,7599,4,4,3,4,6,0.0,3,3,3,3,1,5,565,1,0,280,845,3,845,0,0,845,1,0,1,0,2,1,3,7,0,0,1,2,3,3,3,0,0,0,0,0,0,0,0,0,6,129500,11.771443882099636,1690,25,1,1,0,0,0,0,0,0,1,1,1.0,0,0,0,1,1,1,0,1,0,0,0,1,0,0,0,0,0,0,0,0,0,0,0,1,0,1,1,0,0,0,0,0,0,0,0,0,0,0,0,0,1,0,0,0,0,0,0,0,0,0,0,0,0,1,0,0,0,0,0,1,0,1,0,0,0,1,0,0,1,0,0,1,0,0,0,0,0,0,1,8.935903526274423,4.248495242049359
73,74.0,10141,3,4,3,7,5,40.0,3,3,4,3,1,1,0,1,0,832,832,4,885,833,0,1718,0,0,2,1,3,1,3,7,1,3,3,2,3,3,3,0,94,0,0,291,0,0,0,0,12,185000,12.128116509451258,2935,11,11,0,0,0,0,0,0,0,1,1,2.0,0,0,0,1,0,0,0,1,0,0,0,0,0,0,1,0,0,0,0,0,0,0,0,1,0,1,1,0,0,0,0,0,0,0,0,0,0,0,0,0,0,0,0,0,0,1,0,0,0,0,0,0,0,0,0,1,0,0,1,0,0,0,0,1,0,1,0,0,1,0,0,0,0,0,0,0,0,0,1,9.224440496354964,4.31748811353631
74,85.0,10200,4,4,3,5,7,104.0,3,3,3,3,1,5,320,4,362,404,1086,4,1086,0,0,1086,1,0,1,0,3,1,3,7,0,0,1,2,3,3,3,0,0,0,0,0,0,0,2,0,5,144900,11.88380602959621,2172,56,7,1,0,0,0,0,0,0,1,1,1.0,0,0,0,1,0,0,1,1,0,0,0,1,0,0,0,0,0,0,0,0,0,0,0,1,0,1,1,0,0,0,1,0,0,0,0,0,0,0,0,0,0,0,0,0,0,0,1,0,0,0,0,0,0,0,0,0,1,0,1,0,0,1,0,0,0,1,0,0,1,0,0,0,0,0,0,0,0,0,1,9.23024103368252,4.454347296253507
75,60.0,5790,4,4,3,3,6,0.0,4,4,2,3,1,1,0,1,0,840,840,4,840,765,0,1605,0,0,2,0,3,2,3,7,0,0,1,1,3,3,3,0,0,202,0,0,0,0,0,0,5,107400,11.58432477200052,2647,95,60,1,0,0,0,0,0,0,1,1,2.0,0,0,0,1,1,0,0,0,1,0,0,0,0,1,0,0,0,0,0,0,0,0,0,0,1,1,1,0,0,0,0,0,0,0,0,0,0,1,0,0,0,0,0,0,0,1,0,0,0,0,0,0,0,0,0,1,0,0,0,1,0,1,0,0,0,0,0,0,1,0,0,1,0,0,0,0,0,0,1,8.66406026722579,4.110873864173311
76,21.0,1596,4,4,3,4,5,0.0,3,3,4,3,4,6,462,1,0,0,462,3,526,462,0,988,1,0,1,0,2,1,3,7,0,0,1,1,3,3,3,120,101,0,0,0,0,0,2,0,11,91000,11.418625774449598,1671,36,36,0,0,0,0,0,0,0,1,1,1.5,1,0,0,1,0,1,0,1,0,0,0,0,0,0,0,0,0,0,0,0,1,0,0,0,1,1,1,0,0,0,1,0,0,0,1,0,0,0,0,1,0,0,0,0,0,0,0,0,0,1,0,0,0,0,0,0,0,0,0,1,0,1,0,0,0,1,0,0,1,0,1,0,0,0,0,0,0,0,1,7.3758821482150125,3.091042453358316
77,70.04995836802665,8475,3,4,3,4,7,0.0,3,3,3,3,1,5,228,1,0,724,952,5,952,0,0,952,0,0,1,0,2,1,3,7,0,0,1,1,3,3,3,0,0,0,0,0,0,0,0,0,4,135750,11.818577604251557,1904,52,52,0,0,0,0,0,0,0,1,1,1.0,0,0,0,1,0,0,1,1,0,0,0,1,0,0,0,0,0,0,0,0,0,0,0,1,0,1,1,0,0,0,1,0,0,0,0,0,0,0,0,0,0,0,0,0,0,1,0,0,0,0,0,0,0,0,0,1,0,0,0,1,0,1,0,0,0,1,0,0,0,0,0,1,0,0,0,0,0,0,1,9.04499391938819,4.2633832685897595
78,50.0,8635,4,4,3,5,5,0.0,3,3,3,3,1,4,336,6,41,295,672,3,1072,213,0,1285,1,0,1,0,2,1,3,6,0,0,1,1,3,3,3,0,0,0,0,0,0,0,3,0,1,127000,11.751950239425476,1957,60,7,1,0,0,0,0,0,0,1,1,1.5,0,0,0,1,1,1,0,0,0,0,0,0,0,1,0,0,0,0,0,0,0,0,0,0,1,1,1,0,0,0,1,0,0,0,0,0,0,0,0,0,0,0,0,0,0,0,1,0,0,0,0,0,0,0,0,0,1,0,0,1,0,1,0,0,0,1,0,0,1,0,0,1,0,0,0,0,0,0,1,9.063694791634697,3.9318256327243257
79,72.0,10778,4,4,3,4,5,0.0,3,3,3,3,1,1,0,1,0,1768,1768,3,1768,0,0,1768,0,0,2,0,4,2,3,7,0,0,0,0,0,0,3,0,0,0,0,0,0,0,0,0,4,136500,11.824087219587645,3536,42,42,0,0,0,0,0,0,0,1,1,1.0,0,0,0,1,1,1,0,0,1,0,0,0,0,0,0,0,0,0,0,1,0,0,0,1,0,1,1,0,0,0,1,0,0,1,0,0,1,0,0,0,1,0,0,0,0,0,0,0,0,0,1,0,0,0,0,0,0,0,0,1,0,1,0,0,0,0,0,0,1,0,0,0,1,0,0,0,0,0,1,9.285355075781629,4.290459441148391
80,60.0,10440,4,4,3,5,6,0.0,3,3,3,3,1,1,0,1,0,440,440,4,682,548,0,1230,0,0,1,1,2,1,3,7,0,0,1,2,3,3,3,74,0,128,0,0,0,0,3,0,5,110000,11.60824473564232,1872,99,28,1,0,0,0,0,0,0,1,1,2.0,0,0,0,1,1,0,0,0,1,0,0,0,0,1,0,0,0,0,0,0,0,0,0,0,1,1,0,0,0,0,0,0,0,0,0,0,0,0,0,0,0,0,0,0,0,0,1,0,0,0,0,0,0,0,0,0,1,0,0,1,0,0,0,1,0,1,0,0,1,0,0,1,0,0,0,0,0,0,1,9.25349564229011,4.110873864173311
81,100.0,13000,4,4,3,6,6,576.0,3,4,4,3,1,3,448,1,0,448,896,3,1182,960,0,2142,0,0,2,1,4,1,4,7,1,4,3,1,3,3,3,0,72,0,0,252,0,0,0,0,6,193500,12.173037959397275,3362,41,41,0,0,0,0,0,0,0,1,1,2.0,0,0,0,1,0,0,1,1,0,0,0,0,0,0,1,0,0,0,0,0,0,0,0,1,0,1,1,0,0,0,0,0,0,0,0,0,0,0,0,0,0,0,0,0,0,1,0,0,0,0,0,0,0,0,0,1,0,0,1,0,0,1,0,0,0,1,0,0,1,0,0,0,0,0,0,0,0,0,1,9.472781556562168,4.61512051684126
82,32.0,4500,4,4,3,6,5,443.0,3,4,5,4,1,6,1201,1,0,36,1237,5,1337,0,0,1337,1,0,2,0,2,1,3,7,0,0,3,2,3,3,3,0,199,0,0,0,0,0,0,0,3,153500,11.941462360646147,2773,8,8,0,0,0,0,0,0,0,1,1,1.0,0,0,0,1,1,1,0,1,0,0,0,0,0,0,0,0,0,0,0,0,0,0,0,0,1,1,1,0,0,1,0,0,0,0,0,1,1,0,0,0,0,0,0,0,0,1,0,0,0,0,0,0,0,0,0,1,0,0,1,0,0,0,0,1,0,1,0,0,1,0,0,0,0,0,0,0,0,0,1,8.412054873292933,3.4965075614664802
83,78.0,10206,4,4,3,8,5,468.0,3,3,4,3,1,6,33,1,0,1530,1563,5,1563,0,0,1563,0,0,2,0,3,1,4,7,1,4,2,3,3,3,3,144,99,0,0,0,0,0,0,0,10,245000,12.409017571151187,3369,1,1,0,0,0,0,0,0,0,1,1,1.0,0,0,0,1,1,0,1,0,1,0,0,1,0,0,0,0,0,0,0,0,0,0,0,1,0,1,1,0,0,0,1,0,0,0,0,0,0,0,0,0,0,0,0,0,0,1,0,0,0,0,0,0,0,0,0,1,0,0,0,0,1,0,0,1,0,1,0,0,1,0,0,0,0,0,0,0,0,0,1,9.230829038403499,4.3694478524670215
84,80.0,8892,3,4,3,5,5,66.0,3,3,3,3,1,1,0,1,0,1065,1065,4,1065,0,0,1065,0,0,1,1,3,1,3,7,0,0,1,2,3,3,3,74,0,0,0,0,0,0,0,0,7,126500,11.748005492256809,2204,47,47,0,0,0,0,0,0,0,1,1,1.0,0,0,0,1,0,0,1,1,0,0,0,1,0,0,0,0,0,0,0,0,0,0,0,1,0,1,1,0,0,0,1,0,0,0,0,0,0,0,0,0,0,1,0,0,0,0,0,0,0,0,0,1,0,0,0,0,0,0,0,0,0,1,0,0,0,1,0,0,1,0,0,1,0,0,0,0,0,0,1,9.09301972939964,4.394449154672439
85,70.04995836802665,8530,3,4,3,7,5,22.0,3,3,4,3,1,1,0,1,0,384,384,4,804,670,0,1474,0,0,2,1,3,1,3,7,1,3,3,2,3,3,3,120,72,0,0,0,0,0,0,700,5,168500,12.034696963475044,2050,14,13,1,0,1,0,0,0,0,1,1,1.5,1,0,0,1,0,0,0,1,0,0,0,0,0,0,0,0,0,1,0,0,0,0,0,1,0,1,1,0,0,0,1,0,0,0,0,0,0,0,0,0,1,0,0,0,0,0,0,0,0,0,1,0,0,0,0,0,0,0,1,0,0,0,0,1,0,1,0,0,1,0,1,0,0,0,0,1,0,0,1,9.051461866908694,4.2633832685897595
86,121.0,16059,4,4,3,8,5,284.0,4,3,4,3,1,1,0,1,0,1288,1288,5,1301,1116,0,2417,0,0,2,1,4,1,4,7,1,3,1,2,3,3,3,127,82,0,0,0,0,0,0,0,4,260000,12.468440756144114,3914,15,14,1,0,0,0,0,0,0,1,1,2.0,0,0,0,1,1,1,1,1,0,0,0,0,0,0,1,0,0,0,0,0,0,0,0,1,0,1,1,0,0,0,0,0,0,0,0,0,1,0,0,0,1,0,0,0,0,0,0,0,0,0,1,0,0,0,0,0,0,0,1,0,0,1,0,0,0,1,0,0,1,0,0,0,0,0,0,0,0,0,1,9.684086987500752,4.804021044733257
87,122.0,11911,2,4,3,6,5,0.0,4,3,4,3,3,1,0,1,0,684,684,5,684,876,0,1560,0,0,2,1,3,1,4,7,1,4,3,2,3,3,3,100,38,0,0,0,0,0,0,0,3,174000,12.066816325306588,2382,4,4,0,0,0,0,0,0,0,1,1,2.0,0,0,0,1,0,0,0,1,0,0,0,0,0,0,1,0,0,0,0,0,0,0,0,1,0,1,1,0,0,0,1,0,0,0,0,0,0,0,0,0,0,0,0,0,0,1,0,0,0,0,0,0,0,0,0,1,0,0,0,1,0,0,0,1,0,1,0,0,1,0,1,0,0,0,0,0,0,0,1,9.385301574363845,4.812184355372417
88,40.0,3951,4,4,3,6,5,76.0,4,3,4,3,3,1,0,1,0,612,612,5,612,612,0,1224,0,0,2,1,2,1,4,7,0,0,2,2,3,3,3,0,234,0,0,0,0,0,0,0,6,164500,12.010671928196444,2070,0,0,0,0,0,0,0,0,0,1,1,2.0,0,1,0,0,1,0,1,0,1,1,0,0,0,0,0,0,0,0,0,0,0,0,0,0,0,1,0,1,0,0,0,0,0,0,0,1,0,0,0,0,0,0,0,0,0,1,0,0,0,0,0,0,0,0,0,1,0,0,0,0,1,0,0,1,0,1,0,0,1,0,0,1,0,0,0,0,0,0,1,8.281977058867758,3.713572066704308
89,105.0,8470,3,4,3,3,2,0.0,2,2,3,2,1,1,0,1,0,1013,1013,3,1013,0,513,1526,0,0,1,0,2,1,2,7,0,0,0,0,0,0,1,0,0,156,0,0,0,0,3,0,10,85000,11.350418300109132,2695,94,27,1,0,0,0,0,1,0,1,1,1.5,0,0,1,0,1,0,0,1,0,0,0,0,0,1,0,0,0,0,0,0,0,1,0,0,0,1,1,0,0,0,0,0,0,0,0,0,1,0,0,0,0,0,0,1,0,0,0,0,0,0,0,0,0,1,0,0,0,0,0,1,0,1,0,0,0,0,0,0,1,0,0,0,1,0,0,0,0,0,1,9.044403844431551,4.663439094112067
90,60.0,8070,4,4,3,4,5,0.0,3,3,4,3,1,6,588,1,0,402,990,5,990,0,0,990,1,0,1,0,3,1,3,7,0,0,0,0,0,0,3,0,0,0,0,0,0,0,0,0,8,123600,11.724813914587886,1980,13,12,1,0,0,0,0,0,0,1,1,1.0,0,0,0,1,1,0,1,0,0,0,0,1,0,0,0,0,0,0,0,0,0,0,0,1,0,1,1,0,0,0,1,0,0,0,0,0,0,0,0,0,0,0,0,0,0,1,0,0,0,0,0,0,0,0,0,1,0,0,0,1,0,0,0,1,0,1,0,0,1,0,0,0,1,0,0,0,0,0,1,8.996032669324372,4.110873864173311
91,60.0,7200,4,4,3,4,5,0.0,3,3,0,0,0,0,0,0,0,0,0,3,1040,0,0,1040,0,0,1,0,2,1,3,7,0,0,1,2,3,3,3,0,29,0,0,0,0,0,0,0,7,109900,11.60733523953139,1069,56,56,0,0,0,0,0,0,0,1,1,1.0,0,0,0,1,0,0,1,1,0,0,0,1,0,0,0,0,0,0,0,0,0,0,0,1,0,1,1,0,0,0,1,0,0,0,0,0,0,0,1,0,0,0,0,0,0,0,0,0,0,0,0,0,0,0,0,0,1,0,0,1,0,0,0,0,1,1,0,0,0,0,0,1,0,0,0,0,0,0,1,8.881975184248867,4.110873864173311
92,85.0,8500,4,4,3,5,3,203.0,3,3,3,3,1,3,600,1,0,635,1235,3,1235,0,0,1235,0,0,1,0,2,1,3,7,0,0,1,2,3,3,3,0,0,0,0,0,0,0,2,0,12,98600,11.498836682527129,2470,45,45,0,0,0,0,0,0,0,1,1,1.0,0,0,1,0,0,0,1,1,0,0,0,1,0,0,0,0,0,0,0,0,0,0,0,1,0,1,1,0,0,0,1,0,0,0,0,0,1,0,0,0,1,0,0,0,0,0,0,0,0,0,1,0,0,0,0,0,0,0,0,0,0,1,0,0,0,1,0,0,1,0,0,0,0,0,0,0,0,0,1,9.04793908261736,4.454347296253507
93,80.0,13360,3,4,3,5,7,0.0,3,4,4,3,1,5,713,1,0,163,876,5,964,0,0,964,1,0,1,0,2,1,3,7,0,0,1,2,3,3,3,0,0,44,0,0,0,0,0,0,8,163500,12.004574385508691,1884,88,3,1,0,0,1,0,0,0,1,1,1.0,0,0,0,1,0,1,1,0,0,0,0,0,1,0,0,0,0,0,0,0,0,0,0,1,0,1,0,0,0,0,1,0,0,0,0,0,0,0,0,0,0,0,0,0,0,0,1,0,0,0,0,0,0,0,0,0,1,0,0,1,0,0,0,0,0,1,0,0,1,0,0,1,0,0,0,0,1,0,0,9.500095294588894,4.394449154672439
94,60.0,7200,4,4,3,6,6,0.0,3,3,3,2,2,3,1046,1,0,168,1214,5,1260,1031,0,2291,0,1,2,0,4,2,3,7,1,4,1,2,3,3,3,0,0,0,0,99,0,0,0,0,11,133900,11.804855999911272,3604,97,9,1,0,0,0,0,0,0,1,0,2.25,0,0,0,1,1,0,0,0,1,0,1,0,0,0,0,0,0,0,0,0,0,1,0,0,0,1,1,0,0,0,0,0,1,0,0,0,1,0,0,0,0,1,0,0,0,0,0,0,0,0,0,1,0,0,0,0,0,0,0,1,0,0,0,0,0,0,0,0,1,0,0,1,0,0,0,0,0,0,1,8.881975184248867,4.110873864173311
95,69.0,9337,3,4,3,6,5,0.0,3,4,4,3,1,6,648,1,0,176,824,5,905,881,0,1786,1,0,2,1,3,1,4,7,0,0,2,2,3,3,3,0,162,0,0,0,0,0,0,0,5,204750,12.229549885708272,2772,10,10,0,0,0,0,0,0,0,1,1,2.0,0,0,0,1,1,0,1,0,0,0,0,0,0,0,1,0,0,0,0,0,0,0,0,1,0,1,1,0,0,0,1,0,0,0,0,0,0,0,0,0,0,0,0,0,0,1,0,0,0,0,0,0,0,0,0,1,0,0,0,1,0,0,0,1,0,1,0,0,1,0,0,0,0,0,0,0,0,0,1,9.141847375530883,4.248495242049359
96,70.04995836802665,9765,2,4,3,6,8,68.0,5,4,4,4,1,5,310,1,0,370,680,4,680,790,0,1470,0,0,2,1,3,1,3,7,1,3,3,2,3,3,3,232,63,0,0,0,0,0,0,480,4,185000,12.128116509451258,2445,16,16,0,0,1,0,0,0,0,1,1,2.0,0,0,0,1,0,0,0,1,0,0,0,0,0,0,1,0,0,0,0,0,0,0,0,1,0,1,1,0,0,0,0,0,0,0,0,0,0,0,0,0,0,0,0,0,0,1,0,0,0,0,0,0,0,0,0,1,0,0,1,0,0,0,0,1,0,1,0,0,1,0,1,0,0,0,0,1,0,0,1,9.186662244621605,4.2633832685897595
97,78.0,10264,3,4,3,7,5,183.0,4,3,4,3,3,5,1162,1,0,426,1588,5,1588,0,0,1588,0,0,2,0,3,1,4,7,0,0,2,2,3,3,3,158,29,0,0,0,0,0,0,0,8,214000,12.273735966890268,3363,7,7,0,0,0,0,0,0,0,1,1,1.0,0,0,0,1,1,0,1,0,0,0,0,1,0,0,0,0,0,0,0,0,0,0,0,1,0,1,1,0,0,0,1,0,0,0,0,0,0,0,0,0,0,0,0,0,0,1,0,0,0,0,0,0,0,0,0,1,0,0,1,0,0,0,0,1,0,1,0,0,1,0,0,0,0,0,0,0,0,0,1,9.236495329453033,4.3694478524670215
98,73.0,10921,4,4,3,4,5,48.0,3,3,3,3,1,3,520,1,0,440,960,3,960,0,0,960,1,0,1,0,3,1,3,7,0,0,3,1,3,3,2,120,0,0,0,0,0,0,0,0,5,94750,11.459007676978688,2040,42,42,0,0,0,1,0,0,0,1,1,1.0,0,0,0,1,1,1,1,0,0,0,0,1,0,0,0,0,0,0,0,0,0,0,0,1,0,1,1,0,0,0,1,0,0,0,0,0,1,0,0,0,1,0,0,0,0,0,0,0,0,0,1,0,0,0,0,0,0,0,1,0,0,1,0,0,0,1,1,0,0,0,0,0,0,0,0,0,1,0,0,9.298534382712099,4.30406509320417
99,85.0,10625,4,4,3,5,5,0.0,3,3,3,3,1,5,108,1,0,350,458,2,835,0,0,835,0,0,1,0,2,1,3,7,0,0,1,1,2,3,3,0,0,77,0,0,0,0,0,400,5,83000,11.326607934898927,1370,90,60,1,0,1,0,0,0,0,1,1,1.0,0,0,1,0,1,1,1,0,0,0,0,0,1,0,0,0,0,0,0,0,0,0,0,1,0,1,1,0,0,0,0,0,0,0,0,0,0,0,0,0,0,0,0,0,0,0,1,0,0,0,0,0,0,0,0,0,1,0,0,1,0,0,0,0,0,0,0,0,1,1,0,0,0,0,0,1,0,0,1,9.271059107010888,4.454347296253507
100,77.0,9320,3,4,3,4,5,0.0,3,3,3,3,1,5,569,1,0,381,950,2,1225,0,0,1225,1,0,1,1,3,1,3,7,0,0,0,0,0,0,3,352,0,0,0,0,0,0,0,400,1,128950,11.7671877662232,2527,51,51,0,0,1,0,0,0,0,1,1,1.0,0,0,0,1,0,0,1,1,0,0,0,1,0,0,0,0,0,0,0,0,0,0,0,1,0,1,1,0,0,0,1,0,0,0,0,0,0,0,0,0,0,0,0,1,0,0,0,0,0,0,0,0,0,1,0,0,0,0,0,1,0,1,0,0,0,1,0,0,1,0,0,0,1,0,0,1,0,0,1,9.140025198061156,4.356708826689592
101,70.04995836802665,10603,3,4,3,6,7,28.0,3,3,3,3,2,5,1200,1,0,410,1610,4,1610,0,0,1610,1,0,2,0,3,1,4,7,2,3,2,2,3,3,3,168,68,0,0,0,0,0,0,0,2,205000,12.230770136157428,3456,33,9,1,0,0,0,0,0,0,1,1,1.0,0,0,0,1,0,1,1,1,0,0,0,1,0,0,0,0,0,0,0,0,0,0,0,1,0,1,1,0,0,0,1,0,0,0,0,0,0,0,0,0,0,0,0,1,0,0,0,0,0,0,0,0,0,1,0,0,0,0,1,0,0,0,0,1,0,1,0,0,1,0,0,0,0,0,0,0,0,0,1,9.268986567408916,4.2633832685897595
102,77.0,9206,4,4,3,6,5,336.0,4,3,4,3,1,1,0,1,0,741,741,3,977,755,0,1732,0,0,2,1,3,1,4,7,1,3,3,2,3,3,3,192,46,0,0,0,0,0,0,0,6,178000,12.08954444723597,2711,25,25,0,0,0,0,0,0,0,1,1,2.0,0,0,0,1,0,0,1,0,1,0,0,0,0,0,1,0,0,0,0,0,0,0,0,1,0,1,1,0,0,0,1,0,0,0,0,0,0,0,0,0,1,0,0,0,0,0,0,0,0,0,1,0,0,0,0,0,0,0,1,0,0,1,0,0,0,1,0,0,1,0,0,0,0,0,0,0,0,0,1,9.127719343287845,4.356708826689592
103,64.0,7018,4,4,3,5,5,0.0,3,2,0,0,0,0,0,0,0,0,0,3,1535,0,0,1535,0,0,2,0,4,2,3,7,0,0,1,2,3,3,3,0,0,0,0,0,0,0,0,0,6,118964,11.68658461118553,1535,30,30,0,0,0,1,0,0,0,1,1,1.0,0,0,1,0,0,0,1,0,1,0,0,0,0,0,0,0,0,0,0,1,0,0,0,1,0,1,1,0,0,0,1,0,0,1,0,0,0,0,0,0,1,0,0,0,0,0,0,0,0,0,1,0,0,0,0,0,0,0,0,1,0,0,0,0,1,1,0,0,1,0,0,0,0,0,0,0,0,0,0,8.856376036730422,4.174387269895637
104,94.0,10402,3,4,3,7,5,0.0,3,3,4,3,1,1,0,1,0,1226,1226,5,1226,0,0,1226,0,0,2,0,3,1,4,7,0,0,2,3,3,3,3,0,36,0,0,0,0,0,0,0,5,198900,12.200562492481511,2488,1,1,0,0,0,0,0,0,0,1,1,1.0,0,0,0,1,1,0,1,0,0,0,0,1,0,0,0,0,0,0,0,0,0,0,0,1,0,1,1,0,0,0,0,0,0,0,0,0,0,0,0,0,0,0,0,0,0,1,0,0,0,0,0,0,0,0,0,1,0,0,0,1,0,0,0,1,0,1,0,0,1,0,0,0,0,0,0,0,0,0,1,9.249849505070895,4.553876891600541
105,70.04995836802665,7758,4,4,3,7,4,600.0,3,2,3,3,1,2,224,1,0,816,1040,5,1226,592,0,1818,0,0,1,1,4,1,3,7,2,3,1,1,3,3,3,0,0,0,0,184,0,0,0,0,6,169500,12.040614105490253,3042,76,57,1,0,0,0,0,0,0,1,1,1.5,0,0,0,1,1,0,0,1,0,0,0,0,0,1,0,0,0,0,0,0,0,0,0,0,1,1,1,0,0,0,0,0,0,0,0,0,0,0,0,0,0,0,0,0,1,0,0,0,0,0,0,0,0,0,1,0,0,0,1,0,0,0,0,1,0,1,1,0,0,0,0,1,0,0,0,0,0,0,1,8.95660873889395,4.2633832685897595
106,75.0,9375,4,4,3,8,5,768.0,4,3,5,3,1,1,0,1,0,1053,1053,5,1053,939,0,1992,0,0,2,1,3,1,4,7,1,4,2,2,3,3,3,140,45,0,0,0,0,0,0,0,8,250000,12.429220196836384,3230,5,4,1,0,0,0,0,0,0,1,1,2.0,0,0,0,1,1,0,1,0,1,0,0,0,0,0,1,0,0,0,0,0,0,0,0,0,0,1,1,0,0,0,1,0,0,0,0,0,1,0,0,0,0,0,0,0,0,1,0,0,0,0,0,0,0,0,0,1,0,0,1,0,0,0,0,1,0,1,0,0,1,0,0,0,0,0,0,0,0,0,1,9.145908511816794,4.330733340286331
107,60.0,10800,4,4,3,4,7,0.0,3,3,2,3,1,1,0,1,0,641,641,4,1047,0,0,1047,0,0,1,0,2,1,3,7,0,0,1,1,2,2,1,0,0,0,0,0,0,0,0,450,8,100000,11.51293546492023,1688,122,12,1,0,1,0,0,0,0,1,1,1.0,0,0,0,1,1,0,0,0,1,0,0,0,1,0,0,0,0,0,0,0,0,0,0,0,1,1,0,0,0,0,1,0,0,0,0,0,0,1,0,0,0,0,0,0,0,1,0,0,0,0,0,0,0,0,0,1,0,0,0,1,0,0,0,0,0,1,0,0,1,0,0,1,0,0,0,1,0,0,1,9.287394001418473,4.110873864173311
108,50.0,6000,4,4,3,5,5,0.0,3,3,3,3,1,5,104,4,169,516,789,5,789,0,0,789,0,0,1,0,2,1,3,7,0,0,1,1,3,3,3,0,0,0,0,0,0,0,0,0,4,115000,11.652696102959752,1578,60,58,1,0,0,0,0,0,0,1,1,1.0,0,1,0,0,1,0,0,0,1,0,0,1,0,0,0,0,0,0,0,0,0,0,0,0,1,1,1,0,0,0,1,0,0,0,0,0,0,0,0,0,0,0,0,0,0,1,0,0,0,0,0,0,0,0,0,1,0,0,0,1,0,1,0,0,0,1,0,0,1,0,0,1,0,0,0,0,0,0,1,8.699681400989514,3.9318256327243257
109,85.0,8500,4,4,3,5,7,0.0,3,3,3,3,1,1,0,1,0,793,793,3,997,520,0,1517,0,0,2,0,3,1,2,7,0,0,0,0,0,0,1,0,0,144,0,0,0,0,0,0,8,115000,11.652696102959752,2454,88,2,1,0,0,0,0,1,0,1,0,1.5,0,0,0,1,1,0,0,1,0,0,0,0,0,1,0,0,0,0,0,0,0,0,0,0,1,1,1,0,0,0,0,0,0,0,0,0,0,0,0,1,0,0,0,0,0,0,0,0,0,1,0,0,0,0,0,0,0,0,0,1,0,1,0,0,0,0,1,0,0,0,0,0,1,0,0,0,0,0,1,9.04793908261736,4.454347296253507
110,105.0,11751,3,4,3,6,6,480.0,3,3,4,3,1,4,705,1,0,1139,1844,5,1844,0,0,1844,0,0,2,0,3,1,3,7,1,3,2,2,3,3,3,0,122,0,0,0,0,0,3,0,1,190000,12.154784614286667,3810,33,33,0,0,0,0,0,0,0,1,1,1.0,0,0,0,1,0,1,1,1,0,0,0,1,0,0,0,0,0,0,0,0,0,0,0,1,0,1,1,0,0,0,1,0,0,0,0,0,1,0,0,0,0,0,0,1,0,0,0,0,0,0,0,0,0,1,0,0,0,0,1,0,0,1,0,0,0,1,0,0,1,0,0,0,0,0,0,0,0,0,1,9.371778717853713,4.663439094112067
111,75.0,9525,4,4,3,6,4,0.0,3,3,3,2,1,3,444,1,0,550,994,4,1216,639,0,1855,0,0,2,0,4,1,3,7,0,0,1,1,3,3,3,182,0,0,0,0,0,0,0,0,10,136900,11.827013315851762,3031,52,34,1,0,0,0,0,0,0,1,1,1.5,0,0,0,1,1,1,1,0,0,0,0,0,0,1,0,0,0,0,0,0,0,0,0,1,0,1,1,0,0,0,1,0,0,0,0,0,0,0,0,0,0,0,0,0,0,0,1,0,0,0,0,0,0,0,0,0,1,0,0,1,0,1,0,0,0,1,0,0,1,0,0,0,0,0,0,0,0,0,1,9.161780181360806,4.330733340286331
112,70.04995836802665,7750,3,4,3,7,5,0.0,3,3,4,3,1,6,250,1,0,134,384,5,774,656,0,1430,0,0,2,1,3,1,3,7,1,3,3,2,3,3,3,180,0,0,0,0,0,0,0,0,4,180000,12.100717685412471,1994,10,10,0,0,0,0,0,0,0,1,1,1.5,1,0,0,1,0,0,0,1,0,0,0,0,0,0,0,0,0,1,0,0,0,0,0,1,0,1,1,0,0,0,1,0,0,0,0,0,0,0,0,0,0,0,0,0,0,1,0,0,0,0,0,0,0,0,0,1,0,0,0,1,0,0,0,1,0,1,0,0,1,0,1,0,0,0,0,0,0,0,1,8.955577146281511,4.2633832685897595
113,77.0,9965,4,4,3,7,5,220.0,4,3,5,3,3,6,984,1,0,280,1264,5,1282,1414,0,2696,1,0,2,1,4,1,5,7,1,4,3,3,3,3,3,120,184,0,0,168,0,0,0,0,10,383970,12.85832230788469,4432,0,0,0,0,0,0,0,0,0,1,1,2.0,0,1,0,0,1,0,1,0,0,0,0,0,0,0,1,0,0,0,0,0,0,0,0,1,0,1,1,0,0,0,1,0,0,0,0,0,0,0,0,0,0,0,0,0,0,1,0,0,0,0,0,0,0,0,0,1,0,0,0,0,1,0,0,1,0,1,0,0,1,0,1,0,0,0,0,0,0,0,1,9.20693457884135,4.356708826689592
114,70.04995836802665,21000,4,4,3,6,5,184.0,3,4,4,3,2,5,35,3,869,905,1809,3,2259,0,0,2259,1,0,2,0,3,1,4,7,2,4,1,2,3,3,3,166,120,192,0,0,0,0,3,0,10,217000,12.28765724080691,4546,54,54,0,0,0,1,0,0,0,1,1,1.0,0,0,1,0,0,1,1,0,0,0,0,1,0,0,0,0,0,0,0,0,0,0,0,1,0,1,1,0,0,0,0,0,0,0,0,0,1,0,0,0,0,0,0,0,0,0,1,0,0,0,0,0,0,0,0,0,1,0,1,0,0,1,0,0,0,1,0,0,1,1,0,0,0,0,0,0,0,0,0,9.952325334619427,4.2633832685897595
115,61.0,7259,3,4,2,6,8,0.0,3,3,3,3,1,5,774,2,150,104,1028,5,1436,884,0,2320,1,0,2,1,3,1,4,7,1,3,1,1,3,3,3,224,0,0,0,0,0,0,3,0,7,259500,12.466515835145202,3572,62,5,1,0,0,0,0,0,0,1,1,2.0,0,0,0,1,0,1,1,0,0,0,0,0,0,0,0,1,0,0,0,0,0,0,0,1,0,1,1,0,0,0,1,0,0,0,0,0,0,1,0,0,0,0,0,0,0,0,1,0,0,0,0,0,0,0,0,0,1,0,0,1,0,1,0,0,0,1,0,0,1,0,0,1,0,0,0,0,0,0,1,8.890135107818843,4.127134385045092
116,34.0,3230,4,4,3,6,5,1129.0,3,3,4,3,1,6,419,1,0,310,729,4,729,729,0,1458,0,0,2,1,2,1,3,7,1,2,1,2,3,3,3,0,32,0,0,0,0,0,0,0,6,176000,12.07824495582233,2219,8,8,0,0,0,0,0,0,0,1,1,2.0,0,0,0,1,1,0,1,0,1,1,0,0,0,0,0,0,0,0,0,0,0,0,0,0,0,1,0,1,0,0,0,0,0,0,0,1,0,0,0,0,0,1,0,0,0,0,0,0,0,0,0,1,0,0,0,0,0,0,1,0,0,0,0,1,0,1,0,0,1,0,0,1,0,0,0,0,0,0,1,8.080546965824498,3.5553480614894135
117,70.04995836802665,11616,4,4,3,5,5,116.0,3,3,3,3,1,2,170,4,670,252,1092,3,1092,0,0,1092,0,1,1,0,3,1,3,7,1,1,1,1,3,3,3,0,20,144,0,0,0,0,0,0,9,139000,11.842236406331557,2348,47,47,0,0,0,0,0,0,0,1,1,1.0,0,0,0,1,1,1,0,0,1,0,0,1,0,0,0,0,0,0,0,0,0,0,0,1,0,1,1,0,0,0,1,0,0,0,0,0,0,0,0,0,0,0,0,0,0,0,1,0,0,0,0,0,0,0,0,0,1,0,1,0,0,1,0,0,0,1,0,0,1,0,0,0,0,0,0,0,0,0,1,9.360224821513475,4.2633832685897595
118,74.0,8536,4,4,3,5,5,0.0,3,3,4,3,1,1,0,1,0,1125,1125,4,1125,0,0,1125,0,0,1,1,2,1,3,7,0,0,1,2,3,3,3,80,64,0,0,0,0,0,0,0,4,155000,11.951186847493476,2394,1,0,1,0,0,0,0,0,0,1,1,1.0,0,1,0,0,1,1,1,0,0,0,0,1,0,0,0,0,0,0,0,0,0,0,0,1,0,1,1,0,0,0,0,0,0,0,0,0,0,0,0,0,0,0,0,0,0,1,0,0,0,0,0,0,0,0,0,1,0,0,0,1,0,0,0,1,0,1,0,0,1,0,0,0,0,0,0,0,0,0,1,9.052164937010307,4.31748811353631
119,90.0,12376,4,4,3,7,5,0.0,3,3,4,3,2,6,1470,1,0,203,1673,4,1699,1523,0,3222,1,0,3,0,5,1,4,7,2,3,1,3,3,3,3,367,0,0,0,0,0,0,0,0,5,320000,12.676079399771028,5262,20,20,0,0,0,0,0,0,0,1,1,2.0,0,0,0,1,0,0,1,0,1,0,0,0,0,0,1,0,0,0,0,0,0,0,0,1,0,1,1,0,0,0,0,0,0,0,0,0,1,0,0,0,0,0,0,1,0,0,0,0,0,0,0,0,0,1,0,0,0,0,0,1,0,0,0,1,0,1,0,0,1,0,0,0,0,0,0,0,0,0,1,9.423595190540022,4.51085950651685
120,65.0,8461,4,4,3,6,5,0.0,4,3,4,3,1,1,0,1,0,728,728,5,728,728,0,1456,0,0,2,1,3,1,4,7,1,4,3,2,3,3,3,0,24,0,0,0,0,0,0,0,7,163990,12.0075668272517,2208,1,0,1,0,0,0,0,0,0,1,1,2.0,0,1,0,0,1,0,1,0,0,0,0,0,0,0,1,0,0,0,0,0,0,0,0,1,0,1,1,0,0,0,1,0,0,0,0,0,0,0,0,0,0,0,0,0,0,1,0,0,0,0,0,0,0,0,0,1,0,0,0,1,0,0,0,1,0,1,0,0,1,0,0,0,0,0,0,0,0,0,1,9.043340831280013,4.189654742026425
121,70.04995836802665,21453,3,4,1,6,5,0.0,3,3,3,3,4,5,938,1,0,0,938,5,988,0,0,988,1,0,1,0,1,1,3,7,2,3,1,2,3,3,3,0,130,0,130,0,0,0,0,0,10,180000,12.100717685412471,2186,37,37,0,0,0,1,0,0,0,0,1,1.5,1,0,0,1,0,0,1,0,0,0,0,0,0,0,0,0,0,1,0,0,0,0,0,1,0,1,1,0,1,0,0,0,0,0,0,0,0,1,0,0,0,0,0,1,0,0,0,0,0,0,0,0,0,1,0,0,0,0,0,1,0,1,0,0,0,1,0,0,1,0,0,0,0,0,0,0,0,1,0,9.973666387157374,4.2633832685897595
122,50.0,6060,4,4,3,4,5,0.0,3,3,3,3,1,1,0,1,0,732,732,4,772,351,0,1123,0,0,1,0,3,1,3,7,0,0,1,1,3,3,2,0,0,140,0,0,0,0,3,0,6,100000,11.51293546492023,1995,68,57,1,0,0,0,0,0,0,1,1,1.5,0,0,0,1,1,0,0,1,0,0,0,0,0,1,0,0,0,0,0,0,0,0,0,0,1,1,1,0,0,0,1,0,0,0,0,0,0,0,0,0,0,0,0,0,0,0,0,0,0,0,0,0,0,0,0,0,0,0,0,1,0,0,0,1,0,1,0,0,1,0,0,1,0,0,0,0,0,0,1,8.709630081951286,3.9318256327243257
123,75.0,9464,4,4,3,6,7,135.0,3,4,3,3,1,4,570,1,0,510,1080,4,1080,0,0,1080,0,0,1,0,3,1,3,7,0,0,1,1,3,3,3,0,0,0,0,130,0,0,0,0,6,136000,11.820417517632333,2290,50,50,0,0,0,0,0,0,0,1,1,1.0,0,0,0,1,0,0,1,1,0,0,0,1,0,0,0,0,0,0,0,0,0,0,0,1,0,1,1,0,0,0,0,0,0,0,0,0,1,0,0,0,0,1,0,0,0,0,0,0,0,0,0,1,0,0,0,0,0,0,1,0,0,1,0,0,0,1,0,0,1,0,0,0,0,0,0,0,0,0,1,9.155356063643422,4.330733340286331
124,55.0,7892,4,4,3,6,5,0.0,4,3,4,3,1,6,300,1,0,899,1199,5,1199,0,0,1199,0,0,2,0,2,1,4,7,0,0,2,2,3,3,3,0,63,0,0,0,0,0,0,0,3,153900,11.944064817531656,2461,15,15,0,0,0,0,0,0,0,1,1,1.0,0,0,0,1,0,0,1,0,1,0,0,0,0,0,0,0,0,0,0,0,0,0,0,1,0,1,1,0,0,0,1,0,0,0,0,1,0,0,0,0,0,0,0,1,0,0,0,0,0,0,0,0,0,1,0,0,0,0,0,1,0,0,0,1,0,1,0,0,1,0,0,0,0,0,0,0,0,0,1,8.973731569708402,4.02535169073515
125,48.0,17043,3,4,3,6,5,0.0,3,4,4,2,1,1,0,1,0,1362,1362,3,1586,0,0,1586,0,0,2,0,3,1,3,7,1,3,1,2,3,3,3,192,0,0,0,0,0,0,0,0,1,181000,12.10625783509458,3140,30,11,1,0,0,0,0,0,0,1,1,1.0,0,0,0,1,0,1,1,1,0,0,0,1,0,0,0,0,0,0,0,0,0,0,0,1,0,1,1,0,1,0,0,0,0,0,0,0,0,0,0,0,1,0,0,0,0,0,0,0,0,0,1,0,0,0,0,0,0,0,0,1,0,1,0,0,0,1,0,0,1,0,0,0,0,0,0,0,0,0,1,9.743553514619803,3.8918202981106265
126,60.0,6780,4,4,3,6,8,0.0,3,2,3,3,3,6,490,1,0,30,520,4,520,0,234,754,1,0,1,0,2,1,3,7,0,0,0,0,0,0,1,53,0,0,0,0,0,0,0,0,6,84500,11.344518647594766,1327,71,24,1,0,0,0,0,0,0,1,1,1.5,0,0,0,1,1,0,0,1,0,0,1,0,0,0,0,0,0,0,0,0,0,0,0,0,1,1,1,0,0,0,1,0,1,0,0,0,0,0,0,0,0,0,0,0,0,0,1,0,0,0,0,0,0,0,0,0,1,0,0,1,0,1,0,0,0,0,0,0,1,0,0,0,1,0,0,0,0,0,1,8.821879862683842,4.110873864173311
127,70.04995836802665,4928,3,4,3,6,5,0.0,3,3,4,3,1,5,120,1,0,958,1078,3,958,0,0,958,0,0,2,0,2,1,3,7,1,3,2,2,3,3,3,0,205,0,0,0,0,0,0,0,2,128000,11.759793355371237,2241,31,31,0,0,0,0,0,0,0,1,1,1.0,0,0,0,1,1,0,1,1,0,0,0,0,0,0,0,0,0,0,0,0,0,0,0,1,0,1,1,0,0,0,1,0,0,0,0,1,0,0,0,0,0,0,0,1,0,0,0,0,0,0,0,0,0,1,0,0,0,0,0,1,0,1,0,0,0,1,0,0,1,0,0,0,0,0,0,0,0,0,1,8.502891406705377,4.2633832685897595
128,55.0,4388,3,4,3,5,7,0.0,3,4,3,3,1,2,116,1,0,556,672,5,840,0,0,840,0,0,1,0,3,1,3,7,1,3,0,0,0,0,1,0,0,0,0,0,0,0,0,0,6,87000,11.373674891823535,1512,77,57,1,0,0,1,0,1,0,1,1,1.25,0,0,0,1,1,0,0,0,1,0,0,0,0,0,0,0,0,0,0,0,1,0,0,0,1,1,1,0,0,0,1,0,0,0,0,0,0,0,0,0,0,0,0,0,0,0,0,1,0,0,0,0,0,0,0,0,1,0,0,1,0,0,0,0,0,1,0,0,1,0,0,0,1,0,0,0,0,0,0,8.386856689688234,4.02535169073515
129,69.0,7590,4,4,3,6,5,266.0,3,3,3,3,1,4,512,1,0,148,660,3,660,688,0,1348,0,0,1,1,3,1,3,7,1,2,2,2,3,3,3,188,108,0,0,0,0,0,0,0,7,155000,11.951186847493476,2304,40,40,0,0,0,0,1,0,0,1,1,2.0,0,0,0,1,0,0,1,1,0,0,0,0,0,0,1,0,0,0,0,0,0,0,0,1,0,1,1,0,0,0,1,0,0,0,0,0,0,0,0,0,0,0,0,0,0,1,0,0,0,0,0,0,0,0,0,1,0,0,1,0,0,1,0,0,0,1,0,0,1,0,0,0,0,0,0,0,0,0,1,8.934718614016768,4.248495242049359
130,69.0,8973,4,4,3,5,7,85.0,3,3,3,3,1,3,567,4,28,413,1008,3,1053,0,0,1053,0,1,1,1,3,1,5,7,0,0,2,2,3,3,3,0,80,0,180,0,0,0,1,0,7,150000,11.918397239722838,2321,48,15,1,0,0,0,0,0,0,1,1,1.0,0,0,1,0,0,0,1,1,0,0,0,1,0,0,0,0,0,0,0,0,0,0,0,1,0,1,1,0,0,0,1,0,0,0,0,0,0,0,0,0,0,0,0,1,0,0,0,0,0,0,0,0,0,1,0,0,0,0,1,0,0,1,0,0,0,1,0,0,0,0,0,0,0,1,0,0,0,0,1,9.102086786535928,4.248495242049359
131,88.0,14200,4,4,3,7,6,309.0,3,3,3,3,1,3,445,1,0,479,924,5,1216,941,0,2157,0,0,2,1,4,1,4,7,2,4,3,2,3,3,3,105,66,0,0,0,0,0,4,0,5,226000,12.328294703023394,3252,40,40,0,0,0,0,0,0,0,1,1,2.0,0,0,0,1,0,0,1,1,0,0,0,0,0,0,1,0,0,0,0,0,0,0,0,1,0,1,1,0,0,0,0,0,0,0,0,0,0,0,0,0,0,1,0,0,0,0,0,0,0,0,0,1,0,0,0,0,0,0,1,0,0,1,0,0,0,1,0,0,1,0,0,0,0,0,0,0,0,0,1,9.561067663645012,4.48863636973214
132,70.04995836802665,12224,3,4,3,6,5,40.0,4,3,4,3,1,6,695,1,0,297,992,5,1022,1032,0,2054,1,0,2,1,3,1,4,7,1,3,2,2,3,3,3,24,48,0,0,0,0,0,0,0,7,244000,12.404927602627597,3118,9,9,0,0,0,0,0,0,0,1,1,2.0,0,0,0,1,0,0,0,1,0,0,0,0,0,0,1,0,0,0,0,0,0,0,0,1,0,1,1,0,0,0,0,0,0,0,0,0,0,0,0,0,0,0,0,0,0,1,0,0,0,0,0,0,0,0,0,1,0,0,1,0,0,0,0,1,0,1,0,0,1,0,1,0,0,0,0,0,0,0,1,9.411238314343073,4.2633832685897595
133,75.0,7388,4,4,3,5,6,0.0,3,3,3,3,1,3,405,1,0,658,1063,4,1327,0,0,1327,1,0,1,0,3,1,4,7,0,0,1,2,3,3,3,0,0,0,0,0,0,0,0,0,7,150750,11.9233847480666,2390,48,5,1,0,0,0,0,0,0,1,1,1.0,0,0,0,1,0,0,1,1,0,0,0,1,0,0,0,0,0,0,0,0,0,0,0,1,0,1,1,0,0,0,0,0,0,0,0,0,0,0,0,0,0,1,0,0,0,0,0,0,0,0,0,1,0,0,0,0,0,0,0,1,0,1,0,0,0,1,0,0,1,0,0,1,0,0,0,0,0,0,1,8.907747686788648,4.330733340286331
134,70.04995836802665,6853,3,4,3,8,5,136.0,4,3,5,3,1,6,1005,1,0,262,1267,5,1296,0,0,1296,1,0,2,0,2,1,4,7,0,0,3,2,3,3,3,192,25,0,0,0,0,0,0,0,6,220000,12.301387370778713,2780,8,7,1,0,0,0,0,0,0,1,1,1.0,0,0,0,1,1,1,1,0,1,0,0,1,0,0,0,0,0,0,0,0,0,0,0,1,0,1,1,0,0,0,1,0,0,0,0,0,0,0,0,0,0,0,0,0,0,1,0,0,0,0,0,0,0,0,0,1,0,0,1,0,0,0,0,1,0,1,0,0,1,0,0,0,0,0,0,0,0,0,1,8.832587702434553,4.2633832685897595
135,78.0,10335,3,4,3,5,6,0.0,3,3,3,3,1,3,570,1,0,891,1461,4,1721,0,0,1721,0,0,2,1,3,1,3,6,1,3,2,2,3,3,3,0,96,180,0,0,0,0,3,0,7,180000,12.100717685412471,3458,38,13,1,0,0,0,0,0,0,1,1,1.0,0,0,0,1,1,1,0,0,1,0,0,1,0,0,0,0,0,0,0,0,0,0,0,1,0,1,1,0,0,0,1,0,0,0,0,0,0,0,0,0,0,0,0,1,0,0,0,0,0,0,0,0,0,1,0,0,0,0,0,1,0,1,0,0,0,1,0,0,1,0,0,0,0,0,0,0,0,0,1,9.243388226022383,4.3694478524670215
136,80.0,10400,4,4,3,7,6,288.0,3,3,3,3,1,1,0,1,0,1304,1304,4,1682,0,0,1682,0,0,2,0,3,1,3,7,1,4,1,2,3,3,3,98,0,0,0,0,0,0,3,0,5,174000,12.066816325306588,3084,38,38,0,0,0,0,0,0,0,1,1,1.0,0,0,0,1,0,1,1,1,0,0,0,1,0,0,0,0,0,0,0,0,0,0,0,1,0,1,1,0,0,0,1,0,0,0,0,0,1,0,0,0,0,0,0,1,0,0,0,0,0,0,0,0,0,1,0,0,0,0,1,0,0,0,0,1,0,1,0,0,1,0,0,0,0,0,0,0,0,0,1,9.249657234353133,4.394449154672439
137,70.04995836802665,10355,3,4,3,5,5,196.0,3,3,3,3,1,4,695,1,0,519,1214,3,1214,0,0,1214,0,0,2,0,3,1,3,7,1,2,2,1,3,3,3,0,111,0,0,0,0,0,0,0,7,143000,11.870606902224589,2539,40,40,0,0,0,0,0,0,0,1,1,1.0,0,0,0,1,0,0,1,1,0,0,0,1,0,0,0,0,0,0,0,0,0,0,0,1,0,1,1,0,0,0,0,0,0,0,0,0,0,0,0,0,0,1,0,0,0,0,0,0,0,0,0,1,0,0,0,0,0,0,1,0,0,1,0,0,0,1,0,0,1,0,0,0,0,0,0,0,0,0,1,9.245321340871428,4.2633832685897595
138,82.0,11070,4,4,3,7,5,70.0,3,3,3,3,1,1,0,1,0,1907,1907,4,1959,0,0,1959,0,0,3,0,5,2,3,7,0,0,1,3,3,3,3,0,0,0,0,0,0,0,0,0,7,171000,12.049424683420916,3866,18,17,1,0,0,0,0,0,0,1,1,1.0,0,0,0,0,1,1,0,1,0,0,0,0,0,0,0,0,0,0,0,1,0,0,0,1,0,1,1,0,0,0,1,0,0,1,0,0,0,0,0,0,0,0,0,0,0,1,0,0,0,0,0,0,0,0,0,1,0,0,1,0,0,1,0,0,0,1,0,0,1,0,0,0,0,1,0,0,0,0,1,9.312084355859467,4.418840607796598
139,73.0,9066,3,4,3,8,5,320.0,4,3,4,3,2,6,668,1,0,336,1004,5,1004,848,0,1852,0,0,2,1,3,1,4,7,2,3,3,3,3,3,3,224,106,0,0,0,0,0,4,0,12,230000,12.345838935721968,3186,9,8,1,0,0,0,0,0,0,1,1,2.0,0,0,0,1,1,0,1,0,0,0,0,0,0,0,1,0,0,0,0,0,0,0,0,1,0,1,1,0,0,0,1,0,0,0,0,0,0,0,0,0,0,0,0,0,0,1,0,0,0,0,0,0,0,0,0,1,0,0,1,0,0,0,0,1,0,1,0,0,1,0,0,0,0,0,0,0,0,0,1,9.112396727646056,4.30406509320417
140,65.0,15426,3,4,3,6,5,0.0,3,3,4,3,1,6,821,1,0,107,928,5,928,836,0,1764,1,0,2,1,3,1,4,7,0,0,2,2,3,3,3,276,99,0,0,0,0,0,3,0,8,231500,12.352339472153524,3067,12,12,0,0,0,0,0,0,0,1,1,2.0,0,0,0,1,1,0,1,0,0,0,0,0,0,0,1,0,0,0,0,0,0,0,0,1,0,1,1,0,0,0,1,0,0,0,0,0,0,0,0,0,0,0,0,0,0,1,0,0,0,0,0,0,0,0,0,1,0,0,0,1,0,0,0,1,0,1,0,0,1,0,0,0,0,0,0,0,0,0,1,9.64387450001194,4.189654742026425
141,70.0,10500,4,4,3,4,5,0.0,3,3,3,3,1,5,432,1,0,432,864,3,864,0,0,864,0,0,1,0,3,1,3,7,1,1,0,0,0,0,3,0,0,0,0,0,0,0,0,0,4,115000,11.652696102959752,1728,39,39,0,0,0,0,0,0,0,1,1,1.0,0,0,0,1,0,0,1,1,0,0,0,1,0,0,0,0,0,0,0,0,0,0,0,1,0,1,1,0,0,1,0,0,0,0,0,0,0,0,0,0,1,0,0,0,0,0,0,0,0,0,1,0,0,0,0,0,0,0,0,1,0,1,0,0,0,1,0,0,1,0,0,0,1,0,0,0,0,0,1,9.259225769705994,4.2626798770413155
142,78.0,11645,4,4,3,7,5,0.0,4,3,4,3,3,6,1300,1,0,434,1734,5,1734,0,0,1734,1,0,2,0,3,1,4,7,0,0,3,2,3,3,3,160,24,0,0,0,0,0,0,0,1,260000,12.468440756144114,3652,1,1,0,0,0,0,0,0,0,1,1,1.0,0,0,0,1,1,0,1,0,0,0,0,1,0,0,0,0,0,0,0,0,0,0,0,1,0,1,1,0,0,0,1,0,0,0,0,0,0,0,0,0,0,0,0,0,0,1,0,0,0,0,0,0,0,0,0,1,0,0,0,1,0,0,0,1,0,1,0,0,1,0,0,0,0,0,0,0,0,0,1,9.362718052397065,4.3694478524670215
143,71.0,8520,4,4,3,5,4,0.0,3,2,3,3,1,3,507,1,0,403,910,2,910,475,0,1385,0,0,2,0,4,1,3,7,0,0,1,2,3,3,3,0,0,0,0,0,0,0,3,0,6,166000,12.01974909141692,2295,58,58,0,0,0,0,0,1,0,1,1,1.5,0,0,0,1,0,0,1,1,0,0,0,0,0,1,0,0,0,0,0,0,0,0,0,1,0,1,1,0,0,0,0,0,0,0,0,0,0,0,1,0,0,0,0,0,0,0,0,0,0,0,0,0,0,0,0,0,1,0,0,1,0,1,0,0,0,1,0,0,1,0,0,1,0,0,0,0,0,0,1,9.050288983827956,4.276666119016055
144,78.0,10335,3,4,3,7,5,183.0,4,3,4,3,4,6,679,1,0,811,1490,5,1501,0,0,1501,1,0,2,0,3,1,4,7,0,0,2,2,3,3,3,144,29,0,0,0,0,0,0,0,6,204000,12.225880174775122,3164,10,10,0,0,0,0,0,0,0,1,1,1.0,0,0,0,1,1,0,1,0,0,0,0,1,0,0,0,0,0,0,0,0,0,0,0,1,0,1,1,0,0,0,1,0,0,0,0,0,0,0,0,0,0,0,0,0,0,1,0,0,0,0,0,0,0,0,0,1,0,0,1,0,0,0,0,1,0,1,0,0,1,0,0,0,0,0,0,0,0,0,1,9.243388226022383,4.3694478524670215
145,70.0,9100,4,4,3,5,5,336.0,3,3,3,3,1,3,1332,1,0,396,1728,3,1728,0,0,1728,1,0,2,0,6,2,3,7,0,0,1,2,3,3,3,0,0,0,0,0,0,0,0,0,11,125000,11.736077016252436,3456,43,43,0,0,0,0,0,0,1,1,1,1.0,0,0,1,0,1,1,0,0,1,0,0,0,0,0,0,0,0,0,0,1,0,0,0,0,1,1,1,0,0,0,1,0,0,1,0,0,0,0,0,0,1,0,0,0,0,0,0,0,0,0,1,0,0,0,0,0,0,0,1,0,0,1,0,0,0,1,0,0,1,0,0,1,0,0,0,0,0,0,1,9.116139576577355,4.2626798770413155
146,24.0,2522,4,4,3,6,5,50.0,4,3,4,3,1,1,0,1,0,970,970,5,970,739,0,1709,0,0,2,0,3,1,4,3,0,0,1,2,3,3,3,0,40,0,0,0,0,0,0,0,4,130000,11.775297421715829,2719,2,0,1,0,0,0,0,0,0,1,1,2.0,0,0,0,1,1,1,1,0,0,1,0,0,0,0,0,0,0,0,0,0,0,0,0,0,1,1,1,0,0,0,1,0,0,0,1,0,0,0,0,0,0,0,0,0,0,1,0,0,0,0,0,0,0,0,0,1,0,0,0,0,1,0,0,1,0,1,0,0,1,0,0,1,0,0,0,0,0,0,1,7.833203948641057,3.2188758248682006
147,51.0,6120,4,4,3,5,7,0.0,3,3,3,3,1,4,209,1,0,506,715,3,875,0,0,875,1,0,1,0,2,1,3,7,0,0,1,1,2,3,3,48,0,0,0,0,0,0,0,0,11,105000,11.561725152903833,1638,78,16,1,0,0,0,0,0,0,1,1,1.0,0,0,0,1,1,1,0,0,0,0,0,0,1,0,0,0,0,0,0,0,0,0,0,0,1,1,1,0,0,0,0,0,0,0,0,0,0,0,0,0,0,0,0,0,0,0,1,0,0,0,0,0,0,0,0,0,1,0,0,1,0,0,0,0,0,1,0,0,0,0,0,1,0,0,0,0,0,0,1,8.71948076085107,3.9512437185814275
148,70.04995836802665,9505,3,4,3,7,5,180.0,4,3,4,3,1,1,0,1,0,884,884,5,884,1151,0,2035,0,0,2,1,3,1,4,7,1,4,3,2,3,3,3,144,48,0,0,0,0,0,0,0,5,222500,12.312686874960354,3111,9,9,0,0,0,0,0,0,0,1,1,2.0,0,0,0,1,0,0,0,1,0,0,0,0,0,0,1,0,0,0,0,0,0,0,0,1,0,1,1,0,1,0,0,0,0,0,0,0,0,0,0,0,0,0,0,0,0,1,0,0,0,0,0,0,0,0,0,1,0,0,1,0,0,0,0,1,0,1,0,0,1,0,1,0,0,0,0,0,0,0,1,9.159678457173955,4.2633832685897595
149,63.0,7500,4,4,3,7,5,120.0,3,3,4,3,1,6,680,1,0,400,1080,5,1080,0,0,1080,1,0,1,0,3,1,4,7,0,0,0,0,0,0,3,0,0,0,0,0,0,0,0,0,4,141000,11.856522261533735,2160,4,3,1,0,0,0,0,0,0,1,1,1.0,0,0,0,1,0,0,1,0,1,0,0,1,0,0,0,0,0,0,0,0,0,0,0,1,0,1,1,0,0,0,1,0,0,0,0,0,0,0,0,0,0,0,0,0,0,1,0,0,0,0,0,0,0,0,0,1,0,0,1,0,0,0,0,1,0,1,0,0,1,0,0,0,1,0,0,0,0,0,1,8.922791623969637,4.1588830833596715
150,70.04995836802665,6240,4,4,3,5,4,0.0,3,3,4,3,1,1,0,1,0,896,896,4,896,448,0,1344,0,0,1,0,3,1,3,7,0,0,1,1,2,3,3,200,114,0,0,0,0,0,0,0,4,115000,11.652696102959752,2554,70,56,1,0,0,0,0,0,0,1,1,1.5,0,0,0,1,1,1,0,0,0,0,0,0,0,1,0,0,0,0,0,0,0,0,0,0,1,1,1,0,0,0,1,0,0,0,0,0,0,0,0,0,0,1,0,0,0,0,0,0,0,0,0,1,0,0,0,0,0,0,0,1,0,0,0,0,0,1,0,0,0,0,0,1,0,0,0,0,0,0,1,8.738895704934043,4.2633832685897595
151,120.0,10356,4,4,3,5,6,0.0,3,3,3,3,3,4,716,1,0,253,969,3,969,0,0,969,0,0,1,1,3,1,3,7,0,0,1,2,3,3,3,0,0,0,0,0,0,0,3,0,1,122000,11.711784520403112,1938,32,32,0,0,0,0,0,0,0,1,1,1.0,0,0,0,1,1,0,1,0,0,0,0,1,0,0,0,0,0,0,0,0,0,0,0,1,0,1,1,0,0,0,0,0,0,0,0,0,0,0,0,0,1,0,0,0,0,0,0,0,0,0,1,0,0,0,0,0,0,0,0,1,0,1,0,0,0,1,0,0,1,0,0,0,0,0,0,0,0,0,1,9.24541789858888,4.795790545596741
152,107.0,13891,4,4,3,8,5,436.0,4,3,5,3,4,6,1400,1,0,310,1710,5,1710,0,0,1710,1,0,2,0,2,1,4,7,1,4,2,3,3,3,3,0,102,0,0,0,0,0,0,0,1,372402,12.82773188020652,3522,1,0,1,0,0,0,0,0,0,1,1,1.0,0,1,0,0,0,0,0,0,1,0,0,1,0,0,0,0,0,0,0,0,0,0,0,1,0,1,1,0,0,0,1,0,0,0,0,0,1,0,0,0,0,0,0,0,0,1,0,0,0,0,0,0,0,0,0,1,0,0,0,0,1,0,0,1,0,1,0,0,1,0,0,0,0,0,0,0,0,0,1,9.539068413863964,4.68213122712422
153,70.04995836802665,14803,3,4,3,6,5,252.0,3,3,3,3,1,3,416,1,0,409,825,4,1097,896,0,1993,0,0,2,1,4,1,3,7,1,4,2,2,3,3,3,0,66,0,0,0,0,0,2,0,6,190000,12.154784614286667,2884,35,35,0,0,0,0,0,0,0,1,1,2.0,0,0,0,1,0,1,1,1,0,0,0,0,0,0,1,0,0,0,0,0,0,0,0,1,0,1,1,0,1,0,0,0,0,0,0,0,0,0,0,0,1,0,0,0,0,0,0,0,0,0,1,0,0,0,0,0,0,0,1,0,0,1,0,0,0,1,0,0,1,0,0,0,0,0,0,0,0,0,1,9.602652693506046,4.2633832685897595
154,70.04995836802665,13500,4,4,3,6,7,0.0,3,3,4,3,4,4,429,5,1080,93,1602,4,1252,0,0,1252,1,0,1,0,1,1,3,7,1,4,2,2,3,3,3,409,0,0,0,0,0,0,0,0,3,235000,12.367345048436391,3263,48,33,1,0,0,0,0,0,0,1,1,1.0,0,0,0,1,0,0,1,0,0,0,0,1,0,0,0,0,0,0,0,0,0,0,0,1,0,1,1,0,0,0,1,0,0,0,0,0,0,1,1,0,0,0,0,0,0,0,0,0,0,0,0,0,0,1,0,0,0,0,0,1,0,1,0,0,0,1,0,0,1,0,0,0,0,0,0,0,0,0,1,9.510519035757246,4.2633832685897595
155,84.0,11340,4,4,3,6,5,0.0,3,3,3,3,1,1,0,1,0,1200,1200,3,1200,0,0,1200,0,0,1,0,4,1,3,7,0,0,1,1,2,2,3,0,0,228,0,0,0,0,0,0,3,125000,11.736077016252436,2628,83,56,1,0,0,0,0,0,0,1,1,1.0,0,0,0,0,1,0,0,0,1,0,0,0,1,0,0,0,0,0,0,0,0,0,0,0,1,1,1,0,0,0,0,0,0,0,0,0,0,0,0,0,0,0,0,0,0,0,1,0,0,0,0,0,0,0,0,0,1,0,0,1,0,0,0,0,0,1,0,0,0,0,0,1,0,0,0,0,0,0,1,9.33617975681533,4.442651256490317
156,60.0,9600,4,4,3,6,5,0.0,3,3,3,3,1,1,0,1,0,572,572,2,572,524,0,1096,0,0,1,0,2,1,3,7,0,0,0,0,0,0,1,0,8,128,0,0,0,0,0,0,4,79000,11.277215789596893,1804,84,58,1,0,0,0,0,1,0,1,0,1.5,0,0,0,1,1,1,1,0,0,0,0,0,0,1,0,0,0,0,0,0,0,0,0,1,0,1,1,0,0,0,0,0,0,0,0,0,0,0,0,0,0,0,0,0,0,0,1,0,0,0,0,0,0,0,0,0,1,0,0,1,0,0,0,0,0,0,1,0,0,0,0,0,1,0,0,0,0,0,1,9.169622538697624,4.110873864173311
157,60.0,7200,4,4,3,5,7,0.0,3,3,0,0,0,0,0,0,0,0,0,3,1040,0,0,1040,0,0,1,0,2,1,3,7,0,0,1,2,3,3,3,0,0,0,0,0,0,0,0,0,6,109500,11.603688960617085,1040,56,56,0,0,0,0,0,0,0,1,1,1.0,0,0,0,1,0,0,1,1,0,0,0,1,0,0,0,0,0,0,0,0,0,0,0,1,0,1,1,0,0,0,1,0,0,0,0,0,1,0,0,0,0,0,0,0,0,0,1,0,0,0,0,0,0,0,0,0,1,0,0,1,0,1,0,0,0,1,1,0,0,0,0,1,0,0,0,0,0,0,1,8.881975184248867,4.110873864173311
158,92.0,12003,4,4,3,8,5,84.0,4,3,5,3,1,1,0,1,0,774,774,5,774,1194,0,1968,0,0,2,1,4,1,5,7,1,4,3,3,3,3,3,0,75,0,0,0,0,0,0,0,5,269500,12.504327379899443,2817,1,0,1,0,0,0,0,0,0,1,1,2.0,0,1,0,0,1,1,1,0,1,0,0,0,0,0,1,0,0,0,0,0,0,0,0,1,0,1,1,0,0,0,0,0,0,0,0,0,0,0,0,0,0,0,0,0,0,1,0,0,0,0,0,0,0,0,0,1,0,0,1,0,0,0,0,1,0,1,0,0,1,0,1,0,0,0,0,0,0,0,1,9.392995206560258,4.532599493153256
159,100.0,12552,4,4,3,7,5,0.0,4,3,4,3,1,6,222,1,0,769,991,5,991,956,0,1947,0,0,2,1,3,1,4,7,1,4,2,2,3,3,3,0,136,0,0,0,0,0,2,0,5,254900,12.448630513463613,3074,6,5,1,0,0,0,0,0,0,1,1,2.0,0,0,0,1,1,0,1,0,1,0,0,0,0,0,1,0,0,0,0,0,0,0,0,0,0,1,1,0,0,0,0,0,0,0,0,0,0,0,0,0,0,0,0,0,0,1,0,0,0,0,0,0,0,0,0,1,0,0,0,1,0,0,0,1,0,1,0,0,1,0,0,0,0,0,0,0,0,0,1,9.437714959818209,4.61512051684126
160,134.0,19378,3,4,3,7,5,456.0,4,3,4,3,2,6,57,1,0,1335,1392,5,1392,1070,0,2462,1,0,2,1,4,1,4,7,1,4,2,2,3,3,3,239,132,0,168,0,0,0,0,0,3,320000,12.676079399771028,4393,1,0,1,0,0,1,0,0,0,1,1,2.0,0,1,0,0,0,0,0,1,0,0,0,0,0,0,1,0,0,0,0,0,0,0,0,1,0,1,1,0,0,0,0,0,0,0,0,0,0,0,0,0,0,0,0,0,0,1,0,0,0,0,0,0,0,0,0,1,0,0,1,0,0,0,0,1,0,1,0,0,1,0,0,0,0,0,0,0,1,0,0,9.87194528452625,4.90527477843843
161,70.04995836802665,11120,3,4,3,6,6,0.0,3,3,4,3,1,4,660,1,0,572,1232,3,1232,0,0,1232,0,0,2,0,3,1,3,7,0,0,1,2,3,3,3,0,0,0,0,0,0,0,0,0,6,162500,11.998439434579147,2464,24,24,0,0,0,0,0,0,0,1,1,1.0,0,0,0,1,0,0,0,1,1,0,0,1,0,0,0,0,0,0,0,0,0,0,0,1,0,1,1,0,1,0,0,0,0,0,0,0,0,0,0,0,0,0,0,1,0,0,0,0,0,0,0,0,0,1,0,0,0,0,0,1,0,0,0,1,0,1,0,0,1,0,0,0,0,0,0,0,0,0,1,9.316590491818841,4.2633832685897595
162,110.0,13688,3,4,3,9,5,664.0,4,3,5,3,3,6,1016,1,0,556,1572,5,1572,1096,0,2668,1,0,2,1,3,1,5,7,2,4,3,3,3,3,3,400,0,0,0,0,0,0,0,0,3,412500,12.92999390899636,4640,5,4,1,0,0,0,0,0,0,1,1,2.0,0,0,0,1,0,0,0,0,1,0,0,0,0,0,1,0,0,0,0,0,0,0,0,1,0,1,1,0,0,0,1,0,0,0,0,0,0,0,0,0,0,0,0,0,0,1,0,0,0,0,0,0,0,0,0,1,0,0,1,0,0,0,0,1,0,1,0,0,1,0,1,0,0,0,0,0,0,0,1,9.524347869595513,4.709530201312334
163,95.0,12182,4,4,3,7,5,226.0,4,3,4,3,2,4,1201,1,0,340,1541,5,1541,0,0,1541,0,0,2,0,3,1,4,7,1,4,2,2,3,3,3,0,70,0,0,0,0,0,0,0,5,220000,12.301387370778713,3152,5,5,0,0,0,0,0,0,0,1,1,1.0,0,1,0,0,0,0,0,0,1,0,0,1,0,0,0,0,0,0,0,0,0,0,0,1,0,1,1,0,0,0,0,0,0,0,0,0,0,0,0,0,0,0,0,0,0,1,0,0,0,0,0,0,0,0,0,1,0,0,1,0,0,0,0,1,0,1,0,0,1,0,0,0,0,0,0,0,0,0,1,9.407796816354407,4.564348191467836
164,55.0,5500,4,4,3,4,6,0.0,3,3,3,3,1,1,0,1,0,882,882,5,882,0,0,882,0,0,1,0,1,1,3,7,0,0,0,0,0,0,3,0,0,0,0,0,0,0,3,0,4,103200,11.544433821905134,1764,51,51,0,0,0,0,0,0,0,1,1,1.25,0,0,0,1,1,0,0,0,1,0,0,0,0,0,0,0,0,0,0,0,1,0,0,1,0,1,1,0,0,0,1,0,0,0,0,0,0,0,0,0,0,1,0,0,0,0,0,0,0,0,0,1,0,0,0,0,0,0,0,1,0,1,0,0,0,1,0,0,1,0,0,0,1,0,0,0,0,0,1,8.612685172875459,4.02535169073515
165,40.0,5400,4,4,3,6,7,0.0,3,4,3,3,2,2,370,1,0,779,1149,4,1149,467,0,1616,0,0,2,0,3,1,4,7,0,0,1,1,3,3,3,0,0,183,0,0,0,0,0,0,10,152000,11.93164237875414,2948,81,3,1,0,0,0,0,0,0,1,1,1.0,0,0,0,1,1,0,0,0,1,0,0,0,0,0,0,0,0,0,0,0,1,0,0,0,1,1,0,1,0,0,0,0,0,0,0,0,0,0,0,0,0,1,0,0,0,0,0,0,0,0,0,1,0,0,0,0,0,0,0,1,0,0,0,0,0,1,0,0,0,0,0,1,0,0,0,0,0,0,1,8.594339400592892,3.713572066704308
166,62.0,10106,4,4,3,5,7,0.0,3,4,3,3,1,5,351,3,181,112,644,4,808,547,0,1355,1,0,2,0,4,2,3,7,0,0,0,0,0,0,3,140,0,0,0,0,0,0,0,0,9,127500,11.755879486687116,2139,68,9,1,0,0,0,0,0,0,1,1,1.5,0,0,0,1,1,1,1,0,0,0,1,0,0,0,0,0,0,0,0,0,0,0,0,1,0,1,1,0,0,0,1,0,1,0,0,0,0,0,0,0,0,0,0,0,0,0,1,0,0,0,0,0,0,0,0,0,1,0,0,1,0,0,0,0,0,1,0,0,1,0,0,0,1,0,0,0,0,0,1,9.220983532074662,4.143134726391533
167,70.04995836802665,10708,3,4,3,5,5,0.0,4,3,3,3,1,2,379,4,768,470,1617,5,1867,0,0,1867,1,0,1,0,2,1,3,7,3,4,3,1,3,3,3,476,0,0,0,142,0,0,2,0,11,190000,12.154784614286667,4102,54,16,1,0,0,0,0,0,0,1,1,1.0,0,0,0,1,0,0,1,0,0,0,0,1,0,0,0,0,0,0,0,0,0,0,0,1,0,1,1,0,0,0,1,0,0,0,0,0,1,0,0,0,0,0,0,0,0,0,1,0,0,0,0,0,0,0,0,0,1,0,0,1,0,1,0,0,0,1,0,0,0,0,0,0,0,0,0,0,0,0,1,9.278839788400875,4.2633832685897595
168,86.0,10562,4,4,3,8,5,300.0,4,3,5,3,1,6,1288,1,0,294,1582,5,1610,551,0,2161,1,0,1,1,3,1,5,7,1,4,3,3,3,3,3,178,120,0,0,0,0,0,0,0,11,325624,12.693501691489768,4041,0,0,0,0,0,0,0,0,0,1,1,2.0,0,1,0,0,0,0,0,0,1,0,0,0,0,0,1,0,0,0,0,0,0,0,0,1,0,1,1,0,0,0,1,0,0,0,0,0,0,0,0,0,0,0,0,0,0,1,0,0,0,0,0,0,0,0,0,1,0,0,0,0,1,0,0,1,0,1,0,0,1,0,0,0,0,0,0,0,0,0,1,9.265112607823163,4.465908118654584
169,62.0,8244,3,4,3,7,5,0.0,4,3,4,3,1,1,0,1,0,840,840,5,840,880,0,1720,0,0,2,1,3,1,4,7,1,4,3,2,3,3,3,100,48,0,0,0,0,0,0,0,5,183500,12.119975396053194,2708,3,3,0,0,0,0,0,0,0,1,1,2.0,0,0,0,1,0,0,0,1,0,0,0,0,0,0,1,0,0,0,0,0,0,0,0,1,0,1,1,0,0,0,1,0,0,0,0,0,0,0,0,0,0,0,0,0,0,1,0,0,0,0,0,0,0,0,0,1,0,0,0,1,0,0,0,1,0,1,0,0,1,0,0,0,0,0,0,0,0,0,1,9.0173622349937,4.143134726391533
170,70.04995836802665,16669,3,4,3,8,6,653.0,4,3,4,3,1,1,0,1,0,1686,1686,3,1707,0,0,1707,0,0,2,1,2,1,3,7,1,3,2,2,3,3,3,574,64,0,0,0,0,0,0,0,1,228000,12.337105293891872,4031,25,25,0,0,0,0,0,0,0,0,1,1.0,0,0,0,1,1,1,1,0,1,0,0,1,0,0,0,0,0,0,0,0,0,0,0,1,0,1,1,0,0,0,0,0,0,0,0,0,1,0,0,0,0,0,0,1,0,0,0,0,0,0,0,0,0,1,0,0,0,0,1,0,0,1,0,0,0,1,0,0,1,0,0,0,0,0,0,0,0,0,1,9.72136597574484,4.2633832685897595
171,70.04995836802665,12358,3,4,3,5,6,0.0,3,3,3,3,1,3,360,1,0,360,720,3,854,0,528,1382,0,0,1,1,2,1,3,7,0,0,1,2,3,3,3,237,0,0,0,0,0,0,0,0,5,128500,11.7636919653883,2339,66,57,1,0,0,0,0,1,0,1,1,1.5,0,0,0,1,1,0,0,0,1,0,0,0,0,1,0,0,0,0,0,0,0,0,0,0,1,1,1,0,0,0,1,0,0,0,0,0,0,0,0,0,0,1,0,0,0,0,0,0,0,0,0,1,0,0,0,0,0,0,0,1,0,1,0,0,0,1,0,0,1,0,0,1,0,0,0,0,0,0,1,9.422139821589736,4.2633832685897595
172,141.0,31770,3,4,3,6,5,112.0,3,3,3,4,4,4,639,1,0,441,1080,2,1656,0,0,1656,1,0,1,0,3,1,3,7,2,4,3,2,3,3,2,210,62,0,0,0,0,0,0,0,5,215000,12.278397958261774,3008,50,50,0,0,0,0,0,0,0,1,1,1.0,0,0,0,1,0,0,1,1,0,0,0,1,0,0,0,0,0,0,0,0,0,0,0,1,0,1,1,0,0,0,0,0,0,0,0,0,1,0,1,0,0,0,0,0,0,0,0,0,0,0,0,0,0,1,0,0,0,0,0,0,1,1,0,0,0,1,0,0,1,0,0,0,0,0,0,0,0,0,1,10.366309203003638,4.955827057601261
173,44.0,5306,3,4,3,7,7,0.0,4,4,4,4,1,6,495,3,215,354,1064,4,1064,703,0,1767,1,0,2,0,2,1,4,7,1,3,2,2,4,3,3,441,35,0,0,0,0,0,0,0,6,239000,12.384223015005311,3307,19,19,0,0,0,0,0,0,0,1,1,2.0,0,0,0,1,0,1,1,0,1,1,0,0,0,0,0,0,0,0,0,0,0,0,0,1,0,1,1,0,0,0,1,0,0,0,0,1,0,0,0,0,1,0,0,0,0,0,0,0,0,0,1,0,0,0,0,0,0,0,0,1,0,0,0,1,0,1,0,0,1,0,0,0,0,0,0,0,0,0,1,8.576781982827894,3.8066624897703196
174,80.0,10197,3,4,3,6,5,491.0,3,3,3,3,1,5,288,3,374,700,1362,3,1362,0,0,1362,1,0,1,1,3,1,3,7,1,3,1,2,3,3,3,0,20,0,0,0,0,0,0,0,6,163000,12.001511614739403,2744,47,47,0,0,0,0,0,0,0,1,1,1.0,0,0,0,1,0,0,1,1,0,0,0,1,0,0,0,0,0,0,0,0,0,0,0,1,0,1,1,0,0,0,1,0,0,0,0,0,0,0,0,0,0,0,0,0,0,0,0,1,0,0,0,0,0,0,0,0,0,1,0,0,0,1,0,0,0,1,0,0,1,0,0,0,0,0,0,0,0,0,1,9.2299469016151,4.394449154672439
175,47.0,12416,3,4,3,6,5,132.0,3,3,4,2,1,5,1398,2,208,0,1606,3,1651,0,0,1651,1,0,2,0,3,1,3,5,1,3,3,2,3,3,3,192,0,0,0,0,0,0,0,0,11,184000,12.122696471358964,3449,22,22,0,0,0,0,0,0,0,1,1,1.0,0,0,0,1,1,1,1,0,1,0,0,1,0,0,0,0,0,0,0,0,0,0,0,1,0,1,1,0,0,0,1,0,0,0,0,0,0,0,0,0,0,0,0,0,0,1,0,0,0,0,0,0,0,1,0,0,0,0,0,0,1,1,0,0,0,1,0,0,1,0,0,0,0,0,0,0,0,0,1,9.426821780416843,3.871201010907891
176,84.0,12615,4,4,3,6,7,0.0,3,3,3,4,3,5,477,1,0,725,1202,3,2158,0,0,2158,1,0,2,0,4,1,4,7,1,4,1,2,3,3,3,0,29,39,0,0,0,0,3,0,6,243000,12.400820837540556,3428,57,6,1,0,0,0,0,0,0,1,1,1.0,0,0,0,1,1,1,1,0,0,0,0,1,0,0,0,0,0,0,0,0,0,0,0,1,0,1,1,0,0,0,0,0,0,0,0,0,0,0,0,0,0,0,0,0,0,0,0,1,0,0,0,0,0,0,0,0,0,1,0,1,0,1,0,0,0,1,0,0,1,0,0,0,0,0,0,0,0,0,1,9.442721128642875,4.442651256490317
177,97.0,10029,3,4,3,6,5,268.0,4,3,4,3,1,6,831,1,0,320,1151,3,1164,896,0,2060,0,1,2,1,4,1,3,7,1,3,1,2,3,3,3,0,228,0,0,192,0,0,0,0,9,211000,12.259618151783464,3631,19,18,1,0,0,0,0,0,0,1,1,2.0,0,0,0,1,0,0,1,0,0,0,0,0,0,0,1,0,0,0,0,0,0,0,0,1,0,1,1,0,0,0,0,0,0,0,0,0,0,0,0,0,0,0,0,1,0,0,0,0,0,0,0,0,0,1,0,0,0,0,1,0,0,0,0,1,0,1,0,0,1,0,0,0,0,0,0,0,0,0,1,9.21333588095598,4.584967478670572
178,70.04995836802665,13650,4,4,3,5,5,0.0,4,4,3,3,1,5,57,4,441,554,1052,5,1252,668,0,1920,1,0,2,0,4,1,4,7,1,4,1,2,3,3,3,0,0,0,0,0,0,0,0,0,7,172500,12.058158312538197,2972,48,48,0,0,0,0,0,0,0,1,1,1.5,0,0,0,1,1,1,0,0,1,0,0,0,0,1,0,0,0,0,0,0,0,0,0,1,0,1,1,0,0,0,1,0,0,0,0,0,0,0,0,0,0,1,0,0,0,0,0,0,0,0,0,1,0,0,0,0,0,0,0,1,0,1,0,0,0,1,0,0,1,0,0,0,0,0,0,0,0,0,1,9.521568058002977,4.2633832685897595
179,63.0,17423,3,4,3,9,5,748.0,5,3,5,3,1,6,1904,1,0,312,2052,5,2234,0,0,2234,1,0,2,0,1,1,5,7,1,4,3,3,3,3,3,0,60,0,0,0,0,0,0,0,7,501837,13.126032637428713,4346,1,0,1,0,0,0,0,0,0,1,1,1.0,0,1,0,0,0,1,1,0,1,0,0,1,0,0,0,0,0,0,0,0,0,0,0,1,0,1,1,0,1,0,0,0,0,0,0,0,1,0,0,0,0,0,0,0,0,1,0,0,0,0,0,0,0,0,0,1,0,0,0,0,1,0,0,1,0,1,0,0,1,0,0,0,0,0,0,0,0,0,1,9.765603845172741,4.1588830833596715
180,60.0,8520,4,4,3,5,6,0.0,4,3,3,3,1,1,0,1,0,968,968,3,968,0,0,968,0,0,1,0,2,1,3,7,0,0,1,2,2,3,1,0,0,184,0,0,0,0,0,0,7,100000,11.51293546492023,2120,84,1,1,0,0,0,0,0,0,1,1,1.0,0,0,0,1,1,0,0,0,1,0,0,0,1,0,0,0,0,0,0,0,0,0,0,0,1,1,1,0,0,0,1,0,0,0,0,0,0,0,0,0,0,0,0,0,0,0,1,0,0,0,0,0,0,0,0,0,1,0,0,1,0,1,0,0,0,1,0,0,1,0,0,1,0,0,0,0,0,0,1,9.050288983827956,4.110873864173311
181,70.04995836802665,2117,4,4,3,6,5,456.0,4,3,4,3,1,6,436,1,0,320,756,5,769,756,0,1525,0,0,2,1,3,1,4,7,1,3,1,2,3,3,3,0,0,0,0,0,0,0,0,0,6,177000,12.08391066125752,2281,7,7,0,0,0,0,0,0,0,1,1,2.0,0,0,0,1,1,0,1,0,1,1,0,0,0,0,0,0,0,0,0,0,0,0,0,0,0,1,1,0,0,0,1,0,0,0,1,0,0,0,0,0,0,1,0,0,0,0,0,0,0,0,0,1,0,0,0,0,0,0,1,0,0,0,0,1,0,1,0,0,1,0,0,1,0,0,0,0,0,0,1,7.658227526161352,4.2633832685897595
182,54.0,7588,4,4,3,7,6,0.0,3,3,2,3,1,2,352,1,0,441,793,4,901,901,0,1802,0,0,1,1,4,1,3,7,1,4,1,1,2,3,3,0,0,40,0,0,0,0,0,0,7,200100,12.206577518060588,2635,86,56,1,0,0,0,0,0,0,1,1,2.0,0,0,0,1,0,1,1,0,0,0,0,0,0,0,0,1,0,0,0,0,0,0,0,1,0,1,1,0,0,0,1,0,0,0,0,0,0,0,0,0,0,0,0,0,1,0,0,0,0,0,0,0,0,0,1,0,0,0,0,1,0,0,0,0,0,1,0,0,1,0,0,1,0,0,0,0,0,0,1,8.934455109403913,4.007333185232471
183,60.0,9060,4,4,3,5,6,98.0,3,3,0,0,0,0,0,0,0,0,0,5,1340,0,0,1340,0,0,1,0,3,1,3,7,1,4,2,1,3,3,3,116,0,0,180,0,0,0,3,0,6,120000,11.695255355062796,1636,50,1,1,0,0,0,0,1,0,1,1,1.0,0,0,0,1,1,1,1,0,0,0,0,1,0,0,0,0,0,0,0,0,0,0,0,1,0,1,1,0,0,0,1,0,0,0,0,0,1,0,0,0,0,0,0,0,0,0,1,0,0,0,0,0,0,0,0,0,1,0,1,0,0,0,0,1,0,1,0,0,1,0,0,0,0,0,0,0,0,0,1,9.11173476822206,4.110873864173311
184,63.0,11426,4,4,3,7,5,0.0,3,3,4,3,1,1,0,1,0,1362,1362,5,1362,720,0,2082,0,0,2,1,3,1,4,4,0,0,1,2,3,3,1,280,238,0,0,0,0,0,0,0,6,200000,12.206077645517674,3962,5,5,0,0,0,0,0,0,0,1,1,1.5,0,0,0,1,1,0,0,0,1,0,0,0,0,1,0,0,0,0,0,0,0,0,0,0,1,1,1,0,0,0,1,0,0,0,0,0,0,0,0,0,0,0,0,0,0,1,0,0,0,0,0,0,0,0,0,1,0,0,0,1,0,0,0,1,0,1,0,0,1,0,0,1,0,0,0,0,0,0,1,9.343734255146714,4.1588830833596715
185,92.0,7438,3,4,3,5,8,0.0,3,3,2,3,1,1,0,1,0,504,504,4,936,316,0,1252,0,0,1,0,3,1,3,7,0,0,1,2,3,3,3,104,0,0,0,0,0,0,3,0,6,127000,11.751950239425476,1860,98,15,1,0,0,0,0,1,1,1,1,1.5,0,0,0,1,1,1,0,0,0,0,0,0,0,1,0,0,0,0,0,0,0,0,0,1,0,1,1,0,0,0,1,0,0,0,0,0,0,0,0,0,0,0,0,0,0,0,0,0,0,0,0,0,0,1,0,0,0,0,0,1,0,0,0,1,0,1,0,0,1,0,0,0,0,0,0,0,0,0,1,8.914491710191342,4.532599493153256
186,90.0,22950,2,4,3,10,9,0.0,4,4,3,3,2,1,0,1,0,1107,1107,5,1518,1518,572,3608,0,0,2,1,4,1,5,7,2,3,1,3,5,3,3,0,260,0,0,410,0,0,4,0,6,475000,13.07107218827772,5385,114,13,1,0,0,0,0,1,0,0,1,2.5,0,0,0,1,1,0,0,0,1,0,0,0,0,0,0,0,1,0,0,0,0,0,0,0,1,1,1,0,0,0,1,0,0,0,0,0,0,0,0,0,0,0,0,0,0,0,1,0,0,0,0,0,0,0,0,0,1,0,0,1,0,0,0,0,0,1,0,0,1,0,0,1,0,0,0,0,0,0,1,10.041116787524166,4.51085950651685
187,70.04995836802665,9947,3,4,3,7,5,0.0,3,3,4,3,3,6,611,1,0,577,1188,5,1217,0,0,1217,1,0,2,0,3,1,4,7,0,0,1,2,3,3,3,168,27,0,0,0,0,0,4,0,6,173000,12.06105265381003,2600,19,18,1,0,0,0,0,0,0,1,1,1.5,1,0,0,1,1,1,0,1,0,0,0,0,0,0,0,0,0,1,0,0,0,0,0,1,0,1,1,0,1,0,0,0,0,0,0,0,0,0,0,0,1,0,0,0,0,0,0,0,0,0,1,0,0,0,0,0,0,0,0,1,0,0,0,1,0,1,0,0,1,0,0,0,0,0,0,0,0,0,1,9.205126804923296,4.2633832685897595
188,60.0,10410,4,4,3,5,7,0.0,3,3,2,3,1,1,0,1,0,660,660,5,808,704,144,1656,0,0,2,1,3,1,3,5,0,0,1,1,2,2,1,0,0,0,140,0,0,0,3,0,8,135000,11.81303746480054,2456,93,22,1,0,0,0,0,0,0,1,1,1.5,0,0,0,1,1,0,0,0,1,0,0,0,0,1,0,0,0,0,0,0,0,0,0,1,0,1,1,0,0,0,1,0,0,0,0,0,0,0,0,0,1,0,0,0,0,0,0,0,0,0,1,0,0,0,0,0,0,0,0,1,0,1,0,0,0,1,0,0,1,0,0,1,0,0,0,0,0,0,1,9.250618218474752,4.110873864173311
189,64.0,7018,4,4,3,5,5,275.0,3,3,4,3,3,6,1086,1,0,0,1086,3,1224,0,0,1224,2,0,0,2,2,2,3,7,2,3,1,2,3,3,3,120,0,0,0,0,0,0,0,0,6,153337,11.940399914116648,2430,30,30,0,0,0,1,0,1,0,1,1,1.5,1,0,1,0,0,0,1,0,1,0,0,0,0,0,0,0,0,0,0,1,0,0,0,1,0,1,1,0,0,0,1,0,0,1,0,0,0,0,0,0,0,0,0,1,0,0,0,0,0,0,0,0,0,1,0,0,0,0,0,0,1,1,0,0,0,1,0,0,1,0,0,1,0,0,0,0,0,0,0,8.856376036730422,4.174387269895637
190,41.0,4923,4,4,3,8,5,0.0,4,3,5,3,3,6,1153,1,0,440,1593,5,1593,0,0,1593,1,0,1,1,0,1,5,7,1,4,3,2,3,3,3,0,120,0,0,224,0,0,0,0,8,286000,12.563750586299374,3530,7,6,1,0,0,0,0,0,0,1,1,1.0,0,0,0,1,0,1,1,0,1,0,0,0,0,0,0,0,0,0,0,0,0,0,0,1,0,1,1,0,0,0,1,0,0,0,0,1,0,0,0,1,0,0,0,0,0,0,0,0,0,1,0,0,0,0,0,0,0,0,0,1,0,0,0,1,0,1,0,0,1,0,0,0,0,0,0,0,0,0,1,8.501876487304344,3.7376696182833684
191,70.0,10570,4,4,2,8,8,0.0,4,3,4,4,1,3,297,1,0,556,853,3,1549,1178,0,2727,0,0,2,1,3,1,4,3,2,3,1,2,3,3,3,0,74,0,0,0,0,0,0,0,12,315000,12.660331092405906,3654,75,13,1,0,0,1,0,0,0,1,1,2.0,0,0,0,1,0,1,1,0,0,0,0,0,0,0,0,1,0,0,0,0,0,0,0,1,0,1,1,0,0,0,1,0,0,0,0,0,1,0,1,0,0,0,0,0,0,0,0,0,1,0,0,0,0,0,0,0,0,0,0,1,0,1,0,0,0,1,0,0,1,0,0,1,0,0,0,0,0,0,0,9.265869681768663,4.2626798770413155
192,70.04995836802665,7472,3,4,3,7,9,138.0,3,3,3,3,1,5,626,1,0,99,725,4,725,754,0,1479,1,0,1,1,4,1,4,7,0,0,3,2,3,3,3,0,32,0,0,0,0,0,0,0,6,184000,12.122696471358964,2236,35,3,1,0,0,0,0,0,0,1,1,2.0,0,0,0,1,0,0,1,1,0,0,0,0,0,0,1,0,0,0,0,0,0,0,0,1,0,1,1,0,1,0,0,0,0,0,0,0,0,0,0,0,1,0,0,0,0,0,0,0,0,0,1,0,0,0,0,0,0,0,1,0,0,1,0,0,0,1,0,0,1,0,0,0,0,0,0,0,0,0,1,8.91905180393029,4.2633832685897595
193,68.0,9017,3,4,3,7,5,0.0,4,3,4,3,3,6,560,1,0,871,1431,5,1431,0,0,1431,1,0,2,0,3,1,4,7,0,0,3,2,3,3,3,0,35,0,0,0,0,0,0,0,9,192000,12.165255859329688,2897,10,10,0,0,0,0,0,0,0,1,1,1.0,0,0,0,1,1,0,1,0,0,0,0,1,0,0,0,0,0,0,0,0,0,0,0,1,0,1,1,0,0,0,1,0,0,0,0,0,0,0,0,0,0,0,0,0,0,1,0,0,0,0,0,0,0,0,0,1,0,0,0,1,0,0,0,1,0,1,0,0,1,0,0,0,0,0,0,0,0,0,1,9.106977858981029,4.23410650459726
194,24.0,2522,4,4,3,7,5,50.0,4,3,4,3,1,1,0,1,0,970,970,5,970,739,0,1709,0,0,2,0,3,1,4,3,0,0,1,2,3,3,3,0,40,0,0,0,0,0,0,0,5,130000,11.775297421715829,2719,2,2,0,0,0,0,0,0,0,1,1,2.0,0,0,0,1,1,1,1,0,0,1,0,0,0,0,0,0,0,0,0,0,0,0,0,0,1,1,1,0,0,0,1,0,0,0,1,0,0,0,0,0,0,0,0,0,0,1,0,0,0,0,0,0,0,0,0,1,0,0,0,0,1,0,0,1,0,1,0,0,1,0,0,1,0,0,0,0,0,0,1,7.833203948641057,3.2188758248682006
195,60.0,7180,3,4,3,5,7,0.0,3,3,3,3,3,5,390,1,0,474,864,3,864,0,0,864,0,0,1,0,3,1,3,7,0,0,1,1,3,3,3,0,0,0,0,0,0,0,0,0,5,127000,11.751950239425476,1728,36,36,0,0,0,0,0,0,0,1,1,1.0,0,0,0,1,1,0,1,0,0,0,0,1,0,0,0,0,0,0,0,0,0,0,0,1,0,1,1,0,0,0,1,0,0,0,0,0,1,0,0,0,1,0,0,0,0,0,0,0,0,0,1,0,0,0,0,0,0,0,0,1,0,1,0,0,0,1,0,0,1,0,0,1,0,0,0,0,0,0,1,8.879193928110318,4.110873864173311
196,24.0,2280,4,4,3,6,6,0.0,3,3,4,3,1,5,566,1,0,289,855,3,855,601,0,1456,0,0,2,1,3,1,3,7,1,3,1,2,3,3,3,87,0,0,0,0,0,0,0,0,7,148500,11.908346971208951,2398,33,33,0,0,0,0,0,0,0,1,1,2.0,0,0,0,1,1,0,1,1,0,1,0,0,0,0,0,0,0,0,0,0,0,0,0,1,0,1,1,0,0,1,0,0,0,0,1,0,0,0,0,0,0,0,0,1,0,0,0,0,0,0,0,0,1,0,0,0,0,0,0,1,0,1,0,0,0,1,0,0,1,0,0,0,0,0,0,0,0,0,1,7.732369222284388,3.2188758248682006
197,79.0,9416,4,4,3,7,5,205.0,5,3,5,3,1,6,1126,1,0,600,1726,5,1726,0,0,1726,1,0,2,0,3,1,5,7,1,4,3,3,3,3,3,171,138,0,0,266,0,0,0,0,9,311872,12.650351332641709,4027,0,0,0,0,0,0,0,0,0,1,1,1.0,0,1,0,0,1,0,1,0,1,0,0,1,0,0,0,0,0,0,0,0,0,0,0,1,0,1,1,0,0,0,1,0,0,0,0,0,1,0,0,1,0,0,0,0,0,0,0,0,0,1,0,0,0,0,0,0,0,0,0,0,1,0,0,1,0,1,0,0,1,0,0,0,0,0,0,0,0,0,1,9.150271845510064,4.382026634673881
198,174.0,25419,4,4,3,8,4,0.0,4,4,3,3,1,6,1036,2,184,140,1360,4,1360,1360,392,3112,1,1,2,0,4,1,4,7,1,5,1,2,3,3,3,0,16,552,0,0,512,5,4,0,3,235000,12.367345048436391,5040,88,16,1,1,0,0,0,1,0,1,1,2.0,0,0,1,0,0,0,1,1,0,0,0,0,0,0,0,0,1,0,0,0,0,0,0,1,0,1,1,0,0,0,0,0,0,0,0,0,0,0,0,0,0,0,0,0,1,0,0,0,0,0,0,0,0,0,1,0,0,0,0,1,0,0,0,1,0,1,0,0,1,0,0,1,0,0,0,0,0,0,1,10.143291544743445,5.1647859739235145
199,92.0,5520,4,4,3,6,6,0.0,3,3,3,3,1,1,0,1,0,755,755,5,929,929,371,2229,0,0,1,0,5,1,3,7,0,0,0,0,0,0,3,0,198,30,0,0,0,0,3,0,7,104000,11.552155793461898,3212,97,59,1,0,0,0,0,0,0,1,1,2.5,0,0,1,0,1,0,0,0,1,0,0,0,0,0,0,0,1,0,0,0,0,0,0,0,1,1,1,0,0,0,0,0,0,0,0,0,0,0,0,0,0,0,0,0,0,0,1,0,0,0,0,0,0,0,0,0,1,0,0,1,0,1,0,0,0,1,0,0,1,0,0,0,1,0,0,0,0,0,1,8.616314282284044,4.532599493153256
200,76.0,9591,4,4,3,8,5,262.0,4,3,5,3,3,6,1088,1,0,625,1713,5,1713,0,0,1713,1,0,2,0,3,1,5,7,1,4,3,3,3,3,3,0,26,0,0,170,0,0,0,0,1,274900,12.524166311833152,3622,5,4,1,0,0,0,0,0,0,1,1,1.0,0,0,0,1,0,0,0,0,1,0,0,1,0,0,0,0,0,0,0,0,0,0,0,1,0,1,1,0,0,0,1,0,0,0,0,0,1,0,0,0,0,0,0,0,0,1,0,0,0,0,0,0,0,0,0,1,0,0,1,0,0,0,0,1,0,1,0,0,1,0,0,0,0,0,0,0,0,0,1,9.16868469670735,4.343805421853684
201,80.0,8546,4,4,3,4,5,0.0,3,3,4,3,1,1,0,1,0,1121,1121,5,1121,0,0,1121,0,0,2,0,2,1,3,7,0,0,2,2,3,3,3,132,64,0,0,0,0,0,0,0,3,140000,11.849404844423074,2438,7,6,1,0,0,0,0,0,0,1,1,1.0,0,0,0,1,1,1,1,0,0,0,0,1,0,0,0,0,0,0,0,0,0,0,0,0,1,1,1,0,0,0,0,0,0,0,0,0,0,0,0,0,0,0,0,0,0,1,0,0,0,0,0,0,0,0,0,1,0,0,0,1,0,0,0,1,0,1,0,0,1,0,0,0,0,0,0,0,0,0,1,9.053335623166017,4.394449154672439
202,75.0,10125,4,4,3,6,6,0.0,3,3,3,3,1,5,641,2,279,276,1196,3,1279,0,0,1279,0,1,2,0,3,1,3,7,2,2,1,2,3,3,3,238,83,0,0,0,0,0,3,0,2,171500,12.052344376474922,2796,31,31,0,0,0,0,0,0,0,1,1,1.0,0,0,0,1,1,1,0,1,0,0,0,1,0,0,0,0,0,0,0,0,0,0,0,1,0,1,1,0,0,0,1,0,0,0,0,0,0,0,0,0,0,0,0,1,0,0,0,0,0,0,0,0,0,1,0,0,0,0,0,1,0,1,0,0,0,1,0,0,1,0,0,1,0,0,0,0,0,0,1,9.222861652529854,4.330733340286331
203,50.0,7000,4,4,3,6,6,0.0,3,4,2,3,1,2,617,1,0,0,617,4,865,445,0,1310,0,0,2,0,2,1,3,6,0,0,1,1,3,3,3,0,0,126,0,0,0,0,0,0,5,112000,11.6262630788088,2053,82,56,1,0,0,0,0,1,0,1,1,1.5,0,0,0,1,1,0,0,0,1,0,0,0,0,1,0,0,0,0,0,0,0,0,0,1,0,1,1,0,0,0,0,0,0,0,0,0,0,0,0,0,0,1,0,0,0,0,0,0,0,0,0,1,0,0,0,0,0,0,0,1,0,0,0,0,0,1,0,0,1,0,0,0,0,0,0,0,0,0,1,8.853808274977197,3.9318256327243257
204,70.04995836802665,4438,4,4,3,6,5,205.0,4,3,4,3,3,6,662,1,0,186,848,5,848,0,0,848,1,0,1,0,1,1,4,7,1,4,2,2,3,3,3,149,0,0,0,0,0,0,0,0,1,149000,11.91170829631447,1845,4,4,0,0,0,0,0,0,0,1,1,1.0,0,0,0,1,1,0,1,0,0,0,0,0,0,0,0,0,0,0,0,0,0,0,0,0,1,1,1,0,0,0,1,0,0,0,0,1,0,0,0,0,0,0,0,0,0,1,0,0,0,0,0,0,0,0,0,1,0,0,1,0,0,0,0,1,0,1,0,0,1,0,0,0,0,0,0,0,0,0,1,8.398184404834035,4.2633832685897595
205,50.0,3500,4,4,3,5,7,0.0,3,3,3,3,1,2,312,1,0,408,720,3,720,564,0,1284,0,0,1,1,2,1,3,7,0,0,1,1,3,3,3,0,35,0,0,0,0,0,1,0,4,110000,11.60824473564232,2039,62,59,1,0,0,0,0,0,0,1,1,1.5,0,0,0,1,1,0,0,0,1,0,0,0,0,1,0,0,0,0,0,0,0,0,0,0,1,1,0,0,0,0,1,0,0,0,0,0,0,0,0,0,0,0,0,0,0,0,0,0,0,0,0,0,0,0,0,0,0,0,0,1,0,1,0,0,0,1,0,0,1,0,0,1,0,0,0,0,0,0,1,8.160803920954665,3.9318256327243257
206,99.0,11851,4,4,3,7,5,0.0,3,3,4,3,1,1,0,1,0,1424,1424,5,1442,0,0,1442,0,0,2,0,3,1,3,7,0,0,2,2,3,3,3,0,34,0,508,0,0,0,0,0,5,180500,12.103491596905933,3408,19,19,0,0,0,0,0,0,0,1,1,1.0,0,0,0,1,0,0,0,1,0,0,0,1,0,0,0,0,0,0,0,0,0,0,0,1,0,1,1,0,0,0,0,0,0,0,0,0,0,0,0,0,1,0,0,0,0,0,0,0,0,0,1,0,0,0,0,0,0,0,0,1,0,0,0,1,0,1,0,0,1,0,0,0,0,0,0,0,0,0,1,9.380251908693456,4.605170185988092
207,40.0,13673,3,4,3,5,5,0.0,3,4,3,3,1,1,0,1,0,1140,1140,3,1696,0,0,1696,0,0,1,1,3,1,3,5,1,3,2,1,3,3,3,0,30,0,0,0,0,0,0,0,3,143900,11.87688084212164,2866,45,45,0,0,0,0,0,0,1,1,1,1.0,0,0,0,1,1,1,0,0,1,0,0,1,0,0,0,0,0,0,0,0,0,0,0,1,0,1,1,0,1,0,0,0,0,0,0,0,0,0,0,0,1,0,0,0,0,0,0,0,0,0,1,0,0,0,0,0,0,0,0,1,0,1,0,0,0,1,0,0,1,0,0,0,0,0,0,0,0,0,1,9.523251498473739,3.713572066704308
208,70.04995836802665,12493,3,4,3,4,5,0.0,3,3,3,3,1,5,419,3,306,375,1100,3,1100,0,0,1100,1,0,1,0,3,1,3,7,1,1,2,1,3,3,3,355,0,0,0,0,0,0,2,0,4,141000,11.856522261533735,2555,48,48,0,0,0,0,0,0,0,1,1,1.0,0,0,0,1,0,0,1,1,0,0,0,1,0,0,0,0,0,0,0,0,0,0,0,1,0,1,1,0,0,0,1,0,0,0,0,0,0,0,0,0,0,0,0,0,0,0,1,0,0,0,0,0,0,0,0,0,1,0,0,1,0,0,0,1,0,1,0,0,1,0,0,0,0,0,0,0,0,0,1,9.433003808053515,4.2633832685897595
209,70.04995836802665,14364,3,4,2,7,5,128.0,4,3,4,3,4,6,1065,1,0,92,1157,5,1180,882,0,2062,1,0,2,1,3,1,3,7,1,4,3,2,3,3,3,60,55,0,0,154,0,0,0,0,4,277000,12.531776395271262,3488,19,18,1,0,0,1,0,0,0,1,1,2.0,0,0,0,1,0,0,1,0,1,0,0,0,0,0,1,0,0,0,0,0,0,0,0,1,0,1,1,0,0,0,1,0,0,0,0,0,0,0,0,0,0,0,0,1,0,0,0,0,0,0,0,0,0,1,0,0,0,0,1,0,0,1,0,0,0,1,0,0,1,0,0,0,0,0,0,0,0,1,0,9.57254997141339,4.2633832685897595
210,75.0,8250,4,4,3,6,7,260.0,3,3,4,3,1,3,787,1,0,305,1092,5,1092,0,0,1092,1,0,1,0,3,1,3,7,0,0,2,2,3,4,3,0,0,0,0,0,0,0,3,0,7,145000,11.884495917930655,2184,44,44,0,0,0,0,0,0,0,1,1,1.0,0,0,0,1,0,0,1,1,0,0,0,1,0,0,0,0,0,0,0,0,0,0,0,1,0,1,1,0,0,0,1,0,0,0,0,0,1,0,0,0,1,0,0,0,0,0,0,0,0,0,1,0,0,0,0,0,0,0,0,0,1,1,0,0,0,1,0,0,1,0,0,0,0,0,0,0,0,0,1,9.018089684104343,4.330733340286331
211,67.0,5604,4,4,3,5,6,0.0,3,3,3,3,1,3,468,1,0,396,864,3,864,0,0,864,1,0,1,0,2,1,3,7,0,0,0,0,0,0,3,0,0,96,0,0,0,0,0,0,4,98000,11.49273296168228,1824,83,58,1,0,0,0,0,0,0,1,1,1.0,0,0,0,1,1,1,1,0,0,0,0,0,1,0,0,0,0,0,0,0,0,0,0,1,0,1,1,0,0,0,1,0,0,0,0,0,0,0,0,0,0,0,0,0,1,0,0,0,0,0,0,0,0,0,1,0,0,0,0,1,0,1,0,0,0,0,0,0,0,0,0,0,1,0,0,0,0,0,1,8.63141433550626,4.219507705176107
212,83.0,10420,4,4,3,6,5,0.0,3,3,4,3,2,6,36,1,0,1176,1212,5,1212,0,0,1212,0,0,2,0,3,1,4,7,0,0,2,2,3,3,3,100,22,0,0,0,0,0,0,0,3,186000,12.133507329024972,2546,1,1,0,0,0,0,0,0,0,1,1,1.0,0,0,0,1,1,1,1,0,0,0,0,1,0,0,0,0,0,0,0,0,0,0,0,1,0,1,1,0,0,0,0,0,0,0,0,0,0,0,0,0,0,0,0,0,0,1,0,0,0,0,0,0,0,0,0,1,0,0,0,1,0,0,0,1,0,1,0,0,1,0,0,0,0,0,0,0,0,0,1,9.251578279992428,4.430816798843313
213,72.0,8640,4,4,3,7,5,0.0,3,3,4,3,1,6,822,1,0,78,900,5,932,920,0,1852,1,0,2,1,3,1,4,7,1,3,2,2,3,3,3,168,108,0,0,0,0,0,0,0,7,252678,12.439875187430008,3028,0,0,0,0,0,0,0,0,0,1,1,2.0,0,1,0,0,1,0,1,0,1,0,0,0,0,0,1,0,0,0,0,0,0,0,0,0,0,1,1,0,0,0,1,0,0,0,0,0,0,0,0,0,0,0,0,0,0,1,0,0,0,0,0,0,0,0,0,1,0,0,0,1,0,0,0,1,0,1,0,0,1,0,0,0,0,0,0,0,0,0,1,9.0642735958414,4.290459441148391
214,43.0,13568,2,4,3,5,5,0.0,3,3,4,3,1,5,716,1,0,274,990,5,990,0,0,990,0,1,1,0,3,1,3,7,0,0,1,2,3,3,3,224,0,0,0,0,0,0,0,0,7,156000,11.95761769646754,2204,11,11,0,0,0,0,0,0,0,1,1,1.0,0,0,0,1,1,0,1,0,0,0,0,1,0,0,0,0,0,0,0,0,0,0,0,1,0,1,1,0,1,0,0,0,0,0,0,0,0,0,0,0,0,0,0,0,0,1,0,0,0,0,0,0,0,0,0,1,0,0,0,1,0,0,0,1,0,1,0,0,1,0,0,0,0,0,0,0,0,0,1,9.515543058145953,3.784189633918261
215,70.04995836802665,10900,3,4,3,6,7,153.0,3,3,4,3,1,6,378,1,0,311,689,5,689,703,0,1392,0,0,1,1,3,1,3,7,0,0,3,1,3,3,3,0,36,0,0,0,0,0,3,450,3,161750,11.993813394724253,2117,33,33,0,0,1,0,0,0,0,1,1,2.0,0,0,0,1,1,0,1,0,0,0,0,0,0,0,1,0,0,0,0,0,0,0,0,1,0,1,1,0,0,1,0,0,0,0,0,0,0,0,0,0,1,0,0,0,0,0,0,0,0,0,1,0,0,0,0,0,0,0,1,0,0,1,0,0,0,1,0,0,1,0,0,0,0,0,0,1,0,0,1,9.296609807128359,4.2633832685897595
216,72.0,10011,3,4,3,5,6,64.0,3,3,3,3,1,4,360,1,0,710,1070,3,1236,0,0,1236,0,1,1,0,2,1,4,6,1,2,1,1,3,3,3,0,0,0,0,0,0,0,3,0,5,134450,11.808955099378537,2306,49,10,1,0,0,0,0,0,0,1,1,1.0,0,0,0,1,0,0,1,1,0,0,0,1,0,0,0,0,0,0,0,0,0,0,0,1,0,1,1,0,0,0,1,0,0,0,0,0,0,0,0,0,1,0,0,0,0,0,0,0,0,0,1,0,0,0,0,0,0,0,1,0,0,1,0,0,0,1,0,0,1,0,0,0,0,0,0,0,0,0,1,9.211539652551664,4.290459441148391
217,65.0,8450,4,4,3,7,5,266.0,4,3,4,3,2,6,946,1,0,490,1436,5,1436,0,0,1436,1,0,2,0,3,1,4,7,0,0,1,2,3,3,3,139,98,0,0,0,0,0,0,0,4,210000,12.25486757159303,3109,4,4,0,0,0,0,0,0,0,1,1,1.0,0,0,0,1,1,0,1,0,0,0,0,1,0,0,0,0,0,0,0,0,0,0,0,1,0,1,1,0,0,0,1,0,0,0,0,0,0,0,0,0,0,0,0,0,0,1,0,0,0,0,0,0,0,0,0,1,0,0,1,0,0,0,0,1,0,1,0,0,1,0,0,0,0,0,0,0,0,0,1,9.042040056544483,4.189654742026425
218,57.0,9906,4,4,3,4,4,0.0,3,3,3,3,1,1,0,1,0,686,686,2,810,518,0,1328,0,0,1,0,3,1,3,7,0,0,1,1,3,3,3,0,172,60,0,0,0,0,0,0,9,107000,11.580593459194764,2246,81,56,1,0,0,0,0,0,0,1,1,2.0,0,0,0,0,1,0,0,0,1,0,0,0,0,0,0,1,0,0,0,0,0,0,0,0,1,1,0,0,0,0,1,0,0,0,0,0,0,0,0,0,0,1,0,0,0,0,0,0,0,0,0,1,0,0,0,0,0,0,0,1,0,1,0,0,0,0,0,0,1,0,0,1,0,0,0,0,0,0,1,9.20099685697303,4.060443010546419
219,70.04995836802665,15660,3,4,3,7,9,312.0,4,4,3,3,1,4,341,1,0,457,798,5,1137,817,0,1954,0,1,1,1,3,1,4,7,2,3,1,2,3,3,3,0,119,150,0,0,0,0,0,0,5,311500,12.649157827477366,3021,69,2,1,0,0,0,0,0,0,1,1,1.5,0,0,0,1,0,1,1,0,0,0,0,0,0,1,0,0,0,0,0,0,0,0,0,1,0,1,1,0,0,0,0,0,0,0,0,0,0,0,0,0,0,0,0,0,0,1,0,0,0,0,0,0,0,0,0,1,0,0,1,0,0,1,0,0,0,1,0,0,1,0,0,0,0,0,0,0,0,0,1,9.658928824466434,4.2633832685897595
220,43.0,3010,4,4,3,7,5,16.0,4,3,4,3,3,6,16,1,0,1232,1248,5,1248,0,0,1248,0,0,2,0,2,1,4,7,0,0,3,2,3,3,3,108,0,0,0,0,0,0,0,0,3,167240,12.027191164883384,2604,1,0,1,0,0,0,0,0,0,1,1,1.0,0,1,0,0,0,0,0,0,0,0,0,0,0,0,0,0,0,0,0,0,0,0,0,1,0,1,1,0,0,0,1,0,0,0,0,1,0,0,0,0,0,0,0,0,0,1,0,0,0,0,0,0,0,0,0,1,0,0,1,0,0,0,0,1,0,1,0,0,1,0,0,0,0,0,0,0,0,0,1,8.010027528481734,3.784189633918261
221,73.0,8990,3,4,3,7,5,0.0,4,3,4,3,2,1,0,1,0,1498,1498,5,1498,0,0,1498,0,0,2,0,2,1,4,7,0,0,2,2,3,3,3,351,33,0,0,0,0,0,0,0,4,204900,12.23028221464456,3380,0,0,0,0,0,0,0,0,0,1,1,1.0,0,1,0,0,1,0,1,0,0,0,0,1,0,0,0,0,0,0,0,0,0,0,0,1,0,1,1,0,0,0,1,0,0,0,0,0,0,0,0,0,0,0,0,0,0,1,0,0,0,0,0,0,0,0,0,1,0,0,0,1,0,0,0,1,0,1,0,0,1,0,0,0,0,0,0,0,0,0,1,9.103979355984773,4.30406509320417
222,70.04995836802665,8068,3,4,3,6,5,0.0,4,3,4,3,1,1,0,1,0,1010,1010,5,1010,1257,0,2267,0,0,2,1,4,1,4,7,1,3,2,2,3,3,3,120,46,0,0,0,0,0,0,0,12,200000,12.206077645517674,3443,7,7,0,0,0,0,0,0,0,1,1,2.0,0,0,0,1,0,0,0,1,0,0,0,0,0,0,1,0,0,0,0,0,0,0,0,1,0,1,1,0,0,0,1,0,0,0,0,0,0,0,0,0,0,0,0,0,0,1,0,0,0,0,0,0,0,0,0,1,0,0,0,1,0,0,0,1,0,1,0,0,1,0,1,0,0,0,0,0,0,0,1,8.995784837848506,4.2633832685897595
223,85.0,11475,4,4,3,6,6,0.0,3,3,4,3,1,5,550,1,0,163,713,3,811,741,0,1552,1,0,2,1,3,1,3,7,1,3,2,2,3,3,3,209,208,0,0,0,0,0,3,0,2,179900,12.100161978566868,2682,31,31,0,0,0,0,0,0,1,1,1,2.0,0,0,0,1,0,1,1,1,0,0,0,0,0,0,1,0,0,0,0,0,0,0,0,1,0,1,1,0,0,0,1,0,0,0,0,0,0,0,0,0,0,0,0,0,0,1,0,0,0,0,0,0,0,0,0,1,0,0,0,1,0,1,0,0,0,1,0,0,1,0,0,0,0,0,0,0,0,0,1,9.348013177101256,4.454347296253507
224,70.0,10500,4,4,3,4,6,0.0,3,3,3,3,1,5,524,2,180,160,864,4,864,0,0,864,0,0,1,0,2,1,3,7,0,0,1,2,3,3,3,216,0,0,0,0,0,0,0,0,3,97000,11.48247656671073,1944,38,38,0,0,0,0,0,0,0,1,1,1.0,0,0,1,0,0,0,1,1,0,0,0,1,0,0,0,0,0,0,0,0,0,0,0,1,0,1,1,0,0,1,0,0,0,0,0,0,0,0,0,0,1,0,0,0,0,0,0,0,0,0,1,0,0,0,0,0,0,0,0,1,0,1,0,0,0,1,0,0,1,0,0,1,0,0,0,0,0,0,1,9.259225769705994,4.2626798770413155
225,103.0,13472,4,4,3,10,5,922.0,5,3,5,3,4,6,56,1,0,2336,2052,5,2392,0,0,2392,0,0,2,0,3,1,5,7,1,5,3,3,3,3,3,248,105,0,0,0,0,0,0,0,6,386250,12.864242696187503,4797,6,6,0,0,0,0,0,0,0,1,1,1.0,0,0,0,1,0,0,0,0,1,0,0,1,0,0,0,0,0,0,0,0,0,0,0,1,0,1,1,0,0,0,1,0,0,0,0,0,1,0,0,0,0,0,0,0,0,1,0,0,0,0,0,0,0,0,0,1,0,0,1,0,0,0,0,1,0,1,0,0,1,0,0,0,0,0,0,0,0,0,1,9.508442961755847,4.6443908991413725
226,21.0,1680,4,4,3,5,5,142.0,3,3,3,3,1,1,0,1,0,630,630,3,630,672,0,1302,0,0,2,1,3,1,3,7,0,0,1,1,3,3,3,0,0,0,0,0,0,0,0,0,5,112000,11.6262630788088,1932,38,38,0,0,0,0,0,0,0,1,1,2.0,0,0,1,0,0,1,0,0,0,1,0,0,0,0,0,0,0,0,0,0,0,0,0,0,1,1,1,0,0,0,1,0,0,0,1,0,0,0,0,0,1,0,0,0,0,0,0,0,0,0,1,0,0,0,0,0,0,0,1,0,0,1,0,0,0,1,0,0,1,0,0,1,0,0,0,0,0,0,1,7.427144133408616,3.091042453358316
227,82.0,9950,3,4,3,7,5,290.0,4,3,4,3,1,6,565,1,0,638,1203,5,1214,1306,0,2520,0,0,2,1,4,1,4,7,1,3,2,3,3,3,3,224,114,0,0,0,0,0,0,0,6,290000,12.577639650232571,4061,12,12,0,0,0,0,0,0,0,1,1,2.0,0,0,1,0,1,1,1,1,0,0,0,0,0,0,1,0,0,0,0,0,0,0,0,1,0,1,1,0,0,0,1,0,0,0,0,0,0,0,0,0,0,0,0,0,0,1,0,0,0,0,0,0,0,0,0,1,0,0,1,0,0,0,0,1,0,1,0,0,1,0,0,0,0,0,0,0,0,0,1,9.205428327615163,4.418840607796598
228,21.0,1869,4,4,3,6,6,127.0,3,3,3,3,1,3,321,1,0,162,483,3,483,504,0,987,0,0,1,1,2,1,3,7,0,0,1,1,3,3,3,0,0,0,0,0,0,0,0,0,9,106000,11.571203807011967,1470,38,38,0,0,0,0,0,0,0,1,1,2.0,0,0,0,1,0,1,0,0,0,1,0,0,0,0,0,0,0,0,0,0,0,0,0,0,1,1,1,0,0,0,1,0,0,0,1,0,0,0,0,0,1,0,0,0,0,0,0,0,0,0,1,0,0,0,0,0,0,0,1,0,0,1,0,0,0,1,0,0,1,0,0,1,0,0,0,0,0,0,1,7.533693709848633,3.091042453358316
229,70.0,8521,4,4,3,5,5,0.0,3,3,3,3,1,5,842,1,0,70,912,3,912,0,0,912,0,0,1,0,3,1,3,7,1,2,1,1,3,3,3,0,0,0,0,0,0,0,3,0,5,125000,11.736077016252436,1824,43,43,0,0,0,0,0,1,0,1,1,1.0,0,0,0,1,1,1,0,0,1,0,0,1,0,0,0,0,0,0,0,0,0,0,0,1,0,1,1,0,0,1,0,0,0,0,0,0,0,0,0,0,1,0,0,0,0,0,0,0,0,0,1,0,0,0,0,0,0,0,0,1,0,1,0,0,0,1,0,0,1,0,0,1,0,0,0,0,0,0,1,9.050406334059858,4.2626798770413155
230,43.0,3182,4,4,3,7,5,16.0,4,3,4,3,3,6,16,1,0,1357,1373,5,1555,0,0,1555,0,0,2,0,2,1,4,7,1,3,3,2,3,3,3,143,20,0,0,0,0,0,0,0,5,192500,12.167856627501678,3091,4,3,1,0,0,0,0,0,0,1,1,1.0,0,0,0,1,0,0,0,0,0,0,0,0,0,0,0,0,0,0,0,0,0,0,0,1,0,1,1,0,0,0,1,0,0,0,0,1,0,0,0,0,0,0,0,0,0,1,0,0,0,0,0,0,0,0,0,1,0,0,1,0,0,0,0,1,0,1,0,0,1,0,0,0,0,0,0,0,0,0,1,8.065579427282092,3.784189633918261
231,73.0,8760,4,4,3,6,6,220.0,3,3,3,3,1,1,0,1,0,1194,1194,3,1194,0,0,1194,1,0,1,0,3,1,3,7,0,0,2,1,3,3,3,0,0,120,0,0,0,0,0,0,4,148000,11.904974309480185,2508,51,51,0,0,0,0,0,0,0,1,1,1.0,0,0,0,1,0,0,1,1,0,0,0,1,0,0,0,0,0,0,0,0,0,0,0,1,0,1,1,0,0,0,1,0,0,0,0,0,1,0,0,0,0,1,0,0,0,0,0,0,0,0,0,1,0,0,0,0,0,0,1,0,0,1,0,0,0,1,0,0,1,0,0,0,0,0,0,0,0,0,1,9.078065332666364,4.30406509320417
232,174.0,15138,3,4,3,8,5,506.0,4,3,4,3,1,6,689,1,0,773,1462,5,1490,1304,0,2794,1,0,2,1,4,1,5,7,1,3,3,3,3,3,3,0,146,202,0,0,0,0,0,0,7,403000,12.90669432231532,4604,14,13,1,0,0,0,0,0,0,1,1,2.0,0,0,0,1,1,1,1,1,0,0,0,0,0,0,1,0,0,0,0,0,0,0,0,1,0,1,1,0,0,0,1,0,0,0,0,0,0,0,0,0,0,0,0,0,0,1,0,0,0,0,0,0,0,0,0,1,0,0,1,0,0,0,0,1,0,1,0,0,1,0,0,0,0,0,0,0,0,0,1,9.625029474611878,5.1647859739235145
233,21.0,1680,4,4,3,6,5,297.0,3,3,3,3,1,1,0,1,0,483,483,3,483,504,0,987,0,0,1,1,2,1,3,7,1,1,1,1,3,3,3,0,0,0,0,0,0,0,0,0,6,94500,11.456365695436428,1470,34,34,0,0,0,0,0,0,0,1,1,2.0,0,0,0,1,0,1,0,0,0,1,0,0,0,0,0,0,0,0,0,0,0,0,0,0,1,1,1,0,0,0,1,0,0,0,1,0,0,0,0,0,1,0,0,0,0,0,0,0,0,0,1,0,0,0,0,0,0,0,1,0,0,1,0,0,0,1,0,0,1,0,0,0,0,0,0,0,0,0,1,7.427144133408616,3.091042453358316
234,75.0,10650,4,4,3,5,6,0.0,3,3,3,4,3,2,182,5,712,0,894,3,894,0,0,894,1,0,1,0,3,1,3,7,0,0,1,1,3,3,3,365,0,0,0,0,0,0,3,0,2,128200,11.761354623750297,2153,34,34,0,0,0,0,0,0,0,1,1,1.0,0,0,0,1,1,0,1,0,0,0,0,1,0,0,0,0,0,0,0,0,0,0,0,1,0,1,1,0,0,0,0,0,0,0,0,0,0,0,0,0,1,0,0,0,0,0,0,0,0,0,1,0,0,0,0,0,0,0,0,1,0,1,0,0,0,1,0,0,1,0,0,0,0,0,0,0,0,0,1,9.273409063443166,4.330733340286331
235,70.04995836802665,7851,4,4,3,6,5,,4,3,4,3,1,6,625,1,0,235,860,5,860,1100,0,1960,1,0,2,1,4,1,4,7,2,3,3,2,3,3,3,288,48,0,0,0,0,0,0,0,5,216500,12.28535044535166,3156,8,8,0,0,0,0,0,0,0,1,1,2.0,0,0,0,1,0,0,0,1,0,0,0,0,0,0,1,0,0,0,0,0,0,0,0,1,0,1,1,0,0,0,1,0,0,0,0,0,0,0,0,0,0,0,0,0,0,1,0,0,0,0,0,0,0,0,0,1,0,0,0,1,0,0,0,1,0,1,0,0,1,0,1,0,0,0,0,0,0,0,1,8.968523555396352,4.2633832685897595
236,21.0,1680,4,4,3,6,3,604.0,3,3,3,3,1,5,358,1,0,125,483,3,483,504,0,987,0,0,1,1,2,1,3,7,0,0,1,1,3,3,3,0,0,0,0,0,0,0,0,0,8,89500,11.402005077384883,1470,37,37,0,0,0,0,0,0,0,1,1,2.0,0,0,0,1,0,1,0,0,0,1,0,0,0,0,0,0,0,0,0,0,0,0,0,0,1,1,1,0,0,0,1,0,0,0,0,1,0,0,0,0,1,0,0,0,0,0,0,0,0,0,1,0,0,0,0,0,0,0,1,0,0,1,0,0,0,1,0,0,1,0,0,1,0,0,0,0,0,0,1,7.427144133408616,3.091042453358316
237,65.0,8773,4,4,3,7,5,98.0,4,3,4,3,3,6,24,1,0,1390,1414,5,1414,0,0,1414,0,0,2,0,3,1,4,7,0,0,2,2,3,3,3,132,105,0,0,0,0,0,0,0,5,185500,12.130815551850676,3065,6,6,0,0,0,0,0,0,0,1,1,1.0,0,0,0,1,1,0,1,0,0,0,0,1,0,0,0,0,0,0,0,0,0,0,0,1,0,1,1,0,0,1,0,0,0,0,0,0,0,0,0,0,0,0,0,0,0,1,0,0,0,0,0,0,0,0,0,1,0,0,1,0,0,0,0,1,0,1,0,0,1,0,0,0,0,0,0,0,0,0,1,9.07954808172616,4.189654742026425
238,70.04995836802665,9453,3,4,3,7,7,0.0,4,3,4,3,1,4,402,1,0,594,996,5,1014,730,0,1744,0,0,2,1,3,1,4,7,0,0,2,2,3,3,3,370,70,0,238,0,0,0,0,0,2,194500,12.178192583415596,3418,17,7,1,0,0,0,0,0,1,1,1,2.0,0,0,0,1,0,0,1,0,1,0,0,0,0,0,1,0,0,0,0,0,0,0,0,1,0,1,1,0,1,0,0,0,0,0,0,0,0,0,0,0,1,0,0,0,0,0,0,0,0,0,1,0,0,0,0,0,0,0,0,1,0,0,0,1,0,1,0,0,1,0,0,0,0,0,0,0,0,0,1,9.154193211353181,4.2633832685897595
239,93.0,12030,4,4,3,8,5,254.0,5,3,5,3,1,1,0,1,0,1694,1694,5,1694,0,0,1694,0,0,2,0,3,1,4,7,0,0,3,3,3,3,3,168,228,0,0,0,0,0,0,0,12,318000,12.669809806411456,3784,0,0,0,0,0,0,0,0,0,1,1,1.0,0,1,0,0,0,0,0,0,1,0,0,1,0,0,0,0,0,0,0,0,0,0,0,1,0,1,1,0,0,0,1,0,0,0,0,0,1,0,0,0,0,0,0,0,0,1,0,0,0,0,0,0,0,0,0,1,0,0,1,0,0,0,0,1,0,1,0,0,1,0,0,0,0,0,0,0,0,0,1,9.395241931033524,4.543294782270004
240,52.0,8741,4,4,3,6,4,0.0,3,3,3,2,1,2,94,1,0,641,735,3,798,689,0,1487,0,0,1,1,3,1,3,7,1,4,1,1,3,3,3,0,140,0,0,0,0,0,3,0,4,113000,11.635151947212842,2362,65,60,1,0,0,0,0,0,0,1,1,1.5,0,0,0,1,1,1,1,0,0,0,0,0,0,1,0,0,0,0,0,0,0,0,0,1,0,1,1,0,0,0,1,0,0,0,0,0,0,0,0,0,0,0,0,0,0,1,0,0,0,0,0,0,0,0,0,1,0,0,0,1,0,1,0,0,0,1,0,0,0,0,0,1,0,0,0,0,0,0,1,9.07589427542326,3.970291913552122
241,75.0,9000,4,4,3,8,5,36.0,4,3,4,3,3,6,1078,1,0,488,1566,5,1566,0,0,1566,1,0,2,0,3,1,4,7,0,0,2,2,3,3,3,144,168,0,0,0,0,0,0,0,4,262500,12.47801017053037,3444,2,2,0,0,0,0,0,0,0,1,1,1.0,0,0,0,1,1,0,1,0,1,0,0,1,0,0,0,0,0,0,0,0,0,0,0,0,0,1,1,0,0,0,1,0,0,0,0,0,0,0,0,0,0,0,0,0,0,1,0,0,0,0,0,0,0,0,0,1,0,0,0,0,1,0,0,1,0,1,0,0,1,0,0,0,0,0,0,0,0,0,1,9.105090961257085,4.330733340286331
242,40.0,3880,4,4,3,5,9,0.0,3,4,3,3,1,5,329,1,0,357,686,4,866,0,0,866,0,0,1,0,2,1,4,7,0,0,0,0,0,0,3,58,42,0,0,0,0,0,0,0,8,110500,11.612779849672751,1652,62,10,1,0,0,0,0,0,0,1,1,1.0,0,0,0,1,1,0,0,0,1,0,0,0,1,0,0,0,0,0,0,0,0,0,0,0,1,1,1,0,0,0,1,0,0,0,0,0,0,0,0,0,0,0,0,0,0,1,0,0,0,0,0,0,0,0,0,1,0,0,0,1,0,1,0,0,0,1,0,0,1,0,0,0,1,0,0,0,0,0,1,8.263848131368906,3.713572066704308
243,63.0,5000,4,4,3,5,4,0.0,3,3,3,3,1,1,0,1,0,540,540,4,889,551,0,1440,0,0,1,0,3,1,3,7,0,0,1,1,2,3,3,0,0,77,0,0,0,0,0,0,4,79000,11.277215789596893,2057,106,56,1,0,0,0,0,0,0,1,1,1.5,0,0,0,1,1,0,0,0,1,0,0,0,0,1,0,0,0,0,0,0,0,0,0,0,1,1,1,0,0,0,0,0,0,0,0,0,0,0,0,0,0,0,0,0,0,0,1,0,0,0,0,0,0,0,0,0,1,0,0,1,0,0,0,0,0,0,0,0,0,0,0,0,0,0,0,0,0,0,1,8.517393171418904,4.1588830833596715
244,75.0,10762,4,4,3,6,6,0.0,3,3,4,3,1,1,0,1,0,626,626,3,626,591,0,1217,0,0,1,1,3,1,3,7,1,3,2,1,3,3,3,0,28,0,0,0,0,0,0,0,4,120000,11.695255355062796,1871,29,29,0,0,0,0,0,0,0,1,1,2.0,0,0,0,1,0,0,1,0,1,1,0,0,0,0,0,0,0,0,0,0,0,0,0,1,0,1,1,0,0,0,0,0,0,0,0,1,0,0,0,0,0,0,0,1,0,0,0,0,0,0,0,0,0,1,0,0,0,0,0,1,0,1,0,0,0,1,0,0,1,0,0,0,0,0,0,0,0,0,1,9.283869605264298,4.330733340286331
245,70.04995836802665,8880,3,4,3,7,5,0.0,4,3,4,3,1,6,695,1,0,253,948,5,1222,888,0,2110,1,0,2,1,3,1,4,7,2,2,2,2,3,3,3,0,130,0,0,0,0,0,0,0,5,205000,12.230770136157428,3188,16,8,1,0,0,0,0,0,0,1,1,2.0,0,0,0,1,0,0,1,0,1,0,0,0,0,0,1,0,0,0,0,0,0,0,0,1,0,1,1,0,0,0,1,0,0,0,0,0,0,0,0,0,0,0,0,0,0,1,0,0,0,0,0,0,0,0,0,1,0,0,0,1,0,0,0,1,0,1,0,0,1,0,0,0,0,0,0,0,0,0,1,9.091669442258505,4.2633832685897595
246,80.0,10400,4,4,3,7,5,102.0,3,3,4,3,3,6,929,1,0,916,1845,4,1872,0,0,1872,0,1,2,0,3,1,3,7,1,3,3,2,3,3,3,197,39,0,0,0,0,0,0,0,6,241500,12.39462889285294,3953,18,18,0,0,0,0,0,0,0,1,1,1.0,0,0,0,1,0,1,1,1,0,0,0,1,0,0,0,0,0,0,0,0,0,0,0,1,0,1,1,0,0,0,1,0,0,0,0,0,0,0,0,0,0,0,0,0,0,0,1,0,0,0,0,0,0,0,0,0,1,0,1,0,0,1,0,0,0,1,0,0,1,0,0,0,0,0,0,0,0,0,1,9.249657234353133,4.394449154672439
247,69.0,9142,4,4,3,6,8,0.0,3,2,2,3,1,1,0,1,0,1020,1020,4,908,1020,0,1928,0,0,2,0,4,2,2,7,0,0,1,1,1,1,3,0,60,112,0,0,0,0,0,0,4,137000,11.827743504053696,3120,96,56,1,0,0,0,0,0,0,1,1,2.0,0,0,0,1,1,0,0,0,1,0,1,0,0,0,0,0,0,0,0,0,0,0,0,0,1,1,0,0,0,0,1,0,1,0,0,0,0,0,0,0,0,0,0,0,0,0,0,0,0,0,0,0,0,0,0,0,0,0,0,1,0,0,1,0,0,0,0,1,0,0,0,1,0,0,0,0,0,0,1,9.120743838164426,4.248495242049359
248,75.0,11310,4,4,3,6,5,0.0,3,3,3,3,1,1,0,1,0,1367,1367,5,1375,0,0,1375,0,0,1,0,2,1,3,7,1,3,1,2,3,3,3,0,30,0,0,0,0,0,0,0,6,140000,11.849404844423074,2772,52,52,0,0,0,0,0,0,0,1,1,1.0,0,0,0,1,0,0,1,1,0,0,0,1,0,0,0,0,0,0,0,0,0,0,0,1,0,1,1,0,0,0,1,0,0,0,0,0,1,0,0,0,0,0,0,0,0,0,1,0,1,0,0,0,0,0,0,0,0,0,0,1,0,1,0,0,0,1,0,0,1,0,0,0,0,0,0,0,0,0,1,9.33353098253138,4.330733340286331
249,72.0,11317,4,4,3,7,5,101.0,4,3,4,3,1,1,0,1,0,840,840,5,840,828,0,1668,0,0,2,1,3,1,4,7,0,0,2,2,3,3,3,144,68,0,0,0,0,0,0,0,9,180000,12.100717685412471,2720,4,4,0,0,0,0,0,0,0,1,1,2.0,0,0,0,1,1,0,1,0,0,0,0,0,0,0,1,0,0,0,0,0,0,0,0,1,0,1,1,0,0,0,1,0,0,0,0,0,0,0,0,0,0,0,0,0,0,1,0,0,0,0,0,0,0,0,0,1,0,0,1,0,0,0,0,1,0,1,0,0,1,0,0,0,0,0,0,0,0,0,1,9.334149657702469,4.290459441148391
250,70.04995836802665,159000,2,4,1,6,7,472.0,4,3,4,3,4,3,697,1,0,747,1444,4,1444,700,0,2144,0,1,2,0,4,1,4,7,2,3,3,2,3,3,3,0,98,0,0,0,0,0,0,500,6,277000,12.531776395271262,3686,49,1,1,0,1,1,0,0,0,1,1,1.5,0,0,0,1,0,0,1,0,0,0,0,0,0,1,0,0,0,0,0,0,0,0,0,1,0,1,1,0,1,0,0,0,0,0,0,0,0,0,0,0,0,0,0,0,0,0,1,0,0,0,1,0,0,0,0,0,0,0,0,0,0,1,0,0,0,1,0,0,1,0,0,0,0,0,0,1,0,1,0,11.976665770490767,4.2633832685897595
251,55.0,5350,3,4,3,3,2,0.0,3,1,3,3,1,1,0,1,0,728,728,5,1306,0,0,1306,0,0,1,0,3,1,2,4,0,0,0,0,0,0,3,263,0,0,0,0,0,0,2,450,5,76500,11.245059091624617,2297,70,44,1,0,1,0,0,0,0,1,1,1.0,0,0,0,1,1,1,0,0,0,0,0,0,1,0,0,0,0,0,0,0,0,0,0,1,0,1,1,0,0,0,1,0,0,0,0,0,0,0,0,0,0,0,0,0,0,0,1,0,0,0,0,0,0,1,0,0,0,0,0,1,0,1,0,0,0,1,0,0,1,0,0,0,1,0,0,1,0,0,1,8.585038738311304,4.02535169073515
252,44.0,4750,3,4,2,8,5,481.0,4,3,4,3,4,6,1573,1,0,0,1573,5,1625,0,0,1625,1,1,2,0,2,1,4,7,1,4,3,2,3,3,3,123,0,0,0,153,0,0,0,0,12,235000,12.367345048436391,3474,1,0,1,0,0,1,0,0,0,1,1,1.0,0,0,0,0,0,1,1,0,0,0,0,0,0,0,0,0,0,0,0,0,0,0,0,0,1,1,1,0,0,0,1,0,0,0,0,1,1,0,0,0,0,0,0,0,0,1,0,0,0,0,0,0,0,0,0,1,0,0,0,0,1,0,0,1,0,1,0,0,1,0,0,0,0,0,0,0,1,0,0,8.46611040118692,3.8066624897703196
253,65.0,8366,3,4,3,6,5,0.0,4,3,4,3,1,1,0,1,0,798,798,5,798,842,0,1640,0,0,2,1,3,1,4,7,0,0,2,2,3,3,3,138,45,0,0,0,0,0,0,0,12,173000,12.06105265381003,2621,4,4,0,0,0,0,0,0,0,1,1,2.0,0,0,0,1,0,0,1,0,1,0,0,0,0,0,1,0,0,0,0,0,0,0,0,1,0,1,1,0,0,0,1,0,0,0,0,0,0,0,0,0,0,0,0,0,0,1,0,0,0,0,0,0,0,0,0,1,0,0,0,1,0,0,0,1,0,1,0,0,1,0,0,0,0,0,0,0,0,0,1,9.032050676295599,4.189654742026425
254,85.0,9350,4,4,3,6,7,108.0,3,3,4,3,4,2,270,5,580,452,1302,5,1302,0,0,1302,0,1,2,0,3,1,4,6,0,0,2,1,3,3,3,333,0,0,0,0,0,0,3,0,10,158000,11.970356641103,2937,43,16,1,0,0,0,0,0,0,1,1,1.5,1,0,0,1,0,0,1,1,0,0,0,0,0,0,0,0,0,1,0,0,0,0,0,1,0,1,1,0,0,0,1,0,0,0,0,0,1,0,0,0,1,0,0,0,0,0,0,0,0,0,1,0,0,0,0,0,0,0,1,0,0,1,0,0,0,1,0,0,1,0,0,0,0,0,0,0,0,0,1,9.143238568435446,4.454347296253507
255,70.0,8400,4,4,3,5,6,0.0,3,4,3,3,1,3,922,1,0,392,1314,3,1314,0,0,1314,1,0,1,0,3,1,3,7,0,0,2,1,3,3,3,250,0,0,0,0,0,0,0,0,6,145000,11.884495917930655,2878,53,53,0,0,0,0,0,0,0,1,1,1.0,0,0,0,1,0,0,1,1,0,0,0,1,0,0,0,0,0,0,0,0,0,0,0,1,0,1,1,0,0,0,1,0,0,0,0,0,0,0,0,0,0,1,0,0,0,0,0,0,0,0,0,1,0,0,0,0,0,0,0,1,0,1,0,0,0,1,0,0,1,0,0,0,0,0,0,0,0,0,1,9.036106025364846,4.2626798770413155
256,66.0,8738,3,4,3,7,5,302.0,4,3,4,3,1,1,0,1,0,975,975,5,1005,1286,0,2291,0,0,2,1,4,1,4,7,1,3,3,2,3,3,3,192,0,0,0,0,0,0,0,0,2,230000,12.345838935721968,3458,7,7,0,0,0,0,0,0,0,1,1,2.0,0,0,0,1,0,0,0,1,0,0,0,0,0,0,1,0,0,0,0,0,0,0,0,1,0,1,1,0,0,0,1,0,0,0,0,0,0,0,0,0,0,0,0,0,0,1,0,0,0,0,0,0,0,0,0,1,0,0,1,0,0,0,0,1,0,1,0,0,1,0,1,0,0,0,0,0,0,0,1,9.075551045627543,4.204692619390966
257,64.0,8791,3,4,3,6,5,0.0,4,3,4,3,1,3,503,1,0,361,864,5,864,864,0,1728,0,0,2,1,3,1,4,7,0,0,2,2,3,3,3,216,56,0,0,0,0,0,0,0,5,207500,12.242891437918386,2864,5,5,0,0,0,0,0,0,0,1,1,2.0,0,0,0,1,1,0,1,0,1,0,0,0,0,0,1,0,0,0,0,0,0,0,0,0,0,1,1,0,0,0,1,0,0,0,0,0,0,0,0,0,0,0,0,0,0,1,0,0,0,0,0,0,0,0,0,1,0,0,0,1,0,0,0,1,0,1,0,0,1,0,0,0,0,0,0,0,0,0,1,9.081597496083457,4.174387269895637
258,68.0,8814,4,4,3,7,5,180.0,4,3,4,3,1,6,1334,1,0,270,1604,5,1604,0,0,1604,1,0,2,1,3,1,4,7,1,4,2,2,3,3,3,123,110,0,0,0,0,0,0,0,3,220000,12.301387370778713,3441,3,3,0,0,0,0,0,0,0,1,1,1.0,0,0,1,0,1,0,1,0,0,0,0,1,0,0,0,0,0,0,0,0,0,0,0,1,0,1,1,0,0,0,1,0,0,0,0,0,0,0,0,0,0,0,0,0,0,1,0,0,0,0,0,0,0,0,0,1,0,0,0,0,1,0,0,1,0,1,0,0,1,0,0,0,0,0,0,0,0,0,1,9.08421009483197,4.23410650459726
259,80.0,12435,4,4,3,7,5,172.0,4,3,4,3,1,6,361,1,0,602,963,5,963,829,0,1792,0,0,2,1,3,1,4,7,1,3,2,2,3,3,3,0,96,0,245,0,0,0,0,0,5,231500,12.352339472153524,3096,7,7,0,0,0,0,0,0,0,1,1,2.0,0,0,0,1,1,0,1,0,0,0,0,0,0,0,1,0,0,0,0,0,0,0,0,1,0,1,1,0,0,0,1,0,0,0,0,0,0,0,0,0,0,0,0,0,0,1,0,0,0,0,0,0,0,0,0,1,0,0,1,0,0,0,0,1,0,1,0,0,1,0,0,0,0,0,0,0,0,0,1,9.428350771178645,4.394449154672439
260,70.0,12702,4,4,3,5,5,0.0,3,3,0,0,0,0,0,0,0,0,0,4,882,0,0,882,0,0,1,0,2,1,3,7,0,0,1,1,3,3,3,0,45,0,0,0,0,0,0,0,12,97000,11.48247656671073,927,52,52,0,0,0,0,0,0,0,1,1,1.0,0,0,0,1,1,0,0,0,1,0,0,1,0,0,0,0,0,0,0,0,0,0,0,0,1,1,1,0,0,0,1,0,0,0,0,0,0,0,1,0,0,0,0,0,0,0,0,0,1,0,0,0,0,0,0,0,0,0,0,1,0,0,0,1,0,1,0,0,0,0,0,1,0,0,0,0,0,0,1,9.44959346502346,4.2626798770413155
261,120.0,19296,4,4,3,6,5,399.0,3,3,3,3,4,3,672,5,690,0,1362,3,1382,0,0,1382,1,0,1,0,3,1,3,7,1,3,1,2,3,3,3,0,0,252,0,0,0,0,2,0,5,176000,12.07824495582233,2996,47,47,0,0,0,0,0,1,0,1,1,1.5,1,0,0,1,0,0,1,1,0,0,0,0,0,0,0,0,0,1,0,0,0,0,0,1,0,1,1,0,0,0,0,0,0,0,0,0,0,0,0,0,0,0,0,0,0,0,1,0,0,0,0,0,0,0,0,0,1,0,1,0,0,1,0,0,0,1,0,0,1,0,0,0,0,0,0,0,0,0,1,9.867704922396356,4.795790545596741
262,69.0,9588,3,4,3,8,5,270.0,4,3,5,3,1,1,0,1,0,1482,1482,5,1482,1092,0,2574,0,0,2,1,3,1,5,7,1,4,3,3,3,3,3,0,148,0,0,0,0,0,0,0,11,276000,12.52815976788113,4204,0,0,0,0,0,0,0,0,0,1,1,2.0,0,1,0,0,1,0,1,0,0,0,0,0,0,0,1,0,0,0,0,0,0,0,0,1,0,1,1,0,0,0,1,0,0,0,0,0,0,0,0,1,0,0,0,0,0,0,0,0,0,1,0,0,0,0,0,0,0,0,0,0,1,0,0,1,0,1,0,0,1,0,1,0,0,0,0,0,0,0,1,9.16837188715368,4.248495242049359
263,88.0,8471,3,4,3,6,7,46.0,3,3,4,4,3,5,506,1,0,0,506,3,1212,0,0,1212,1,0,1,0,3,1,3,7,1,3,1,2,3,3,3,292,12,0,0,0,0,0,2,0,7,151000,11.92504173829169,2022,29,11,1,0,0,0,0,0,0,1,1,1.5,1,0,0,1,1,1,0,0,1,0,0,0,0,0,0,0,0,1,0,0,0,0,0,1,0,1,1,0,0,0,0,0,0,0,0,0,0,0,0,0,1,0,0,0,0,0,0,0,0,0,0,0,0,1,0,0,0,0,1,0,0,1,0,0,0,1,0,0,1,0,0,0,0,0,0,0,0,0,1,9.044521887281242,4.48863636973214
264,50.0,5500,4,4,3,5,7,0.0,3,3,3,3,1,2,234,5,692,0,926,3,926,0,390,1316,1,0,1,0,3,1,3,7,0,0,1,2,3,3,3,0,0,0,0,0,0,0,0,0,4,130000,11.775297421715829,2242,81,9,1,0,0,0,0,0,0,1,1,1.5,0,0,0,1,1,0,0,0,1,0,0,0,0,1,0,0,0,0,0,0,0,0,0,0,1,1,1,0,0,0,0,0,0,0,0,0,0,0,0,0,0,0,0,0,0,0,1,0,0,0,0,0,0,0,0,0,1,0,0,1,0,0,0,0,0,1,0,0,1,0,0,1,0,0,0,0,0,0,1,8.612685172875459,3.9318256327243257
265,30.0,5232,1,4,3,5,5,0.0,3,3,2,3,1,1,0,1,0,680,680,4,764,0,0,764,0,0,1,0,2,1,3,7,0,0,1,2,3,3,1,0,0,0,0,0,0,0,0,0,6,73000,11.19822841866684,1444,83,4,1,0,0,1,0,1,0,1,1,1.0,0,0,0,1,1,0,0,0,1,0,0,0,1,0,0,0,0,0,0,0,0,0,0,0,1,1,0,0,0,0,1,0,0,0,0,0,0,0,0,0,0,0,0,0,0,0,1,0,0,0,0,0,0,0,0,0,1,0,0,1,0,0,0,0,0,0,0,1,0,0,0,1,0,0,0,0,0,0,0,8.562740006372207,3.4339872044851463
266,78.0,12090,3,4,3,6,6,210.0,3,4,4,3,1,6,588,2,228,606,1422,3,1422,0,0,1422,0,0,2,0,3,1,4,7,1,3,3,2,3,3,3,276,0,0,0,0,0,0,4,0,6,175500,12.075400019877522,3120,27,27,0,0,0,0,0,0,0,1,1,1.0,0,0,0,1,0,1,1,1,0,0,0,1,0,0,0,0,0,0,0,0,0,0,0,1,0,1,1,0,0,0,1,0,0,0,0,0,0,0,0,0,0,1,0,0,0,0,0,0,0,0,0,1,0,0,0,0,0,0,1,0,0,1,0,0,0,1,0,0,1,0,0,0,0,0,0,0,0,0,1,9.400216653174247,4.3694478524670215
267,70.0,11207,3,4,3,6,5,0.0,3,3,4,3,3,6,714,1,0,88,802,4,802,709,0,1511,1,0,2,1,3,1,3,7,1,3,3,2,3,3,3,95,75,0,0,0,0,0,0,0,6,185000,12.128116509451258,2483,9,9,0,0,0,1,0,0,0,1,1,2.0,0,0,0,1,0,0,0,1,0,0,0,0,0,0,1,0,0,0,0,0,0,0,0,1,0,1,1,0,0,1,0,0,0,0,0,0,0,0,0,0,0,0,0,0,0,1,0,0,0,0,0,0,0,0,0,1,0,0,0,1,0,0,0,1,0,1,0,0,1,0,0,0,0,0,0,0,1,0,0,9.324383088016843,4.2626798770413155
268,60.0,8400,4,4,2,5,8,0.0,3,3,3,3,1,2,378,1,0,342,720,5,1052,720,420,2192,0,0,2,1,4,1,4,7,1,4,1,1,3,3,3,262,24,0,0,0,0,0,0,0,7,179500,12.097936057925594,3198,69,11,1,0,0,1,0,0,0,1,1,2.5,0,0,0,1,0,1,0,0,1,0,0,0,0,0,0,0,1,0,0,0,0,0,0,1,0,1,1,0,0,0,1,0,0,0,0,0,0,0,0,0,0,0,0,0,0,0,1,0,0,0,0,0,0,0,0,0,1,0,0,1,0,0,0,1,0,1,0,0,1,0,0,1,0,0,0,0,0,0,0,9.036106025364846,4.110873864173311
269,71.0,6900,4,4,3,5,6,0.0,3,3,3,3,1,5,403,3,125,212,740,5,778,0,0,778,0,0,1,0,2,1,3,7,1,4,3,1,5,5,3,0,25,0,0,0,0,0,0,0,2,120500,11.6994133306336,1543,68,53,1,0,0,0,0,0,0,1,1,1.0,0,0,0,1,1,0,0,1,0,0,0,0,1,0,0,0,0,0,0,0,0,0,0,0,1,1,1,0,0,0,1,0,0,0,0,0,0,0,0,0,0,0,0,0,0,1,0,0,0,0,0,0,0,0,0,1,0,0,0,1,0,1,0,0,0,1,0,0,1,0,0,1,0,0,0,0,0,0,1,8.839421607620602,4.276666119016055
270,70.04995836802665,7917,3,4,3,6,7,174.0,3,4,3,4,1,4,751,1,0,392,1143,3,1113,0,0,1113,1,0,1,1,3,1,3,7,1,2,2,1,3,4,3,370,30,0,0,0,0,0,4,0,5,148000,11.904974309480185,2656,31,31,0,0,0,0,0,0,0,1,1,1.0,0,0,0,1,1,1,1,0,0,0,0,1,0,0,0,0,0,0,0,0,0,0,0,1,0,1,1,0,0,0,0,0,0,0,0,0,1,0,0,0,1,0,0,0,0,0,0,0,0,0,1,0,0,0,0,0,0,0,1,0,0,1,0,0,0,1,0,0,1,0,0,0,0,0,0,0,0,0,1,8.976893927666076,4.2633832685897595
271,84.0,10728,4,4,3,8,5,0.0,4,3,4,3,2,1,0,1,0,1095,1095,4,1095,844,0,1939,0,0,2,1,3,1,4,7,1,4,2,3,3,3,3,192,51,0,0,0,0,0,0,0,8,266000,12.491255347155263,3277,0,0,0,0,0,0,0,0,0,1,1,2.0,0,1,0,0,1,0,1,0,1,0,0,0,0,0,1,0,0,0,0,0,0,0,0,0,0,1,1,0,0,0,1,0,0,0,0,0,0,0,0,0,0,0,0,0,0,1,0,0,0,0,0,0,0,0,0,1,0,0,0,1,0,0,0,1,0,1,0,0,1,0,0,0,0,0,0,0,0,0,1,9.280705634636746,4.442651256490317
272,73.0,39104,3,4,1,7,7,0.0,3,3,4,3,4,2,226,6,1063,96,1385,5,1363,0,0,1363,1,0,1,0,2,1,3,4,2,3,1,2,3,3,3,81,0,0,0,0,0,0,0,0,4,241500,12.39462889285294,2829,54,3,1,0,0,1,0,0,0,0,1,1.0,0,0,0,1,0,0,1,0,0,0,0,1,0,0,0,0,0,0,0,0,0,0,0,1,0,1,1,0,1,0,0,0,0,0,0,0,0,1,0,0,0,0,0,1,0,0,0,0,0,0,0,0,0,1,0,0,0,0,0,1,0,1,0,0,0,1,0,0,1,0,0,0,0,0,0,0,0,1,0,10.574005615035713,4.30406509320417
273,92.0,11764,3,4,3,8,7,348.0,4,3,4,3,1,6,524,1,0,628,1152,5,1164,1106,0,2270,0,0,2,1,4,1,4,7,1,4,3,3,3,3,3,132,57,0,0,0,0,0,0,0,4,290000,12.577639650232571,3611,11,3,1,0,0,0,0,0,0,1,1,2.0,0,0,0,1,1,1,1,1,0,0,0,0,0,0,1,0,0,0,0,0,0,0,0,1,0,1,1,0,1,0,0,0,0,0,0,0,0,0,0,0,0,0,0,0,0,1,0,0,0,0,0,0,0,0,0,1,0,0,1,0,0,0,0,1,0,1,0,0,1,0,0,0,0,0,0,0,0,0,1,9.372884301161463,4.532599493153256
274,80.0,9600,4,4,3,6,6,183.0,3,3,3,3,1,3,620,2,620,0,1240,4,1632,0,0,1632,1,0,2,0,3,1,3,6,1,4,2,1,3,3,3,289,0,0,0,0,0,0,3,0,4,139000,11.842236406331557,3161,51,21,1,0,0,0,0,1,0,1,1,1.0,0,0,0,1,0,0,1,1,0,0,0,1,0,0,0,0,0,0,0,0,0,0,0,1,0,1,1,0,0,0,1,0,0,0,0,0,1,0,0,0,0,0,0,0,0,0,1,0,0,0,0,0,0,0,0,0,1,0,0,0,0,1,0,0,0,1,0,0,1,0,0,0,0,0,0,0,0,0,1,9.169622538697624,4.394449154672439
275,76.0,8314,4,4,3,5,7,0.0,3,3,3,3,4,5,546,1,0,270,816,3,816,0,0,816,0,0,1,0,2,1,3,7,0,0,1,1,3,3,3,168,0,0,0,0,0,0,0,0,6,124500,11.732069026983156,1800,25,25,0,0,0,0,0,0,0,1,1,1.0,0,0,0,1,1,1,0,1,0,0,0,1,0,0,0,0,0,0,0,0,0,0,0,1,0,1,1,0,0,0,0,0,0,0,0,0,0,0,0,0,1,0,0,0,0,0,0,0,0,0,0,0,1,0,0,0,0,0,0,1,0,1,0,0,0,1,0,0,1,0,0,0,0,0,0,0,0,0,1,9.025816391627028,4.343805421853684
276,55.0,7264,4,4,3,7,7,0.0,4,4,3,3,1,1,0,1,0,952,952,4,952,596,0,1548,0,0,2,1,3,1,5,7,0,0,1,2,3,3,3,74,0,0,0,144,0,0,0,0,10,205000,12.230770136157428,2718,84,2,1,0,0,0,0,0,0,1,0,1.5,0,0,0,1,1,1,0,0,0,0,0,0,0,1,0,0,0,0,0,0,0,0,0,1,0,1,1,0,0,0,1,0,0,0,0,0,0,0,0,0,0,0,0,0,0,0,1,0,0,0,0,0,0,0,0,0,1,0,0,1,0,0,0,0,0,0,0,0,1,0,0,1,0,0,0,0,0,0,1,8.890823576004383,4.02535169073515
277,129.0,9196,3,4,3,7,5,0.0,4,3,5,3,1,1,0,1,0,1560,1560,5,1560,0,0,1560,0,0,2,0,3,1,4,7,0,0,3,2,3,3,3,100,150,0,0,0,0,0,0,0,4,201000,12.211065162153217,3370,7,7,0,0,0,0,0,0,0,1,1,1.0,0,0,0,1,1,1,0,1,0,0,0,1,0,0,0,0,0,0,0,0,0,0,0,1,0,1,1,0,0,0,1,0,0,0,0,0,0,0,0,0,0,0,0,0,0,1,0,0,0,0,0,0,0,0,0,1,0,0,0,1,0,0,0,1,0,1,0,0,1,0,0,0,0,0,0,0,0,0,1,9.126632622902697,4.867534450455582
278,140.0,19138,4,4,3,4,5,0.0,3,3,3,3,1,2,120,1,0,744,864,5,864,0,0,864,0,0,1,0,2,1,3,7,0,0,1,2,3,3,3,0,0,0,0,0,0,0,0,0,6,141000,11.856522261533735,1728,59,59,0,0,0,0,0,0,0,1,1,1.0,0,0,0,1,0,0,0,1,0,0,0,1,0,0,0,0,0,0,0,0,0,0,0,1,0,1,1,0,0,0,0,0,0,0,0,0,0,0,0,0,0,0,0,0,0,1,0,0,0,0,0,0,0,0,0,1,0,0,0,1,0,1,0,0,0,1,0,0,1,0,0,1,0,0,0,0,0,0,1,9.859483417038073,4.948759890378168
279,107.0,14450,4,4,3,9,5,315.0,5,3,5,3,4,1,0,1,0,2121,2052,5,2121,0,0,2121,0,0,2,1,3,1,5,7,1,5,3,3,3,3,3,124,98,0,0,142,0,0,0,0,5,415298,12.93675402171804,4537,1,0,1,0,0,0,0,0,0,1,1,1.0,0,1,0,0,0,0,0,0,1,0,0,1,0,0,0,0,0,0,0,0,0,0,0,1,0,1,1,0,0,0,1,0,0,0,0,0,0,0,0,1,0,0,0,0,0,0,0,0,0,1,0,0,0,0,0,0,0,0,1,0,0,0,0,1,0,1,0,0,1,0,0,0,0,0,0,0,0,0,1,9.57851889529833,4.68213122712422
280,83.0,10005,4,4,3,7,5,299.0,3,3,4,3,1,4,392,1,0,768,1160,5,1156,866,0,2022,0,0,2,1,4,1,3,7,1,3,3,2,3,3,3,288,117,0,0,0,0,0,0,0,3,192000,12.165255859329688,3587,31,31,0,0,0,0,0,0,0,1,1,2.0,0,0,0,1,0,0,1,0,0,0,0,0,0,0,1,0,0,0,0,0,0,0,0,1,0,1,1,0,0,0,1,0,0,0,0,0,1,0,0,0,0,0,0,1,0,0,0,0,0,0,0,0,0,1,0,0,0,0,1,0,0,1,0,0,0,1,0,0,1,0,0,0,0,0,0,0,0,0,1,9.21094019204815,4.430816798843313
281,82.0,11287,4,4,3,7,6,340.0,4,3,4,3,3,6,421,1,0,386,807,4,1175,807,0,1982,0,0,2,1,3,1,4,7,1,3,3,2,3,3,3,0,84,0,196,0,0,0,0,0,1,228500,12.339295865674435,3069,18,18,0,0,0,0,0,0,0,1,1,2.0,0,0,0,1,0,0,1,0,1,0,0,0,0,0,1,0,0,0,0,0,0,0,0,1,0,1,1,0,0,0,1,0,0,0,0,0,0,0,0,0,0,0,0,1,0,0,0,0,0,0,0,0,0,1,0,0,0,0,1,0,0,1,0,0,0,1,0,0,1,0,0,0,0,0,0,0,0,0,1,9.33149549353265,4.418840607796598
282,60.0,7200,4,4,3,6,5,68.0,4,3,4,3,1,6,905,1,0,357,1262,4,1262,0,0,1262,0,0,2,0,2,1,4,7,0,0,3,2,3,3,3,0,120,0,0,0,0,0,0,0,5,185000,12.128116509451258,2644,0,0,0,0,0,0,0,0,0,1,1,1.0,0,1,0,0,1,0,1,0,1,0,0,1,0,0,0,0,0,0,0,0,0,0,0,0,0,1,0,1,0,0,1,0,0,0,0,0,0,0,0,0,0,0,0,0,0,1,0,0,0,0,0,0,0,0,0,1,0,0,0,0,1,0,0,1,0,1,0,0,1,0,0,0,0,0,0,0,0,0,1,8.881975184248867,4.110873864173311
283,34.0,5063,4,4,3,7,5,166.0,4,3,4,3,1,6,904,1,0,410,1314,5,1314,0,0,1314,1,0,2,0,2,1,4,7,1,4,2,2,3,3,3,172,62,0,0,0,0,0,0,0,4,207500,12.242891437918386,2862,2,1,1,0,0,0,0,0,0,1,1,1.0,0,0,0,1,0,0,0,0,1,0,0,0,0,0,0,0,0,0,0,0,0,0,0,1,0,1,1,0,0,0,1,0,0,0,1,0,0,0,0,0,0,0,0,0,0,1,0,0,0,0,0,0,0,0,0,1,0,0,0,0,1,0,0,1,0,1,0,0,1,0,0,0,0,0,0,0,0,0,1,8.529911963824013,3.5553480614894135
284,74.0,9612,4,4,3,8,5,72.0,4,3,4,3,1,1,0,1,0,1468,1468,5,1468,0,0,1468,0,0,2,0,3,1,4,7,1,4,3,3,3,3,3,210,150,0,0,0,0,0,0,0,12,244600,12.407383590534293,3296,1,0,1,0,0,0,0,1,0,1,1,1.0,0,1,0,0,1,0,1,0,1,0,0,1,0,0,0,0,0,0,0,0,0,0,0,1,0,1,1,0,0,0,1,0,0,0,0,0,0,0,0,0,0,0,0,0,0,1,0,0,0,0,0,0,0,0,0,1,0,0,0,0,1,0,0,1,0,1,0,0,1,0,0,0,0,0,0,0,0,0,1,9.170871628065816,4.31748811353631
285,50.0,8012,4,4,3,6,5,0.0,4,3,4,3,1,6,430,1,0,1145,1575,4,1575,0,0,1575,1,0,2,0,2,1,4,7,0,0,2,2,3,3,3,0,0,52,0,0,0,0,0,0,7,179200,12.09626335986454,3202,15,15,0,0,0,0,0,0,0,1,1,1.0,0,0,0,1,0,0,1,0,1,0,0,0,0,0,0,0,0,0,0,0,0,0,0,1,0,1,1,0,0,0,1,0,0,0,0,1,0,0,0,0,0,0,0,1,0,0,0,0,0,0,0,0,1,0,0,0,0,0,0,1,0,0,0,1,0,1,0,0,1,0,0,0,0,0,0,0,0,0,1,8.98882050177807,3.9318256327243257
286,35.0,4251,3,4,3,7,5,0.0,4,3,4,3,1,1,0,1,0,625,625,5,625,625,0,1250,0,0,2,1,2,1,4,7,0,0,2,2,3,3,3,0,54,0,0,0,0,0,0,0,6,164700,12.011886987792716,1929,1,0,1,0,0,0,0,0,0,1,1,2.0,0,1,0,0,1,0,1,0,1,1,0,0,0,0,0,0,0,0,0,0,0,0,0,0,0,1,0,1,0,0,1,0,0,0,0,1,0,0,0,0,0,1,0,0,0,0,0,0,0,0,0,1,0,0,0,0,0,0,0,1,0,0,0,1,0,1,0,0,1,0,0,1,0,0,0,0,0,0,1,8.355144739461839,3.58351893845611
287,77.0,9786,3,4,3,6,7,0.0,3,3,3,3,1,3,600,1,0,312,912,3,1085,649,0,1734,0,0,1,1,3,1,4,7,1,4,2,2,3,3,3,0,0,0,0,128,0,0,4,0,6,159000,11.976665770490769,2774,44,25,1,0,0,1,0,0,0,1,1,1.5,0,0,0,1,0,0,1,1,0,0,0,0,0,1,0,0,0,0,0,0,0,0,0,1,0,1,1,0,0,0,1,0,0,0,0,0,0,0,0,0,0,0,0,0,0,0,1,0,0,0,0,0,0,0,0,0,1,0,0,1,0,1,0,0,0,1,0,0,1,0,0,0,0,0,0,0,0,0,0,9.18881025342582,4.356708826689592
288,70.04995836802665,8125,3,4,3,4,4,0.0,3,3,3,3,1,4,614,1,0,244,858,3,858,0,0,858,0,0,1,0,3,1,3,7,0,0,0,0,0,0,3,0,0,0,0,0,0,0,0,0,6,88000,11.38510345703214,1716,35,35,0,0,0,0,0,0,0,1,1,1.0,0,0,0,1,0,0,1,1,0,0,0,1,0,0,0,0,0,0,0,0,0,0,0,1,0,1,1,0,0,0,0,0,0,0,0,0,0,0,0,0,1,0,0,0,0,0,0,0,0,0,1,0,0,0,0,0,0,0,0,1,0,1,0,0,0,1,0,0,1,0,0,0,1,0,0,0,0,0,1,9.002824076547672,4.2633832685897595
289,70.04995836802665,9819,3,4,3,5,5,31.0,3,4,3,3,1,4,450,1,0,432,882,3,900,0,0,900,0,0,1,0,3,1,3,7,0,0,1,1,3,3,3,0,0,0,0,0,0,0,3,0,2,122000,11.711784520403112,1782,43,43,0,0,0,0,0,0,0,1,1,1.0,0,0,0,1,1,1,0,0,1,0,0,1,0,0,0,0,0,0,0,0,0,0,0,1,0,1,1,0,0,0,1,0,0,0,0,0,0,0,0,0,0,1,0,0,0,0,0,0,0,0,0,1,0,0,0,0,0,0,1,0,0,1,0,0,0,1,0,0,1,0,0,1,0,0,0,0,0,0,1,9.192176401348512,4.2633832685897595
290,60.0,8730,4,4,3,6,7,0.0,3,3,3,3,1,1,0,1,0,698,698,5,698,698,0,1396,0,0,1,0,3,1,3,7,0,0,1,1,3,3,3,0,0,0,0,259,0,0,0,0,7,153575,11.941950837487406,2353,92,4,1,0,0,0,0,0,1,1,1,2.0,0,0,0,1,1,1,0,0,0,0,0,0,0,0,0,1,0,0,0,0,0,0,0,1,0,1,1,0,0,0,1,0,0,0,0,0,0,0,0,0,0,0,0,0,0,0,1,0,0,0,0,0,0,0,0,0,1,0,0,1,0,0,0,0,0,1,0,0,0,0,0,1,0,0,0,0,0,0,1,9.074635189810808,4.110873864173311
291,120.0,15611,4,4,3,8,5,0.0,4,3,4,3,3,1,0,1,0,1079,1079,5,1079,840,0,1919,0,0,2,1,3,1,4,7,1,4,2,2,4,3,3,0,51,0,0,0,0,0,0,0,7,233230,12.359784657728284,3049,0,0,0,0,0,0,0,0,0,1,1,2.0,0,1,0,0,1,0,1,0,0,0,0,0,0,0,1,0,0,0,0,0,0,0,0,1,0,1,1,0,0,0,1,0,0,0,0,0,0,0,0,0,0,0,0,0,0,1,0,0,0,0,0,0,0,0,0,1,0,0,0,1,0,0,0,1,0,1,0,0,1,0,0,0,0,0,0,0,0,0,1,9.655795128300506,4.795790545596741
292,55.0,5687,4,4,3,5,6,0.0,3,2,3,2,1,3,210,1,0,570,780,5,936,780,0,1716,1,0,2,0,6,1,2,7,0,0,0,0,0,0,1,0,184,0,0,0,0,0,0,0,3,135900,11.819681958463892,2680,96,8,1,0,0,1,0,0,0,1,1,2.0,0,0,0,1,0,1,0,0,1,0,1,0,0,0,0,0,0,0,0,0,0,0,0,1,0,1,0,0,0,0,1,0,1,0,0,0,0,0,0,0,0,0,0,0,0,1,0,0,0,0,0,0,0,0,0,1,0,0,0,1,0,0,0,1,0,0,0,0,1,0,0,0,1,0,0,0,0,0,0,8.646113971483077,4.02535169073515
293,60.0,11409,4,4,3,5,4,0.0,3,3,3,3,1,2,292,1,0,476,768,4,1148,568,0,1716,0,0,1,1,3,1,3,5,1,4,1,1,3,3,3,0,0,0,0,160,0,0,0,0,1,131000,11.78296023574194,2644,60,1,1,0,0,0,0,0,0,1,1,1.5,0,0,0,1,1,1,1,0,0,0,0,0,0,1,0,0,0,0,0,0,0,0,0,1,0,1,1,0,0,0,1,0,0,0,0,0,0,0,0,0,0,0,0,0,0,0,1,0,0,0,0,0,0,0,0,0,1,0,0,1,0,1,0,0,0,1,0,0,1,0,0,0,0,0,0,0,0,0,1,9.342245442856122,4.110873864173311
294,70.04995836802665,16659,3,4,3,7,7,34.0,3,3,3,3,1,5,795,1,0,0,795,2,1468,795,0,2263,1,0,2,1,3,1,4,7,1,3,3,2,3,3,3,0,250,0,0,0,0,0,0,0,3,235000,12.367345048436391,3308,29,12,1,0,0,0,1,0,0,1,1,2.0,0,0,0,1,0,1,1,1,0,0,0,0,0,0,1,0,0,0,0,0,0,0,0,1,0,1,1,0,0,0,0,0,0,0,0,0,0,0,0,0,0,0,0,1,0,0,0,0,0,0,0,0,0,1,0,0,0,0,1,0,0,1,0,0,0,1,0,0,1,0,0,0,0,0,0,0,0,0,1,9.720765915720834,4.2633832685897595
295,80.0,9600,4,4,3,6,5,238.0,3,3,3,3,1,6,1285,1,0,131,1416,3,1644,0,0,1644,1,0,1,0,3,1,3,7,2,4,3,2,3,3,3,110,0,0,0,0,0,0,0,0,10,167000,12.025755079404917,3170,56,56,0,0,0,0,0,0,0,1,1,1.0,0,0,0,1,0,0,1,1,0,0,0,1,0,0,0,0,0,0,0,0,0,0,0,1,0,1,1,0,0,0,1,0,0,0,0,0,1,0,0,0,1,0,0,0,0,0,0,0,0,0,1,0,0,0,0,0,0,0,0,0,1,1,0,0,0,1,0,0,1,0,0,0,0,0,0,0,0,0,1,9.169622538697624,4.394449154672439
296,37.0,7937,3,4,3,6,6,0.0,3,3,3,3,3,6,819,1,0,184,1003,3,1003,0,0,1003,1,0,1,0,3,1,3,7,0,0,1,2,3,3,3,120,0,0,0,0,0,0,4,0,3,142500,11.86710429621008,2126,22,22,0,0,0,0,0,0,0,1,1,1.5,1,0,0,1,1,1,0,1,0,0,0,0,0,0,0,0,0,1,0,0,0,0,0,1,0,1,1,0,1,0,0,0,0,0,0,0,0,0,0,0,1,0,0,0,0,0,0,0,0,0,1,0,0,0,0,0,0,0,0,1,0,1,0,0,0,1,0,0,1,0,0,1,0,0,0,0,0,0,1,8.97941663334301,3.6375861597263857
297,75.0,13710,4,4,3,5,5,0.0,3,3,3,3,1,4,420,1,0,490,910,3,910,648,0,1558,0,0,1,1,4,1,3,7,0,0,1,1,3,3,3,289,0,0,0,0,0,0,3,0,6,152000,11.93164237875414,2757,57,57,0,0,0,0,0,0,0,1,1,1.5,0,0,0,1,1,0,0,1,0,0,0,0,0,1,0,0,0,0,0,0,0,0,0,0,1,1,1,0,0,0,1,0,0,0,0,0,0,0,0,0,0,0,0,0,0,0,1,0,0,0,0,0,0,0,0,0,1,0,0,1,0,1,0,0,0,1,0,0,0,0,0,0,0,0,0,0,0,0,1,9.525953709356655,4.330733340286331
298,66.0,7399,3,4,3,7,5,1600.0,4,3,4,3,1,4,649,1,0,326,975,5,975,975,0,1950,0,0,2,1,3,1,4,7,1,3,2,2,3,3,3,0,10,0,0,198,0,0,0,0,6,239000,12.384223015005311,3133,10,9,1,0,0,0,0,0,0,1,1,2.0,0,0,0,1,1,0,1,0,1,0,0,0,0,0,1,0,0,0,0,0,0,0,0,0,0,1,0,1,0,0,1,0,0,0,0,0,1,0,0,0,0,0,0,0,0,1,0,0,0,0,0,0,0,0,0,1,0,0,1,0,0,0,0,1,0,1,0,0,1,0,0,1,0,0,0,0,0,0,1,8.909235279192261,4.204692619390966
299,90.0,11700,4,4,3,6,6,365.0,4,3,3,3,1,5,384,3,175,143,702,4,1041,702,0,1743,0,1,1,2,3,1,3,7,1,4,1,2,3,3,3,224,0,0,0,0,0,0,0,0,6,175000,12.07254696717504,2669,39,39,0,0,0,0,0,0,0,1,1,2.0,0,0,0,1,0,1,1,1,0,0,0,0,0,0,1,0,0,0,0,0,0,0,0,1,0,1,1,0,0,0,1,0,0,0,0,0,0,1,0,0,1,0,0,0,0,0,0,0,0,0,0,0,1,0,0,0,0,0,1,0,0,1,0,0,0,1,0,0,1,0,0,0,0,0,0,0,0,0,1,9.367429587218957,4.51085950651685
300,80.0,14000,4,4,3,6,8,0.0,3,4,3,3,1,1,0,1,0,1092,1092,5,1152,0,0,1152,0,1,1,0,3,1,4,7,1,4,1,1,3,3,3,0,36,0,0,0,0,0,4,0,8,158500,11.973516181427836,2280,59,5,1,0,0,0,0,0,0,1,1,1.0,0,0,0,0,0,1,1,0,0,0,0,1,0,0,0,0,0,0,0,0,0,0,0,1,0,1,1,0,0,0,1,0,0,0,0,0,0,0,0,0,1,0,0,0,0,0,0,0,0,0,1,0,0,0,0,0,0,0,0,1,0,1,0,0,0,1,0,0,1,0,0,0,0,0,0,0,0,0,1,9.546884034617925,4.394449154672439
301,90.0,15750,4,4,3,5,5,56.0,3,3,3,3,2,4,841,1,0,324,1165,3,1336,0,0,1336,1,0,1,0,2,1,3,7,2,4,1,1,3,3,3,0,0,0,0,0,0,0,0,0,6,157000,11.964007453736912,2501,53,53,0,0,0,0,0,0,0,1,1,1.0,0,0,0,1,0,1,1,0,0,0,1,0,0,0,0,0,0,0,0,0,0,0,0,1,0,1,1,0,0,0,0,0,1,0,0,0,1,0,0,0,0,1,0,0,0,0,0,0,0,0,0,1,0,0,0,0,0,0,1,0,0,1,0,0,0,1,0,0,1,0,0,0,0,0,0,0,0,0,1,9.664659134301736,4.51085950651685
302,66.0,16226,1,4,3,8,5,0.0,4,3,4,3,1,6,281,1,0,747,1028,5,1210,1242,0,2452,0,0,2,1,4,1,4,7,1,3,3,2,3,3,3,208,50,0,0,0,0,0,0,0,5,267000,12.495007682693725,3738,9,8,1,0,0,0,0,0,0,1,1,2.0,0,0,0,1,1,0,1,0,0,0,0,0,0,0,1,0,0,0,0,0,0,0,0,1,0,1,1,0,0,0,1,0,0,0,0,0,0,0,0,0,0,0,0,0,0,1,0,0,0,0,0,0,0,0,0,1,0,0,0,1,0,0,0,1,0,1,0,0,1,0,1,0,0,0,0,0,0,0,1,9.694431800539537,4.204692619390966
303,118.0,13704,3,4,3,7,5,150.0,4,3,4,3,1,1,0,1,0,1541,1541,5,1541,0,0,1541,0,0,2,0,3,1,4,7,1,3,2,3,3,3,3,468,81,0,0,0,0,0,0,0,1,205000,12.230770136157428,3631,5,4,1,0,0,0,0,0,0,1,1,1.0,0,0,0,1,1,0,1,0,0,0,0,1,0,0,0,0,0,0,0,0,0,0,0,1,0,1,1,0,0,0,0,0,0,0,0,0,0,0,0,0,0,0,0,0,0,1,0,0,0,0,0,0,0,0,0,1,0,0,1,0,0,0,0,1,0,1,0,0,1,0,0,0,0,0,0,0,0,0,1,9.525516008736886,4.77912349311153
304,70.0,9800,4,4,3,5,7,0.0,3,3,3,3,1,5,894,1,0,0,894,3,894,0,0,894,1,0,1,0,3,1,3,7,0,0,1,2,3,3,3,256,0,0,0,0,0,0,2,0,7,149900,11.917730355182512,2044,34,34,0,0,0,0,0,0,0,1,1,1.0,0,0,1,0,1,0,1,0,0,0,0,1,0,0,0,0,0,0,0,0,0,0,0,1,0,1,1,0,0,0,0,0,0,0,0,0,0,0,0,0,0,0,0,0,0,1,0,0,0,0,0,0,0,0,0,1,0,0,0,1,0,0,0,1,0,1,0,0,1,0,0,0,0,0,0,0,0,0,1,9.19023970026918,4.2626798770413155
305,87.0,18386,4,4,3,7,9,0.0,3,3,3,3,1,1,0,1,0,1470,1470,5,1675,1818,0,3493,0,0,3,0,3,1,4,7,1,5,1,3,3,3,3,302,0,0,0,0,0,0,0,0,5,295000,12.59473402514672,5265,128,6,1,0,0,0,0,0,0,1,1,2.5,0,0,0,1,1,0,0,0,1,0,0,0,0,0,0,0,1,0,0,0,0,0,0,0,1,1,1,0,0,0,1,0,0,0,0,0,0,0,0,1,0,0,0,0,0,0,0,0,0,1,0,0,0,0,0,0,0,0,0,1,0,0,0,0,0,1,0,0,1,0,0,0,0,0,0,0,0,0,1,9.819399172153842,4.477336814478207
306,80.0,10386,4,4,3,8,5,246.0,4,3,4,3,1,6,1464,1,0,536,2000,5,2000,0,0,2000,1,0,2,0,3,1,4,7,0,0,3,3,3,3,3,168,0,0,0,0,0,0,0,0,7,305900,12.63101679917582,4168,3,2,1,0,0,0,0,0,0,1,1,1.0,0,0,0,1,1,0,1,0,0,0,0,1,0,0,0,0,0,0,0,0,0,0,0,1,0,1,1,0,0,0,1,0,0,0,0,0,0,0,0,1,0,0,0,0,0,0,0,0,0,1,0,0,0,0,0,0,0,0,0,0,1,0,0,1,0,1,0,0,1,0,0,0,0,0,0,0,0,0,1,9.248310303227811,4.394449154672439
307,116.0,13474,4,4,3,7,5,246.0,4,3,4,3,1,5,700,1,0,0,700,4,1122,1121,0,2243,1,0,2,1,4,1,4,7,1,3,2,3,3,3,3,127,44,224,0,0,0,0,0,0,6,225000,12.323860125621126,3338,17,16,1,0,0,0,0,1,0,1,1,2.0,0,0,0,1,0,0,1,0,1,0,0,0,0,0,1,0,0,0,0,0,0,0,0,1,0,1,1,0,0,0,1,0,0,0,0,0,0,0,0,0,1,0,0,0,0,0,0,0,0,0,0,0,0,1,0,0,0,0,1,0,0,1,0,0,0,1,0,0,1,0,0,0,0,0,0,0,0,0,1,9.508591395777199,4.762173934797756
308,70.04995836802665,7920,3,4,3,6,7,0.0,3,2,3,3,1,1,0,1,0,319,319,3,1035,371,0,1406,0,0,1,0,3,1,2,7,0,0,0,0,0,0,1,0,144,0,0,0,0,0,3,0,3,89500,11.402005077384883,1869,88,58,1,0,0,0,0,1,0,1,1,1.5,0,0,0,1,1,0,0,1,0,0,0,0,0,1,0,0,0,0,0,0,0,0,0,0,1,1,0,0,0,0,1,0,0,0,0,0,0,0,0,0,0,1,0,0,0,0,0,0,0,0,0,1,0,0,0,0,0,0,0,1,0,1,0,0,0,1,0,0,0,0,0,0,1,0,0,0,0,0,1,8.97727273946428,4.2633832685897595
309,70.04995836802665,12342,3,4,3,4,5,0.0,3,3,3,3,1,4,262,1,0,599,861,5,861,0,0,861,0,0,1,0,1,1,3,7,0,0,1,2,3,3,3,158,0,0,0,0,0,0,0,0,3,82500,11.320565693461432,1880,69,59,1,0,0,0,0,0,0,1,1,1.0,0,0,0,1,1,1,1,0,0,0,0,0,1,0,0,0,0,0,0,0,0,0,0,1,0,1,1,0,0,0,1,0,0,0,0,0,0,0,0,0,0,0,0,0,0,1,0,0,0,0,0,0,0,0,0,1,0,0,0,1,0,1,0,0,0,1,0,0,1,0,0,1,0,0,0,0,0,0,1,9.42084437974393,4.2633832685897595
310,90.0,12378,3,4,3,9,5,0.0,4,3,5,3,4,6,1274,1,0,622,1896,5,1944,0,0,1944,1,0,2,0,3,1,5,7,3,5,3,3,3,3,3,208,175,0,0,0,0,0,0,0,11,360000,12.793862088206213,4223,3,2,1,0,0,0,0,0,0,1,1,1.0,0,0,0,1,0,0,0,0,1,0,0,1,0,0,0,0,0,0,0,0,0,0,0,1,0,1,1,0,0,0,1,0,0,0,0,0,0,0,0,0,0,0,0,0,0,1,0,0,0,0,0,0,0,0,0,1,0,0,0,1,0,0,0,1,0,1,0,0,1,0,0,0,0,0,0,0,0,0,1,9.42375676753181,4.51085950651685
311,70.04995836802665,7685,3,4,3,6,5,112.0,3,3,4,3,1,5,518,1,0,179,697,4,697,804,0,1501,0,0,2,1,3,1,4,7,1,3,3,2,3,3,3,190,63,0,0,0,0,0,0,0,5,165600,12.017336559562407,2451,13,12,1,0,0,0,0,0,0,1,1,2.0,0,0,0,1,0,0,0,1,0,0,0,0,0,0,1,0,0,0,0,0,0,0,0,1,0,1,1,0,0,0,1,0,0,0,0,0,0,0,0,0,1,0,0,0,0,0,0,0,0,0,1,0,0,0,0,0,0,0,1,0,0,0,0,1,0,1,0,0,1,0,0,0,0,0,0,0,0,0,1,8.94715577112479,4.2633832685897595
312,50.0,8000,4,4,3,6,6,0.0,3,4,3,3,1,5,680,1,0,292,972,5,972,0,0,972,1,0,1,0,2,1,3,7,1,4,1,1,3,3,3,0,0,0,0,0,0,0,0,0,5,132000,11.790564777297387,1944,61,7,1,0,0,0,0,0,0,1,1,1.0,0,0,0,1,0,0,1,1,0,0,0,1,0,0,0,0,0,0,0,0,0,0,0,1,0,1,1,0,0,0,1,0,0,0,0,0,0,0,0,0,0,0,0,0,0,1,0,0,0,0,0,0,0,0,0,1,0,0,0,1,0,1,0,0,0,1,0,0,1,0,0,1,0,0,0,0,0,0,1,8.987321812850125,3.9318256327243257
313,65.0,7800,4,4,3,5,7,0.0,3,3,4,3,2,3,507,1,0,286,793,3,793,325,0,1118,1,0,1,0,3,1,3,7,1,4,1,2,3,3,3,0,0,0,0,271,0,0,3,0,5,119900,11.694421681264394,2182,67,56,1,0,0,0,0,1,0,1,1,1.5,0,0,0,1,1,0,0,0,1,0,1,0,0,0,0,0,0,0,0,0,0,0,0,0,1,1,1,0,0,0,1,0,1,0,0,0,0,0,0,0,0,1,0,0,0,0,0,0,0,0,0,1,0,0,0,0,0,0,0,1,0,1,0,0,0,1,0,0,1,0,0,1,0,0,0,0,0,0,1,8.962007209588313,4.189654742026425
314,150.0,215245,1,4,1,7,5,0.0,3,3,4,3,4,5,1236,3,820,80,2052,3,2036,0,0,2036,2,0,2,0,3,1,3,7,2,4,2,2,3,3,3,0,0,0,0,0,0,0,0,0,6,375000,12.83468397161566,4088,44,44,0,0,0,1,0,0,0,1,0,1.0,0,0,0,1,1,1,1,0,1,0,0,1,0,0,0,0,0,0,0,0,0,0,0,1,0,1,1,0,0,0,1,0,0,0,0,0,1,0,1,0,0,0,0,0,0,0,0,0,1,0,0,0,0,0,0,0,0,0,0,1,0,1,0,0,0,1,0,0,1,0,0,0,0,0,0,0,0,1,0,12.279536839074337,5.017279836814924
315,60.0,9600,4,4,3,7,7,0.0,3,3,3,4,1,2,16,1,0,712,728,5,832,809,0,1641,0,1,1,1,3,1,5,7,1,4,1,2,2,3,3,0,0,234,0,0,0,0,0,0,8,178000,12.08954444723597,2603,81,16,1,0,0,0,0,0,0,1,1,2.0,0,0,0,1,1,0,0,0,1,0,0,0,0,0,0,1,0,0,0,0,0,0,0,0,1,1,0,0,0,0,1,0,0,0,0,0,0,0,0,0,0,0,0,0,0,0,1,0,0,0,0,0,0,0,0,0,1,0,0,1,0,0,0,0,0,1,0,0,1,0,0,1,0,0,0,0,0,0,1,9.169622538697624,4.110873864173311
316,71.0,7795,3,4,3,7,5,0.0,4,3,4,3,1,6,425,1,0,291,716,5,716,716,0,1432,1,0,2,1,3,1,4,7,1,4,3,2,3,3,3,100,51,0,0,0,0,0,0,0,7,188500,12.14685859089592,2299,5,4,1,0,0,0,0,0,0,1,1,2.0,0,0,0,1,0,0,0,1,0,0,0,0,0,0,1,0,0,0,0,0,0,0,0,1,0,1,1,0,0,0,1,0,0,0,0,0,0,0,0,0,0,0,0,0,0,1,0,0,0,0,0,0,0,0,0,1,0,0,0,1,0,0,0,1,0,1,0,0,1,0,0,0,0,0,0,0,0,0,1,8.961366060627451,4.276666119016055
317,94.0,13005,3,4,3,7,7,278.0,4,3,4,3,1,6,692,1,0,153,845,3,1153,1200,0,2353,1,0,2,1,4,1,5,7,1,3,2,2,3,3,3,288,195,0,0,0,0,0,4,0,8,260000,12.468440756144114,3681,29,29,0,0,0,0,0,0,0,1,1,2.0,0,0,0,1,0,1,1,1,0,0,0,0,0,0,1,0,0,0,0,0,0,0,0,1,0,1,1,0,0,0,0,0,0,0,0,0,0,0,0,1,0,0,0,0,0,0,0,0,0,1,0,0,0,0,0,0,0,0,1,0,0,1,0,0,0,1,0,0,1,0,0,0,0,0,0,0,0,0,1,9.473166068429098,4.553876891600541
318,75.0,9000,4,4,3,8,5,0.0,4,3,4,3,3,1,0,1,0,1088,1088,5,1088,871,0,1959,0,0,2,1,3,1,4,7,1,4,2,3,3,3,3,208,46,0,0,0,0,0,0,0,12,270000,12.506180941677355,3301,1,1,0,0,0,0,0,0,0,1,1,2.0,0,0,0,1,1,0,1,0,1,0,0,0,0,0,1,0,0,0,0,0,0,0,0,0,0,1,1,0,0,0,1,0,0,0,0,0,0,0,0,0,0,0,0,0,0,1,0,0,0,0,0,0,0,0,0,1,0,0,0,1,0,0,0,1,0,1,0,0,1,0,0,0,0,0,0,0,0,0,1,9.105090961257085,4.330733340286331
319,90.0,9900,4,4,2,7,5,256.0,4,3,4,3,4,6,987,1,0,360,1347,5,1372,1274,0,2646,1,0,2,1,4,1,4,7,1,3,2,3,3,3,3,340,60,144,0,0,0,0,0,0,4,260000,12.468440756144114,4537,16,16,0,0,0,1,0,0,0,1,1,2.0,0,0,0,1,1,1,1,1,0,0,0,0,0,0,1,0,0,0,0,0,0,0,0,1,0,1,1,0,0,0,1,0,0,0,0,0,0,0,0,0,1,0,0,0,0,0,0,0,0,0,1,0,0,0,0,0,0,0,1,0,0,0,0,1,0,1,0,0,1,0,0,0,0,0,0,0,0,1,0,9.200391041122515,4.51085950651685
320,70.04995836802665,14115,4,4,3,7,5,225.0,3,3,4,3,3,6,1036,1,0,336,1372,3,1472,0,0,1472,1,0,2,0,3,1,3,7,2,3,1,2,3,3,3,233,48,0,0,0,0,0,0,0,6,187500,12.141539457711714,3125,29,29,0,0,0,0,0,0,0,1,1,1.5,1,0,0,1,0,1,1,1,0,0,0,0,0,0,0,0,0,1,0,0,0,0,0,1,0,1,1,0,0,0,1,0,0,0,0,0,0,0,0,0,0,0,0,1,0,0,0,0,0,0,0,0,0,1,0,0,0,0,1,0,0,1,0,0,0,1,0,0,1,0,0,0,0,0,0,0,0,0,1,9.55506418479516,4.2633832685897595
321,111.0,16259,4,4,3,9,5,370.0,3,3,5,4,3,1,0,1,0,1249,1249,5,1249,1347,0,2596,0,0,3,1,4,1,4,7,0,0,2,3,3,3,3,240,154,0,0,0,0,0,0,0,9,342643,12.74444728628135,4239,0,0,0,0,0,0,0,0,0,1,1,2.0,0,1,0,0,0,0,0,0,1,0,0,0,0,0,1,0,0,0,0,0,0,0,0,1,0,1,1,0,0,0,0,0,0,0,0,0,0,0,0,0,0,0,0,0,0,1,0,0,0,0,0,0,0,0,0,1,0,0,0,0,1,0,0,1,0,1,0,0,1,0,0,0,0,0,0,0,0,0,1,9.696463383101802,4.718498871295094
322,99.0,12099,3,4,3,8,5,388.0,4,3,5,3,3,6,970,1,0,166,1136,5,1136,1332,0,2468,1,0,2,1,4,1,4,7,1,4,3,3,3,3,3,184,154,0,0,0,0,0,0,0,6,354000,12.777055016970678,3942,3,3,0,0,0,0,0,0,0,1,1,2.0,0,0,0,1,0,0,0,0,1,0,0,0,0,0,1,0,0,0,0,0,0,0,0,1,0,1,1,0,0,0,1,0,0,0,0,0,0,0,0,0,0,0,0,0,0,1,0,0,0,0,0,0,0,0,0,1,0,0,1,0,0,0,0,1,0,1,0,0,1,0,1,0,0,0,0,0,0,0,1,9.400960731584833,4.605170185988092
323,86.0,10380,3,4,3,7,5,172.0,4,3,3,3,4,2,28,5,1474,0,1502,5,1553,1177,0,2730,1,0,2,1,4,1,4,7,1,3,3,2,3,3,3,201,96,0,0,0,0,0,3,0,8,301000,12.614868865984633,4529,21,20,1,0,0,0,0,0,0,1,1,2.0,0,0,0,1,0,0,1,0,1,0,0,0,0,0,1,0,0,0,0,0,0,0,0,1,0,1,1,0,0,0,1,0,0,0,0,0,0,0,0,0,0,0,0,1,0,0,0,0,0,0,0,0,0,1,0,0,0,0,1,0,0,1,0,0,0,1,0,0,1,0,0,0,0,0,0,0,0,0,1,9.247732491193245,4.465908118654584
324,49.0,5820,4,4,3,3,8,0.0,3,4,3,3,1,5,256,1,0,906,1162,5,1163,0,0,1163,1,0,1,0,3,1,3,7,0,0,1,1,2,3,3,142,98,0,0,0,0,0,0,0,7,126175,11.745433036677351,2565,51,1,1,0,0,0,0,0,0,1,1,1.0,0,0,0,1,1,0,0,0,1,0,0,1,0,0,0,0,0,0,0,0,0,0,0,0,1,1,1,0,0,0,1,0,0,0,0,0,0,0,0,0,0,0,0,0,0,1,0,0,0,0,0,0,0,0,0,1,0,0,0,1,0,1,0,0,0,1,0,0,1,0,0,0,0,0,0,0,0,0,1,8.669227347271736,3.912023005428146
325,96.0,11275,4,4,3,7,7,300.0,4,4,4,3,1,1,0,1,0,710,710,5,1898,1080,0,2978,0,0,2,1,5,1,4,7,1,4,3,2,3,3,3,240,0,0,0,0,0,0,0,0,6,242000,12.396697137361691,3928,43,3,1,0,0,0,1,0,0,0,1,1.5,1,0,0,1,0,0,1,1,0,0,0,0,0,0,0,0,0,1,0,0,0,0,0,1,0,1,1,0,0,0,0,0,0,0,0,0,0,1,0,0,0,0,0,0,0,0,1,0,0,0,0,0,0,0,0,0,1,0,1,0,0,1,0,0,0,1,0,0,1,0,1,0,0,0,0,0,0,0,1,9.330431852234003,4.574710978503383
326,50.0,5000,4,4,3,5,6,0.0,3,3,3,3,3,4,116,1,0,604,720,1,803,0,0,803,0,0,1,0,2,1,3,7,0,0,1,2,3,3,3,0,0,244,0,0,0,0,0,0,12,87000,11.373674891823535,1767,66,57,1,0,0,0,0,0,1,1,1,1.25,0,0,0,1,1,0,0,1,0,0,0,0,0,0,0,0,0,0,0,0,1,0,0,0,1,1,1,0,0,0,1,0,0,0,0,0,0,0,0,0,0,1,0,0,0,0,0,0,0,0,0,1,0,0,0,0,0,0,0,1,0,1,0,0,0,0,1,0,0,0,0,1,0,0,0,0,0,0,1,8.517393171418904,3.9318256327243257
327,32.0,10846,3,4,3,8,5,0.0,4,3,4,3,4,6,1619,1,0,100,1719,5,1719,0,0,1719,2,0,1,1,1,1,4,7,2,4,3,2,3,3,3,122,30,0,0,0,0,0,0,0,5,324000,12.688501881189456,3590,15,15,0,0,0,0,0,0,0,1,1,1.0,0,0,0,1,0,0,0,1,1,0,0,0,0,0,0,0,0,0,0,0,0,0,0,1,0,1,1,0,1,0,0,0,0,0,0,1,0,0,1,0,0,0,0,0,0,0,0,0,1,0,0,0,0,0,0,0,0,0,0,1,0,0,0,1,0,1,0,0,1,0,0,0,0,0,0,0,0,0,1,9.291643823040218,3.4965075614664802
328,80.0,11600,4,4,3,6,5,175.0,3,3,3,3,1,3,565,1,0,818,1383,3,1383,0,0,1383,0,0,1,1,3,1,3,7,0,0,2,1,3,3,3,0,45,0,0,0,0,0,0,0,4,145250,11.886218559372042,2811,46,46,0,0,0,0,0,0,0,1,1,1.0,0,0,0,1,0,0,1,1,0,0,0,1,0,0,0,0,0,0,0,0,0,0,0,1,0,1,1,0,0,0,1,0,0,0,0,0,1,0,0,0,0,0,0,0,0,0,1,0,0,0,0,0,0,0,0,0,1,0,1,0,0,1,0,0,0,1,0,0,1,0,0,0,0,0,0,0,0,0,1,9.358846580275406,4.394449154672439
329,70.04995836802665,11888,3,4,3,6,6,0.0,3,3,3,3,1,1,0,1,0,844,844,4,1445,689,0,2134,0,0,2,0,5,1,4,7,0,0,1,2,3,3,3,0,60,268,0,0,0,0,0,0,7,214500,12.276069679344005,3306,93,15,1,0,0,1,1,0,0,1,1,2.25,0,0,0,1,1,1,0,0,0,0,0,0,0,0,0,0,1,0,0,0,0,0,0,1,0,1,0,1,0,0,1,0,0,0,0,0,0,0,0,0,0,0,0,0,0,0,1,0,0,0,0,0,0,0,0,0,0,1,0,1,0,0,0,0,0,0,0,0,0,0,0,1,0,0,0,0,0,0,0,9.383368881858544,4.2633832685897595
330,60.0,6402,4,4,3,5,5,0.0,3,3,3,3,2,1,0,1,0,596,596,3,596,596,0,1192,0,0,1,0,3,1,3,7,0,0,1,1,2,2,1,0,0,137,0,0,0,0,2,0,7,78000,11.264476926102368,1925,89,59,1,0,0,0,0,0,0,1,1,2.0,0,0,0,1,1,0,0,1,0,0,0,0,0,0,0,1,0,0,0,0,0,0,0,0,1,1,1,0,0,0,0,0,0,0,0,0,0,0,0,0,0,0,0,0,0,0,1,0,0,0,0,0,0,0,0,0,0,1,0,1,0,0,0,1,0,0,0,0,1,0,0,1,0,0,0,0,0,0,1,8.764521909518802,4.110873864173311
331,70.04995836802665,10624,3,4,3,5,4,84.0,3,3,3,3,1,6,40,3,264,1424,1728,3,1728,0,0,1728,0,1,2,0,6,2,3,7,0,0,1,1,3,3,3,155,0,0,0,0,0,0,0,0,11,119000,11.686887175419702,3611,43,43,0,0,0,0,0,0,0,1,1,1.0,0,0,0,1,0,0,1,1,0,0,0,0,0,0,0,0,0,0,0,1,0,0,0,1,0,1,1,0,0,0,1,0,0,1,0,0,0,0,0,0,1,0,0,0,0,0,0,0,0,0,1,0,0,0,0,0,0,0,1,0,0,1,0,0,0,1,0,0,1,0,0,1,0,0,0,0,0,0,1,9.270964993792617,4.2633832685897595
332,70.0,8176,4,4,3,5,6,0.0,3,3,3,3,1,3,846,1,0,210,1056,2,1056,0,0,1056,1,0,1,0,3,1,3,7,0,0,2,1,3,3,3,0,0,0,0,0,0,0,0,0,8,139000,11.842236406331557,2112,49,15,1,0,0,0,0,0,0,1,1,1.0,0,0,0,1,0,0,1,1,0,0,0,1,0,0,0,0,0,0,0,0,0,0,0,1,0,1,1,0,0,0,1,0,0,0,0,0,0,0,0,0,0,0,0,0,0,0,1,0,0,0,0,0,0,0,0,0,1,0,0,1,0,1,0,0,0,1,0,0,1,0,0,0,0,0,0,0,0,0,1,9.009080614161977,4.2626798770413155
333,85.0,10655,3,4,3,8,5,296.0,4,3,4,3,1,6,1124,0,479,1603,2052,5,1629,0,0,1629,1,0,2,0,3,1,4,7,1,4,2,3,3,3,3,0,0,0,0,0,0,0,0,0,10,284000,12.556733038263904,3681,6,5,1,0,0,0,0,0,0,1,1,1.0,0,0,0,1,0,0,0,0,1,0,0,1,0,0,0,0,0,0,0,0,0,0,0,1,0,1,1,0,0,0,1,0,0,0,0,0,0,0,0,0,0,0,0,0,0,1,0,0,0,0,0,0,0,0,0,1,0,0,1,0,0,0,0,1,0,1,0,0,1,0,0,0,0,0,0,0,0,0,1,9.273878392780171,4.454347296253507
334,59.0,8198,4,4,3,7,5,146.0,4,3,4,3,3,6,720,1,0,638,1358,5,1358,0,0,1358,1,0,2,0,2,1,4,7,1,4,2,2,3,3,3,192,30,0,0,0,0,0,0,0,7,207000,12.240478903153711,2938,4,4,0,0,0,0,0,0,0,1,1,1.0,0,0,0,1,0,0,0,0,1,0,0,0,0,0,0,0,0,0,0,0,0,0,0,0,1,1,1,0,0,0,0,1,0,0,0,1,0,0,0,0,0,0,0,0,0,1,0,0,0,0,0,0,0,0,0,1,0,0,0,0,1,0,0,1,0,1,0,0,1,0,0,0,0,0,0,0,0,0,1,9.011767474596178,4.0943445622221
335,59.0,9042,3,4,3,6,5,0.0,3,3,4,3,4,6,828,1,0,115,943,4,943,695,0,1638,1,0,2,1,3,1,3,7,2,3,3,2,3,3,3,100,38,0,0,0,0,0,0,0,7,192000,12.165255859329688,2719,10,10,0,0,0,0,0,0,0,1,1,2.0,0,0,0,1,0,0,0,1,0,0,0,0,0,0,1,0,0,0,0,0,0,0,0,1,0,1,1,0,0,0,1,0,0,0,0,0,0,0,0,0,0,0,0,0,0,1,0,0,0,0,0,0,0,0,0,1,0,0,0,1,0,0,0,1,0,1,0,0,1,0,0,0,0,0,0,0,0,0,1,9.10974625674048,4.0943445622221
336,70.04995836802665,164660,3,4,1,5,6,0.0,3,3,3,3,4,5,1249,4,147,103,1499,5,1619,167,0,1786,2,0,2,0,3,1,3,7,2,4,3,2,3,3,3,670,0,0,0,0,0,0,0,700,8,228950,12.34126328584159,3955,43,43,0,0,1,1,0,0,0,1,1,1.5,0,0,0,1,1,1,1,0,1,0,1,0,0,0,0,0,0,0,0,0,0,0,0,1,0,0,1,0,0,0,0,0,1,0,0,0,0,0,0,0,0,0,0,1,0,0,0,0,0,0,0,0,0,1,0,0,0,0,0,1,0,1,0,0,0,1,0,0,1,0,0,0,0,0,0,1,1,0,0,12.011644093954345,4.2633832685897595
337,86.0,14157,3,4,3,9,5,200.0,4,3,5,3,4,6,1249,1,0,673,1922,5,1922,0,0,1922,1,0,2,0,3,1,4,7,1,4,3,3,3,3,3,178,51,0,0,0,0,0,0,0,7,377426,12.841132451487937,4073,2,1,1,0,0,1,0,0,0,1,1,1.0,0,0,0,1,0,1,1,0,1,0,0,1,0,0,0,0,0,0,0,0,0,0,0,1,0,1,1,0,0,0,0,0,0,0,0,0,1,0,0,0,0,0,0,0,0,1,0,0,0,0,0,0,0,0,0,1,0,0,0,0,1,0,0,1,0,1,0,0,1,0,0,0,0,0,0,0,1,0,0,9.558035114334135,4.465908118654584
338,70.0,9135,4,4,3,7,5,113.0,4,3,4,3,3,6,810,1,0,726,1536,5,1536,0,0,1536,1,0,2,0,3,1,4,7,0,0,2,2,3,3,3,192,74,0,0,0,0,0,0,0,12,214000,12.273735966890268,3338,6,5,1,0,0,0,0,0,0,1,1,1.0,0,0,0,1,1,0,1,0,0,0,0,1,0,0,0,0,0,0,0,0,0,0,0,1,0,1,1,0,0,0,1,0,0,0,0,0,0,0,0,0,0,0,0,0,0,1,0,0,0,0,0,0,0,0,0,1,0,0,1,0,0,0,0,1,0,1,0,0,1,0,0,0,0,0,0,0,0,0,1,9.119977931895791,4.2626798770413155
339,91.0,14145,4,4,3,7,7,0.0,4,3,4,3,2,5,213,1,0,995,1208,5,1621,0,0,1621,1,0,2,0,3,1,4,7,0,0,2,2,3,3,3,108,45,0,0,0,0,0,0,400,5,202500,12.218500103788145,2982,22,8,1,0,1,0,0,0,0,1,1,1.0,0,0,0,1,0,1,1,1,0,0,0,1,0,0,0,0,0,0,0,0,0,0,0,1,0,1,1,0,0,0,0,0,0,0,0,0,0,0,0,0,0,0,0,0,0,0,1,0,0,0,0,0,0,0,0,0,1,0,0,1,0,1,0,0,0,1,0,0,1,0,0,0,0,0,0,1,0,0,1,9.557187177595935,4.5217885770490405
340,66.0,12400,3,4,3,6,7,176.0,3,3,3,2,1,3,585,1,0,630,1215,3,1215,0,0,1215,0,0,1,0,3,1,3,7,0,0,1,1,3,3,3,0,0,0,0,234,0,0,0,0,6,155000,11.951186847493476,2664,51,11,1,0,0,0,0,1,0,1,1,1.0,0,0,0,1,0,0,1,1,0,0,0,1,0,0,0,0,0,0,0,0,0,0,0,1,0,1,1,0,0,0,1,0,0,0,0,0,1,0,0,0,0,0,0,0,0,0,1,0,0,0,0,0,0,0,0,0,1,0,1,0,0,1,0,0,0,1,0,0,0,0,0,0,0,0,0,0,0,0,1,9.425532393502772,4.204692619390966
341,85.0,14191,4,4,3,8,5,0.0,4,3,4,3,1,1,0,1,0,967,967,5,993,915,0,1908,0,0,2,1,4,1,4,7,0,0,3,2,3,3,3,135,0,0,0,0,0,0,0,0,4,202900,12.220473454337986,3010,8,8,0,0,0,0,0,0,0,1,1,2.0,0,0,0,1,1,1,1,0,1,0,0,0,0,0,1,0,0,0,0,0,0,0,0,1,0,1,1,0,0,0,1,0,0,0,0,0,0,0,0,0,0,0,0,0,0,1,0,0,0,0,0,0,0,0,0,1,0,0,0,1,0,0,0,1,0,1,0,0,1,0,0,0,0,0,0,0,0,0,1,9.56043370454936,4.454347296253507
342,60.0,8400,4,4,3,4,4,0.0,2,2,3,2,1,1,0,1,0,721,721,4,841,0,0,841,0,0,1,0,2,1,3,7,0,0,1,1,3,3,1,250,0,24,0,0,0,0,0,0,9,82000,11.31448672129398,1836,59,59,0,0,0,0,0,1,0,1,1,1.0,0,0,0,1,0,0,1,0,1,0,0,1,0,0,0,0,0,0,0,0,0,0,1,0,0,1,1,0,0,0,1,0,0,0,0,0,0,0,0,0,0,0,0,0,0,0,1,0,0,0,0,0,0,0,0,0,0,0,0,1,0,1,0,0,0,1,0,0,1,0,0,0,0,1,0,0,0,0,1,9.036106025364846,4.110873864173311
343,70.04995836802665,8544,4,4,3,3,4,340.0,3,3,0,0,0,0,0,0,0,0,0,2,1040,0,0,1040,0,0,2,0,2,2,3,7,0,0,1,2,3,3,3,0,0,0,0,0,0,0,0,0,5,87500,11.37940550085183,1040,57,56,1,0,0,0,0,0,0,1,0,1.0,0,0,0,1,0,0,1,1,0,0,0,0,0,0,0,0,0,0,0,1,0,0,0,1,0,1,1,0,0,0,1,0,0,1,0,0,0,0,0,0,0,0,0,0,1,0,0,0,0,0,0,0,0,0,1,0,0,0,1,0,0,0,0,0,1,0,0,0,0,0,0,1,0,0,0,0,0,0,1,9.053101595549691,4.2633832685897595
344,63.0,8849,3,4,3,9,5,616.0,5,3,5,3,1,6,28,1,0,1656,1684,5,1684,0,0,1684,0,0,2,0,2,1,5,7,1,5,2,2,3,3,3,495,72,0,0,0,0,0,0,0,7,266000,12.491255347155263,3935,3,3,0,0,0,0,0,0,0,1,1,1.0,0,0,0,1,0,0,0,0,1,0,0,0,0,0,0,0,0,0,0,0,0,0,0,1,0,1,1,0,0,0,1,0,0,0,0,1,1,0,0,0,0,1,0,0,0,0,0,0,0,0,0,1,0,0,0,0,0,0,1,0,0,0,0,1,0,1,0,0,1,0,0,0,0,0,0,0,0,0,1,9.088172738001974,4.1588830833596715
345,36.0,2592,4,4,3,5,3,0.0,3,3,4,3,1,3,129,4,232,175,536,3,536,576,0,1112,0,0,1,1,3,1,3,7,0,0,1,1,3,3,3,182,0,0,0,0,0,0,0,0,4,85000,11.350418300109132,1830,34,34,0,0,0,0,0,0,0,1,1,2.0,0,0,0,1,0,1,0,1,0,1,0,0,0,0,0,0,0,0,0,0,0,0,0,0,1,1,1,0,0,0,1,0,0,0,0,1,0,0,0,1,0,0,0,0,0,0,0,0,0,1,0,0,0,0,0,0,0,0,0,1,0,1,0,0,0,1,0,0,1,0,0,0,0,0,0,0,0,0,1,7.860570785538664,3.6109179126442243
346,65.0,6435,4,4,3,6,5,0.0,3,3,3,3,1,1,0,1,0,972,972,4,972,605,0,1577,0,0,1,0,3,1,2,7,1,4,1,1,3,3,3,0,0,0,0,0,0,0,0,0,10,140200,11.850832386224807,2549,67,56,1,0,0,0,0,0,1,1,1,1.5,0,0,0,1,1,1,0,0,0,0,0,0,0,1,0,0,0,0,0,0,0,0,0,1,0,1,1,0,0,0,1,0,0,0,0,0,0,0,0,0,0,1,0,0,0,0,0,0,0,0,0,1,0,0,0,0,0,0,0,1,0,0,0,0,0,1,0,0,1,0,0,1,0,0,0,0,0,0,1,8.769662508112274,4.189654742026425
347,70.04995836802665,12772,3,4,3,6,8,0.0,3,4,3,3,2,4,498,1,0,460,958,3,958,0,0,958,0,0,1,0,2,1,3,7,0,0,2,1,3,3,3,0,0,0,0,0,0,0,0,15500,4,151500,11.928347504569842,1916,47,9,1,0,1,0,0,0,0,1,1,1.0,0,0,0,1,0,0,1,1,0,0,0,1,0,0,0,0,0,0,0,0,0,0,0,1,0,1,1,0,1,0,0,0,0,0,0,0,1,0,0,0,0,1,0,0,0,0,0,0,0,0,0,1,0,0,0,0,0,0,0,1,0,1,0,0,0,1,0,0,1,0,0,0,0,0,1,0,0,0,1,9.455088847042777,4.2633832685897595
348,70.04995836802665,17600,3,4,3,6,5,30.0,3,3,3,3,1,4,1270,1,0,208,1478,5,1478,0,0,1478,1,0,2,0,3,1,3,7,2,4,1,2,3,3,3,0,40,0,0,0,0,0,0,0,12,157500,11.967187086434018,2996,49,49,0,0,0,0,0,0,0,1,1,1.0,0,0,0,1,0,0,1,1,0,0,0,1,0,0,0,0,0,0,0,0,0,0,0,1,0,1,1,0,0,0,1,0,0,0,0,0,0,0,0,0,0,0,0,0,0,0,1,0,0,0,0,0,0,0,0,0,1,0,1,0,0,1,0,0,0,1,0,0,0,0,0,0,0,0,0,0,0,0,1,9.77571099759397,4.2633832685897595
349,36.0,2448,4,4,3,7,5,106.0,4,3,4,3,1,6,573,1,0,191,764,5,764,862,0,1626,1,0,2,1,2,1,4,7,0,0,2,2,3,3,3,0,27,0,0,0,0,0,0,0,10,154000,11.944714374881176,2417,5,4,1,0,0,0,0,0,0,1,1,2.0,0,0,0,1,0,0,0,0,1,1,0,0,0,0,0,0,0,0,0,0,0,0,0,1,0,1,1,0,0,0,1,0,0,0,1,0,0,0,0,0,0,0,0,0,0,1,0,0,0,0,0,0,0,0,0,0,0,1,0,0,1,0,0,1,0,1,0,0,1,0,1,0,0,0,0,0,0,0,1,7.803435056952168,3.6109179126442243
350,56.0,20431,2,4,3,9,5,870.0,5,3,5,3,1,6,1410,1,0,438,1848,5,1848,880,0,2728,1,0,2,1,4,1,5,7,2,5,3,3,3,3,3,0,0,0,0,0,0,0,0,0,4,437154,12.988043102265232,4576,1,0,1,0,0,0,0,0,0,1,1,2.0,0,1,0,0,0,0,0,0,1,0,0,0,0,0,1,0,0,0,0,0,0,0,0,1,0,1,1,0,0,0,1,0,0,0,0,0,1,0,0,1,0,0,0,0,0,0,0,0,0,1,0,0,0,0,0,0,0,0,1,0,0,0,0,1,0,1,0,0,1,0,0,0,0,0,0,0,0,0,1,9.92485757827232,4.04305126783455
351,68.0,7820,3,4,3,9,5,362.0,5,3,5,3,1,1,0,1,0,1869,1869,5,1869,0,0,1869,0,0,2,0,2,1,5,7,1,4,2,2,3,3,3,210,54,0,0,0,0,0,0,0,12,318061,12.670001611311877,4002,0,0,0,0,0,0,0,0,0,1,1,1.0,0,1,0,0,0,0,0,0,1,0,0,0,0,0,0,0,0,0,0,0,0,0,0,1,0,1,1,0,0,0,1,0,0,0,0,1,1,0,0,0,0,1,0,0,0,0,0,0,0,0,0,1,0,0,0,0,0,0,1,0,0,0,0,1,0,1,0,0,1,0,0,0,0,0,0,0,0,0,1,8.964567702601611,4.23410650459726
352,70.04995836802665,5271,3,4,2,7,5,0.0,3,3,4,3,4,6,1082,1,0,371,1453,4,1453,0,0,1453,1,0,1,1,2,1,4,7,1,3,2,2,3,3,3,0,80,0,0,184,0,0,0,0,12,190000,12.154784614286667,3170,20,20,0,0,0,1,0,0,0,1,1,1.0,0,0,1,0,0,0,1,0,0,0,0,0,0,0,0,0,0,0,0,0,0,0,0,1,0,1,1,0,0,0,1,0,0,0,0,0,0,0,0,0,0,0,0,0,0,0,1,0,0,0,0,0,0,0,0,0,1,0,0,1,0,0,0,1,0,1,0,0,1,0,0,0,0,0,0,0,0,1,0,8.570165076182343,4.2633832685897595
353,60.0,9084,4,4,3,5,6,0.0,3,3,3,2,2,2,236,3,380,0,616,3,616,495,0,1111,0,1,1,0,3,1,3,7,0,0,1,1,3,2,3,48,0,0,0,0,0,0,0,0,3,95000,11.461642696843066,1775,67,58,1,0,0,0,0,1,0,1,1,1.5,0,0,0,1,1,1,1,0,0,0,0,0,0,1,0,0,0,0,0,0,0,0,0,1,0,1,1,0,0,0,1,0,0,0,0,0,0,0,0,0,0,0,0,0,0,1,0,0,0,0,0,0,0,0,0,1,0,0,0,1,0,1,0,0,0,0,0,0,1,0,0,1,0,0,0,0,0,0,1,9.114379980830272,4.110873864173311
354,60.0,8520,4,4,3,6,8,0.0,3,4,3,3,1,1,0,1,0,624,624,4,720,0,0,720,0,0,1,0,2,1,3,7,0,0,1,2,3,3,3,106,0,0,0,0,0,0,0,0,5,105900,11.570259974415547,1450,82,7,1,0,0,0,0,0,0,1,1,1.0,0,0,0,1,1,0,0,0,1,0,0,0,1,0,0,0,0,0,0,0,0,0,0,0,1,1,1,0,0,0,1,0,0,0,0,0,0,0,0,0,0,0,0,0,0,1,0,0,0,0,0,0,0,0,0,1,0,0,0,1,0,0,0,0,0,1,0,0,1,0,0,1,0,0,0,0,0,0,1,9.050288983827956,4.110873864173311
355,60.0,8400,4,4,3,6,5,0.0,3,3,3,3,1,2,388,1,0,552,940,5,1192,403,0,1595,0,0,1,0,2,1,3,7,2,4,1,1,3,3,3,0,0,108,0,0,0,0,0,0,6,140000,11.849404844423074,2643,66,6,1,0,0,1,0,0,0,1,1,1.5,0,0,0,1,0,1,0,0,1,0,0,0,0,1,0,0,0,0,0,0,0,0,0,1,0,1,1,0,0,0,1,0,0,0,0,0,0,0,0,0,0,0,0,0,0,0,1,0,0,0,0,1,0,0,0,0,0,0,0,1,0,1,0,0,0,1,0,0,1,0,0,0,0,0,0,0,0,0,0,9.036106025364846,4.110873864173311
356,105.0,11249,2,4,3,6,5,0.0,4,4,4,4,1,5,334,4,544,322,1200,5,1200,0,0,1200,1,0,2,0,3,1,4,7,0,0,2,2,3,3,3,0,26,0,0,0,0,0,0,0,8,177500,12.086731521684555,2426,12,12,0,0,0,0,0,0,0,1,1,1.0,0,0,0,1,1,0,1,0,0,0,0,1,0,0,0,0,0,0,0,0,0,0,0,1,0,1,1,0,0,0,1,0,0,0,0,0,0,0,0,0,0,0,0,0,0,1,0,0,0,0,0,0,0,0,0,1,0,0,0,1,0,0,0,1,0,1,0,0,1,0,0,0,0,0,0,0,0,0,1,9.328123407632566,4.663439094112067
357,70.04995836802665,9248,3,4,3,6,6,106.0,3,3,4,3,1,6,560,1,0,598,1158,4,1167,0,0,1167,1,0,2,0,3,1,4,7,0,0,2,2,3,3,3,120,26,0,0,0,0,0,0,0,7,173000,12.06105265381003,2471,17,17,0,0,0,0,0,0,0,1,1,1.0,0,0,0,1,0,0,0,1,0,0,0,1,0,0,0,0,0,0,0,0,0,0,0,1,0,1,1,0,0,0,1,0,0,0,0,0,0,0,0,0,1,0,0,0,0,0,0,0,0,0,1,0,0,0,0,0,0,0,1,0,0,0,0,1,0,1,0,0,1,0,0,0,0,0,0,0,0,0,1,9.13227071655426,4.2633832685897595
358,44.0,4224,4,4,3,5,5,0.0,3,3,4,3,1,5,874,1,0,268,1142,3,1142,0,0,1142,1,0,1,1,3,1,3,7,1,1,3,2,3,3,3,536,90,0,0,0,0,0,3,0,8,134000,11.80560254159177,2910,31,31,0,0,0,0,0,0,0,1,1,1.0,0,0,0,1,0,1,0,1,0,0,0,0,0,0,0,0,0,0,0,0,0,0,0,0,1,1,1,0,0,0,1,0,0,0,0,1,0,0,0,1,0,0,0,0,0,0,0,0,0,1,0,0,0,0,0,0,0,0,0,1,0,0,0,1,0,1,0,0,1,0,0,0,0,0,0,0,0,0,1,8.348774539791274,3.8066624897703196
359,92.0,6930,3,4,3,5,4,120.0,3,3,3,3,3,4,300,3,294,468,1062,5,1352,0,0,1352,0,1,1,0,3,1,4,5,0,0,1,1,3,3,3,168,0,294,0,0,0,0,0,0,7,130000,11.775297421715829,2876,48,48,0,0,0,0,0,0,0,1,1,1.5,1,0,1,0,0,0,1,0,0,0,0,0,0,0,0,0,0,1,0,0,0,0,0,1,0,1,1,0,0,0,1,0,0,0,0,0,1,0,0,0,0,0,0,0,0,0,1,0,0,0,0,0,1,0,0,0,0,0,1,0,0,1,0,0,0,1,1,0,0,0,1,0,0,0,0,0,0,0,1,8.843759381917984,4.532599493153256
360,78.0,12011,3,4,3,8,5,530.0,4,3,4,3,3,6,956,1,0,130,1086,5,1086,838,0,1924,1,0,2,1,3,1,4,7,1,3,2,2,3,3,3,208,75,0,0,374,0,0,0,0,6,280000,12.54254845357358,3667,8,8,0,0,0,0,0,0,0,1,1,2.0,0,0,0,1,1,1,1,1,0,0,0,0,0,0,1,0,0,0,0,0,0,0,0,1,0,1,1,0,1,0,0,0,0,0,0,0,0,0,0,0,0,0,0,0,0,1,0,0,0,0,0,0,0,0,0,1,0,0,1,0,0,0,0,1,0,1,0,0,1,0,0,0,0,0,0,0,0,0,1,9.39366142910322,4.3694478524670215
361,70.04995836802665,7540,3,4,3,6,6,0.0,3,3,4,3,3,6,773,1,0,115,888,5,912,0,0,912,1,0,1,0,2,1,3,7,1,3,2,2,3,3,3,0,0,0,0,192,0,0,3,0,6,156000,11.95761769646754,1992,29,29,0,0,0,0,0,0,0,1,1,1.5,1,0,0,1,1,1,0,1,0,0,0,0,0,0,0,0,0,0,1,0,0,0,0,1,0,1,1,0,1,0,0,0,0,0,0,0,0,0,0,0,0,0,0,0,0,1,0,0,0,0,0,0,0,0,0,1,0,0,0,1,0,1,0,0,0,1,0,0,1,0,0,0,0,0,0,0,0,0,1,8.928110078202646,4.2633832685897595
362,70.04995836802665,9144,4,4,3,5,5,0.0,3,3,3,3,1,3,399,1,0,484,883,4,988,517,0,1505,1,0,1,0,3,1,3,7,0,0,1,1,3,3,1,0,0,0,0,0,0,0,0,0,7,145000,11.884495917930655,2388,68,26,1,0,0,0,0,0,0,1,1,1.5,0,0,0,1,1,1,0,0,0,0,0,0,0,1,0,0,0,0,0,0,0,0,0,1,0,1,0,1,0,0,1,0,0,0,0,0,0,0,0,0,0,1,0,0,0,0,0,0,0,0,0,1,0,0,0,0,0,0,0,1,0,1,0,0,0,1,0,0,1,0,0,1,0,0,0,0,0,0,1,9.120962560824966,4.2633832685897595
363,64.0,7301,4,4,3,7,5,500.0,4,3,0,0,0,0,0,0,0,0,0,5,495,1427,0,1922,0,0,3,0,4,1,4,7,1,5,2,2,3,3,3,0,0,177,0,0,0,0,0,0,7,198500,12.198549416880068,2099,6,6,0,0,0,0,0,0,0,1,1,1.5,1,0,0,1,1,1,1,0,0,0,0,0,0,0,0,0,0,0,1,0,0,0,0,1,0,1,1,0,0,0,0,0,0,0,0,0,0,0,0,0,1,0,0,0,0,0,0,0,0,0,1,0,0,0,0,0,0,0,1,0,0,0,0,0,1,1,0,0,1,0,1,0,0,0,0,0,0,0,1,8.895903562215581,4.174387269895637
364,21.0,1680,4,4,3,6,8,510.0,3,3,3,3,1,5,162,1,0,321,483,4,483,504,0,987,0,0,1,1,2,1,4,7,0,0,1,1,3,3,3,250,0,0,0,0,0,0,0,0,5,118000,11.678448377988165,1720,37,2,1,0,0,0,0,0,0,1,1,2.0,0,0,0,1,0,1,0,0,0,1,0,0,0,0,0,0,0,0,0,0,0,0,0,0,1,1,1,0,0,0,1,0,0,0,1,0,0,0,0,0,1,0,0,0,0,0,0,0,0,0,1,0,0,0,0,0,0,0,1,0,0,1,0,0,0,1,0,0,1,0,0,1,0,0,0,0,0,0,1,7.427144133408616,3.091042453358316
365,70.04995836802665,18800,3,4,3,6,5,120.0,3,3,4,3,2,6,712,1,0,84,796,3,790,784,0,1574,1,0,2,1,3,1,3,7,1,3,3,2,3,3,3,306,111,0,0,0,0,0,0,0,7,190000,12.154784614286667,2787,30,30,0,0,0,0,0,0,0,1,1,2.0,0,0,0,1,0,1,1,1,0,0,0,0,0,0,1,0,0,0,0,0,0,0,0,1,0,1,1,0,0,1,0,0,0,0,0,0,0,0,0,0,1,0,0,0,0,0,0,0,0,0,1,0,0,0,0,0,0,0,1,0,0,0,0,1,0,1,0,0,1,0,0,0,0,0,0,0,0,0,1,9.841665338892785,4.2633832685897595
366,59.0,10690,4,4,3,5,7,0.0,3,4,3,2,1,3,456,1,0,216,672,4,672,672,0,1344,0,0,1,0,3,1,3,7,0,0,1,1,3,2,3,0,128,218,0,0,0,0,0,0,7,147000,11.898194668458824,2362,89,12,1,0,0,0,0,0,0,1,1,2.0,0,0,0,1,1,0,0,1,0,0,0,0,0,0,0,1,0,0,0,0,0,0,0,0,1,1,1,0,0,0,1,0,0,0,0,0,1,0,0,0,0,0,0,0,0,1,0,0,0,0,0,0,0,0,0,1,0,0,0,1,0,1,0,0,0,1,0,0,0,0,0,1,0,0,0,0,0,0,1,9.2771575450135,4.0943445622221
367,70.04995836802665,9500,3,4,3,6,5,247.0,3,3,4,3,1,4,609,1,0,785,1394,4,1394,0,0,1394,1,0,1,1,3,1,3,7,2,4,2,2,3,3,3,0,76,0,0,185,0,0,0,0,7,159000,11.976665770490769,3049,46,46,0,0,0,0,0,0,0,1,1,1.0,0,0,0,1,0,0,1,1,0,0,0,1,0,0,0,0,0,0,0,0,0,0,0,1,0,1,1,0,0,0,1,0,0,0,0,0,0,0,0,0,0,0,0,1,0,0,0,0,0,0,0,0,0,1,0,0,0,0,1,0,0,1,0,0,0,1,0,0,1,0,0,0,0,0,0,0,0,0,1,9.15915233520675,4.2633832685897595
368,101.0,9150,3,4,3,6,5,305.0,3,3,4,3,4,6,371,1,0,728,1099,4,1431,0,0,1431,0,1,1,0,3,1,3,7,1,4,2,1,3,3,3,64,110,0,0,0,0,0,0,0,12,165000,12.013706813470414,2704,46,46,0,0,0,0,0,0,0,0,1,1.5,1,0,0,1,0,0,1,1,0,0,0,0,0,0,0,0,0,1,0,0,0,0,0,1,0,1,1,0,0,0,0,0,0,0,0,0,0,0,0,0,0,0,0,1,0,0,0,0,0,0,0,0,0,1,0,0,0,0,1,0,0,1,0,0,0,1,0,0,1,1,0,0,0,0,0,0,0,0,1,9.121618441915379,4.624972813284271
369,78.0,7800,4,4,3,5,6,200.0,3,3,3,3,1,2,540,1,0,728,1268,4,1268,0,0,1268,0,0,1,0,2,1,3,7,1,4,3,1,3,3,3,0,98,0,0,0,0,0,0,0,3,132000,11.790564777297387,2634,56,56,0,0,0,0,0,0,0,1,1,1.0,0,0,0,1,0,0,1,1,0,0,0,1,0,0,0,0,0,0,0,0,0,0,0,1,0,1,1,0,0,0,1,0,0,0,0,0,0,0,0,0,1,0,0,0,0,0,0,0,0,0,1,0,0,0,0,0,0,0,1,0,0,0,0,1,0,1,0,0,1,0,0,0,0,0,0,0,0,0,1,8.962007209588313,4.3694478524670215
370,70.04995836802665,9830,3,4,3,5,7,0.0,3,4,3,3,1,5,72,3,258,733,1063,5,1287,0,0,1287,1,0,1,0,3,1,4,7,1,4,3,2,3,3,3,364,17,0,0,182,0,0,0,0,3,162000,11.995357787034976,2913,51,4,1,0,0,0,0,0,0,1,1,1.0,0,0,0,1,0,0,1,1,0,0,0,1,0,0,0,0,0,0,0,0,0,0,0,1,0,1,1,0,0,0,0,0,0,0,0,0,0,0,0,0,0,0,0,0,0,0,1,0,0,0,0,0,0,0,0,0,1,0,0,1,0,1,0,0,0,1,0,0,1,0,0,1,0,0,0,0,0,0,1,9.193295937366925,4.2633832685897595
371,70.04995836802665,8121,3,4,3,6,5,0.0,3,3,4,3,1,1,0,1,0,953,953,5,953,711,0,1664,0,0,2,1,3,1,3,7,1,3,2,2,3,3,3,100,40,0,0,0,0,0,0,0,1,172400,12.057578437658943,2757,6,6,0,0,0,0,0,0,0,1,1,2.0,0,0,0,1,0,0,0,1,0,0,0,0,0,0,1,0,0,0,0,0,0,0,0,1,0,1,1,0,0,0,1,0,0,0,0,0,0,0,0,0,0,0,0,0,0,1,0,0,0,0,0,0,0,0,0,1,0,0,0,1,0,0,0,1,0,1,0,0,1,0,0,0,0,0,0,0,0,0,1,9.002331708246244,4.2633832685897595
372,80.0,17120,4,4,3,4,4,0.0,3,3,0,0,0,0,0,0,0,0,0,3,1120,468,0,1588,0,0,2,0,4,1,3,5,1,4,3,2,3,3,1,0,59,0,0,0,0,0,0,0,7,134432,11.808821212646512,1647,49,49,0,0,0,0,0,1,0,1,1,1.5,0,0,0,1,0,0,1,0,0,0,0,0,0,1,0,0,0,0,0,0,0,0,0,1,0,1,1,0,0,0,1,0,0,0,0,0,0,0,0,0,0,0,0,0,0,0,0,1,0,0,0,0,0,1,0,0,0,0,0,1,0,1,0,0,0,1,0,0,1,0,0,1,0,0,0,0,0,0,1,9.748061059204817,4.394449154672439
373,50.0,7175,4,4,3,6,5,0.0,3,3,4,3,1,5,623,2,121,0,744,3,752,0,0,752,1,0,1,0,2,1,3,7,0,0,1,1,3,3,3,353,0,0,0,90,0,0,3,0,2,125000,11.736077016252436,1939,26,26,0,0,0,0,0,0,0,1,1,1.0,0,0,0,1,0,0,1,0,1,0,0,0,0,0,0,0,0,0,0,0,0,0,0,1,0,1,1,0,0,0,1,0,0,0,0,1,0,0,0,0,0,0,0,1,0,0,0,0,0,0,0,0,0,1,0,0,0,0,0,1,0,1,0,0,0,1,0,0,1,0,0,0,0,0,0,0,0,0,1,8.878497403738631,3.9318256327243257
374,79.0,10634,4,4,3,5,6,0.0,3,3,3,3,1,4,428,2,180,0,608,3,1319,0,0,1319,1,0,1,0,3,1,3,5,0,0,1,1,3,3,3,66,0,0,0,0,0,0,2,0,11,123000,11.719947764402807,1993,56,56,0,0,0,0,0,0,0,1,1,1.0,0,0,0,1,0,0,1,1,0,0,0,1,0,0,0,0,0,0,0,0,0,0,0,1,0,1,1,0,0,0,1,0,0,0,0,0,0,0,0,0,0,1,0,0,0,0,0,0,0,0,0,1,0,0,0,0,0,0,0,1,0,0,0,1,0,1,0,0,1,0,0,0,0,0,0,0,0,0,1,9.271905727634337,4.382026634673881
375,65.0,8200,4,4,3,7,5,0.0,4,3,4,3,1,1,0,1,0,847,847,5,847,1081,0,1928,0,0,2,1,4,1,4,7,1,4,3,2,3,3,3,100,48,0,0,0,0,0,0,0,7,219500,12.299112067295642,2923,4,3,1,0,0,0,0,0,0,1,1,2.0,0,0,0,1,1,0,1,0,0,0,0,0,0,0,1,0,0,0,0,0,0,0,0,1,0,1,1,0,0,0,1,0,0,0,0,0,0,0,0,0,0,0,0,0,0,1,0,0,0,0,0,0,0,0,0,1,0,0,0,1,0,0,0,1,0,1,0,0,1,0,1,0,0,0,0,0,0,0,1,9.012011377036412,4.189654742026425
376,70.04995836802665,10020,3,4,1,1,1,0.0,2,2,2,1,4,4,350,1,0,333,683,4,904,0,0,904,1,0,0,1,1,1,2,3,0,0,0,0,0,0,3,0,0,0,0,0,0,0,0,0,3,61000,11.0186455364637,1587,87,59,1,0,0,1,0,0,0,1,1,1.0,0,0,0,1,1,1,1,0,0,0,0,0,1,0,0,0,0,0,0,0,0,0,0,1,0,1,1,0,0,0,1,0,0,0,0,0,0,0,0,0,0,0,0,0,0,0,1,0,0,0,0,0,0,0,0,0,1,0,0,1,0,0,0,0,0,0,0,0,0,0,0,0,1,0,0,0,0,1,0,9.212438170058329,4.2633832685897595
377,57.0,8846,3,4,3,5,5,0.0,4,3,4,3,3,6,298,1,0,572,870,5,914,0,0,914,0,0,1,0,2,1,3,7,0,0,1,2,3,3,3,0,0,0,0,0,0,0,0,0,7,148000,11.904974309480185,1784,10,10,0,0,0,0,0,0,0,1,1,1.5,1,0,0,1,1,0,1,0,0,0,0,0,0,0,0,0,0,0,1,0,0,0,0,1,0,1,1,0,1,0,0,0,0,0,0,0,0,0,0,0,0,0,0,0,0,1,0,0,0,0,0,0,0,0,0,1,0,0,0,1,0,0,0,1,0,1,0,0,1,0,0,1,0,0,0,0,0,0,1,9.087833697483386,4.060443010546419
378,102.0,11143,3,4,3,8,5,0.0,4,3,4,3,1,1,0,1,0,1580,1580,5,1580,886,0,2466,0,0,3,0,4,1,4,7,1,4,2,2,3,3,3,159,214,0,0,0,0,0,0,0,12,340000,12.73670383776449,4419,3,2,1,0,0,0,0,0,0,1,1,2.0,0,0,0,1,1,0,1,0,1,0,0,0,0,0,1,0,0,0,0,0,0,0,0,0,0,1,1,0,0,0,0,0,0,0,0,0,0,0,0,1,0,0,0,0,0,0,0,0,0,1,0,0,0,0,0,0,0,0,0,1,0,0,0,1,0,1,0,0,1,0,0,0,0,0,0,0,0,0,1,9.318656515459642,4.634728988229636
379,88.0,11394,4,4,3,9,2,350.0,4,3,5,3,3,6,1445,1,0,411,1856,5,1856,0,0,1856,1,0,1,1,1,1,5,7,1,5,3,3,3,3,3,113,0,0,0,0,0,0,0,0,6,394432,12.885204569609956,3825,0,0,0,0,0,0,0,0,0,1,1,1.0,0,1,0,0,0,1,1,0,1,0,0,1,0,0,0,0,0,0,0,0,0,0,0,1,0,1,1,0,0,0,0,0,0,0,0,0,1,0,0,0,0,0,0,0,0,1,0,0,0,0,0,0,0,0,0,1,0,0,0,0,1,0,0,1,0,1,0,0,1,0,0,0,0,0,0,0,0,0,1,9.340929941679784,4.48863636973214
380,60.0,8123,3,4,3,6,5,16.0,3,3,4,3,1,1,0,1,0,982,982,5,1007,793,0,1800,0,0,2,1,3,1,3,7,1,3,3,2,3,3,3,100,63,0,0,0,0,0,0,0,6,179000,12.095146671399466,2945,9,9,0,0,0,0,0,0,1,1,1,2.0,0,0,0,1,0,0,0,1,0,0,0,0,0,0,1,0,0,0,0,0,0,0,0,1,0,1,1,0,0,0,1,0,0,0,0,0,0,0,0,0,0,0,0,0,0,1,0,0,0,0,0,0,0,0,0,1,0,0,1,0,0,0,0,1,0,1,0,0,1,0,0,0,0,0,0,0,0,0,1,9.002577922700276,4.110873864173311
381,50.0,5000,4,4,3,5,6,0.0,3,3,3,3,1,2,218,1,0,808,1026,3,1026,665,0,1691,0,0,2,0,3,1,4,7,1,4,1,1,3,3,3,0,0,242,0,0,0,0,0,0,5,127000,11.751950239425476,2959,86,60,1,0,0,0,0,0,0,1,1,1.5,0,0,0,1,0,1,0,0,1,0,0,0,0,1,0,0,0,0,0,0,0,0,0,1,0,1,0,1,0,0,1,0,0,0,0,0,0,0,1,0,0,0,0,0,0,0,0,0,0,0,0,0,0,0,0,0,1,0,0,1,0,0,0,0,0,1,0,0,1,0,0,1,0,0,0,0,0,0,1,8.517393171418904,3.9318256327243257
382,60.0,7200,4,4,3,7,5,0.0,4,3,4,4,1,1,0,1,0,1293,1293,5,1301,0,0,1301,1,0,2,0,2,1,4,7,1,4,2,2,3,3,3,216,121,0,0,0,0,0,0,0,8,187750,12.142871895843887,2931,0,0,0,0,0,0,0,0,0,1,1,1.0,0,1,0,0,1,0,1,0,1,0,0,1,0,0,0,0,0,0,0,0,0,0,0,0,0,1,0,1,0,0,1,0,0,0,0,0,0,0,0,0,0,0,0,0,0,1,0,0,0,0,0,0,0,0,0,1,0,0,0,1,0,0,0,1,0,1,0,0,1,0,0,0,0,0,0,0,0,0,1,8.881975184248867,4.110873864173311
383,79.0,9245,3,4,3,7,5,0.0,4,3,4,3,3,1,0,1,0,939,939,5,939,858,0,1797,0,0,2,1,3,1,4,7,0,0,2,2,3,3,3,144,53,0,0,0,0,0,0,0,4,213500,12.271396795480596,2933,1,1,0,0,0,0,0,0,0,1,1,2.0,0,0,0,1,1,0,1,0,0,0,0,0,0,0,1,0,0,0,0,0,0,0,0,1,0,1,1,0,0,0,1,0,0,0,0,0,0,0,0,0,0,0,0,0,0,1,0,0,0,0,0,0,0,0,0,1,0,0,0,1,0,0,0,1,0,1,0,0,1,0,0,0,0,0,0,0,0,0,1,9.13194630454817,4.382026634673881
384,60.0,9000,4,4,3,6,3,0.0,3,3,2,2,1,1,0,1,0,784,784,3,784,0,0,784,0,0,1,0,2,1,3,7,0,0,1,2,2,2,1,0,0,91,0,0,0,0,0,0,10,76000,11.23850177707664,1659,81,59,1,0,0,0,0,0,0,1,1,1.25,0,0,0,1,0,0,1,0,1,0,0,0,0,0,0,0,0,0,0,0,1,0,1,0,0,1,1,0,0,0,0,0,0,0,0,0,0,0,0,0,0,0,0,0,0,0,1,0,0,0,0,0,0,0,0,0,1,0,0,1,0,0,0,0,0,0,0,0,0,0,0,1,0,0,0,0,0,0,1,9.105090961257085,4.110873864173311
385,70.04995836802665,53107,2,4,2,6,5,0.0,4,3,4,3,3,6,985,1,0,595,1580,5,1079,874,0,1953,1,0,2,1,3,1,4,7,2,2,3,2,3,3,3,216,231,0,0,0,0,0,0,0,6,240000,12.388398368982116,3980,15,15,0,0,0,1,0,1,0,1,1,2.0,0,0,0,1,0,0,1,0,0,0,0,0,0,0,1,0,0,0,0,0,0,0,0,1,0,1,1,0,0,0,0,0,0,0,0,0,0,0,0,0,1,0,0,0,0,0,0,0,0,0,1,0,0,0,0,0,0,0,0,1,0,0,0,1,0,1,0,0,1,0,0,0,0,0,0,0,0,1,0,10.880082855015793,4.2633832685897595
386,43.0,3182,4,4,3,8,5,16.0,4,3,4,3,1,6,24,1,0,1232,1256,5,1269,0,0,1269,0,0,2,0,2,1,4,7,1,3,3,2,3,3,3,146,20,0,0,144,0,0,0,0,4,192000,12.165255859329688,2835,6,5,1,0,0,0,0,0,0,1,1,1.0,0,0,0,1,0,0,0,0,0,0,0,0,0,0,0,0,0,0,0,0,0,0,0,1,0,1,1,0,0,0,1,0,0,0,0,1,0,0,0,0,0,0,0,0,0,1,0,0,0,0,0,0,0,0,0,1,0,0,1,0,0,0,0,1,0,1,0,0,1,0,0,0,0,0,0,0,0,0,1,8.065579427282092,3.784189633918261
387,58.0,8410,4,4,3,5,3,0.0,3,2,3,3,1,1,0,1,0,658,658,3,658,526,0,1184,0,0,1,0,5,1,3,7,0,0,0,0,0,0,1,0,151,0,0,0,0,0,0,0,5,81000,11.302216779257382,1993,96,10,1,0,0,0,0,1,0,1,1,1.5,0,0,1,0,1,1,1,0,0,0,0,0,0,1,0,0,0,0,0,0,0,0,0,1,0,1,1,0,0,1,0,0,0,0,0,0,0,1,0,0,0,0,0,0,0,0,1,0,0,0,0,0,0,0,0,1,0,0,0,1,0,0,0,1,0,1,0,0,1,0,0,0,1,0,0,0,0,0,1,9.037295651962438,4.07753744390572
388,72.0,7200,4,4,3,6,6,255.0,3,3,3,3,3,5,631,1,0,410,1041,5,1125,0,0,1125,1,0,1,0,3,1,3,7,1,2,1,1,3,3,3,296,0,0,0,0,0,0,2,0,10,125000,11.736077016252436,2462,33,33,0,0,0,0,0,0,0,1,1,1.5,1,0,1,0,1,1,1,0,0,0,0,0,0,0,0,0,0,1,0,0,0,0,0,1,0,1,1,0,0,0,1,0,0,0,0,0,1,0,0,0,0,1,0,0,0,0,0,0,0,0,0,1,0,0,0,0,0,0,1,0,0,1,0,0,0,1,0,0,1,0,0,1,0,0,0,0,0,0,1,8.881975184248867,4.290459441148391
389,93.0,9382,3,4,3,7,5,125.0,4,3,4,3,1,1,0,1,0,1468,1468,5,1479,0,0,1479,0,0,2,0,3,1,4,7,0,0,2,2,3,3,3,120,25,0,0,0,0,0,0,0,7,191000,12.160033942617156,3092,9,8,1,0,0,0,0,0,0,1,1,1.0,0,0,0,1,1,0,1,0,0,0,0,1,0,0,0,0,0,0,0,0,0,0,0,1,0,1,1,0,1,0,0,0,0,0,0,0,0,0,0,0,0,0,0,0,0,1,0,0,0,0,0,0,0,0,0,1,0,0,1,0,0,0,0,1,0,1,0,0,1,0,0,0,0,0,0,0,0,0,1,9.146654820290049,4.543294782270004
390,96.0,12474,4,4,3,10,5,272.0,5,3,5,3,3,6,1280,1,0,402,1682,5,1742,590,0,2332,1,0,2,1,3,1,5,7,1,5,3,3,3,3,3,196,134,0,0,0,0,0,0,0,8,426000,12.962196972666591,4344,1,0,1,0,0,0,0,0,0,1,1,2.0,0,1,0,0,0,0,0,0,1,0,0,0,0,0,1,0,0,0,0,0,0,0,0,1,0,1,1,0,0,0,1,0,0,0,0,0,0,0,0,0,0,0,0,0,0,1,0,0,0,0,0,0,0,0,0,1,0,0,0,0,1,0,0,1,0,1,0,0,1,0,1,0,0,0,0,0,0,0,1,9.431481920619719,4.574710978503383
391,50.0,8405,4,4,3,5,8,0.0,3,3,3,4,1,3,241,4,391,229,861,5,961,406,0,1367,1,0,1,0,4,1,3,7,0,0,1,1,3,3,3,0,130,112,0,0,0,0,3,0,4,119000,11.686887175419702,2470,108,58,1,0,0,0,0,0,0,1,1,1.5,0,0,0,1,1,1,1,0,0,0,0,0,0,1,0,0,0,0,0,0,0,0,0,1,0,1,0,0,0,0,1,0,0,0,0,0,0,0,0,0,0,1,0,0,0,0,0,0,0,0,0,1,0,0,0,0,0,0,0,1,0,0,0,0,0,1,0,0,1,0,0,1,0,0,0,0,0,0,1,9.036701015565063,3.9318256327243257
392,71.0,12209,3,4,3,6,5,0.0,3,3,5,3,1,5,690,1,0,114,804,5,804,1157,0,1961,1,0,2,1,3,1,4,7,1,3,3,2,3,3,3,125,192,0,0,0,0,0,0,0,6,215000,12.278397958261774,3082,8,7,1,0,0,0,0,0,0,1,1,2.0,0,0,0,1,1,1,0,1,0,0,0,0,0,0,1,0,0,0,0,0,0,0,0,1,0,1,1,0,1,0,0,0,0,0,0,0,0,0,0,0,0,0,0,0,0,1,0,0,0,0,0,0,0,0,0,1,0,0,0,1,0,0,0,1,0,1,0,0,1,0,1,0,0,0,0,0,0,0,1,9.41001056710475,4.276666119016055
393,70.04995836802665,8339,3,4,3,5,7,0.0,3,3,0,0,0,0,0,0,0,0,0,3,882,0,0,882,0,0,1,0,3,1,3,7,0,0,2,1,3,3,3,0,0,0,0,0,0,0,3,1200,7,106500,11.575909653758895,882,48,48,0,0,1,0,0,0,0,1,1,1.0,0,0,0,1,0,0,1,1,0,0,0,1,0,0,0,0,0,0,0,0,0,0,0,1,0,1,1,0,0,0,1,0,0,0,0,0,0,0,0,0,0,1,0,0,0,0,0,0,0,0,0,1,0,0,0,0,0,0,0,1,0,0,0,0,1,1,0,0,1,0,0,0,0,0,0,1,0,0,1,9.028818495352793,4.2633832685897595
394,70.04995836802665,7446,4,4,3,4,5,0.0,3,3,3,3,1,3,266,1,0,522,788,3,788,0,0,788,0,0,1,0,2,1,3,7,2,3,0,0,0,0,3,0,0,0,0,0,0,0,2,0,4,100000,11.51293546492023,1576,65,56,1,0,0,0,0,1,0,1,1,1.0,0,0,1,0,1,1,0,0,0,0,0,0,1,0,0,0,0,0,0,0,0,0,0,1,0,1,1,0,0,0,0,0,0,0,0,0,0,0,0,0,0,0,0,0,0,0,0,1,0,0,0,0,0,0,0,0,0,1,0,1,0,1,0,0,0,1,0,0,0,0,0,0,1,0,0,0,0,0,1,8.915566545710645,4.2633832685897595
395,60.0,10134,4,4,3,5,6,0.0,3,3,3,3,1,1,0,1,0,735,735,4,735,299,0,1034,0,0,1,0,2,1,3,7,0,0,1,1,3,3,3,0,39,0,0,0,0,0,0,0,7,109000,11.599112335481124,1808,67,57,1,0,0,0,0,0,0,1,1,1.5,0,0,0,1,1,0,0,0,1,0,0,0,0,1,0,0,0,0,0,0,0,0,0,1,0,1,1,0,0,0,1,0,0,0,0,0,0,0,0,0,0,1,0,0,0,0,0,0,0,0,0,1,0,0,0,0,0,0,0,1,0,1,0,0,0,1,0,0,0,0,0,1,0,0,0,0,0,0,1,9.2237500588861,4.110873864173311
396,68.0,9571,4,4,3,5,6,0.0,3,3,3,3,3,4,739,1,0,405,1144,3,1144,0,0,1144,1,0,1,0,3,1,3,7,0,0,1,1,3,3,3,44,0,0,0,0,0,0,0,0,6,129000,11.767575435251748,2332,54,54,0,0,0,0,0,0,0,1,1,1.0,0,0,0,1,1,1,1,0,0,0,0,1,0,0,0,0,0,0,0,0,0,0,0,1,0,1,1,0,0,0,1,0,0,0,0,0,0,0,0,0,0,0,0,0,0,0,1,0,0,0,0,0,0,0,0,0,1,0,0,1,0,1,0,0,0,1,0,0,1,0,0,0,0,0,0,0,0,0,1,9.166597449028265,4.23410650459726
397,60.0,7200,4,4,3,5,5,0.0,3,3,3,3,3,3,777,1,0,117,894,3,894,0,0,894,0,0,1,0,2,1,3,7,0,0,2,2,3,3,3,215,0,0,0,0,0,0,0,0,9,123000,11.719947764402807,2003,37,37,0,0,0,1,0,0,0,1,1,1.0,0,0,0,1,1,0,1,0,0,0,0,1,0,0,0,0,0,0,0,0,0,0,0,1,0,1,1,0,0,0,1,0,0,0,0,0,1,0,0,0,0,1,0,0,0,0,0,0,0,0,0,1,0,0,0,0,0,0,0,1,0,1,0,0,0,1,0,0,1,0,0,1,0,0,0,0,0,1,0,8.881975184248867,4.110873864173311
398,69.0,7590,4,4,3,5,5,288.0,3,3,3,3,1,5,540,1,0,324,864,3,876,936,0,1812,0,0,2,0,4,1,3,7,1,3,2,1,3,3,3,0,168,0,0,0,0,0,0,0,7,169500,12.040614105490253,2844,45,45,0,0,0,0,1,0,0,1,1,2.0,0,0,0,1,0,0,1,1,0,0,0,0,0,0,1,0,0,0,0,0,0,0,0,1,0,1,1,0,0,0,1,0,0,0,0,0,0,0,0,0,0,0,0,0,0,1,0,0,0,0,0,0,0,0,0,1,0,0,1,0,0,1,0,0,0,1,0,0,1,0,0,0,0,0,0,0,0,0,1,8.934718614016768,4.248495242049359
399,60.0,8967,4,4,3,5,2,0.0,3,2,2,1,1,1,0,1,0,961,961,4,1077,0,0,1077,0,0,1,0,2,1,3,2,0,0,1,1,1,1,1,0,0,0,0,0,0,0,0,0,11,67000,11.112462823634855,2038,87,57,1,0,0,0,0,0,0,1,1,1.0,0,0,1,0,1,0,0,1,0,0,0,0,1,0,0,0,0,0,0,0,0,0,0,0,1,1,1,0,0,0,0,0,0,0,0,0,0,0,0,0,0,1,0,0,0,0,0,0,0,0,0,1,0,0,0,0,0,0,0,1,0,0,0,0,0,1,0,1,0,0,0,1,0,0,0,0,0,0,1,9.101417964751995,4.110873864173311
400,65.0,8125,4,4,3,7,5,100.0,4,3,4,3,1,6,812,1,0,280,1092,5,1112,438,0,1550,1,0,2,0,2,1,4,7,0,0,3,2,3,3,3,0,168,0,0,0,0,0,0,0,10,241000,12.392556361841775,2810,3,2,1,0,0,0,0,0,0,1,1,2.0,0,0,0,1,1,0,1,0,1,0,0,0,0,0,1,0,0,0,0,0,0,0,0,0,0,1,1,0,0,0,1,0,0,0,0,0,0,0,0,1,0,0,0,0,0,0,0,0,0,1,0,0,0,0,0,0,0,0,0,0,1,0,0,1,0,1,0,0,1,0,0,0,0,0,0,0,0,0,1,9.002824076547672,4.189654742026425
401,38.0,14963,2,4,3,8,5,0.0,4,3,4,3,1,6,786,1,0,474,1260,5,1288,0,0,1288,1,0,1,1,1,1,5,7,2,4,3,2,3,3,3,120,30,0,0,224,0,0,0,0,12,245500,12.411056299528171,2922,12,12,0,0,0,0,0,0,0,1,1,1.0,0,0,0,1,0,0,0,1,1,0,0,0,0,0,0,0,0,0,0,0,0,0,0,1,0,1,1,0,0,0,1,0,0,0,0,1,0,0,1,0,0,0,0,0,0,0,0,0,1,0,0,0,0,0,0,0,0,0,0,1,0,0,0,1,0,1,0,0,1,0,0,0,0,0,0,0,0,0,1,9.613402595468036,3.6635616461296463
402,65.0,8767,3,4,3,7,5,0.0,4,3,4,3,3,6,24,1,0,1286,1310,5,1310,0,0,1310,0,0,2,0,3,1,4,7,1,4,3,2,3,3,3,0,0,0,0,0,0,0,0,0,7,164990,12.013646205940514,2620,1,1,0,0,0,0,0,0,0,1,1,1.0,0,1,0,0,1,0,1,0,0,0,0,1,0,0,0,0,0,0,0,0,0,0,0,1,0,1,1,0,0,0,1,0,0,0,0,0,0,0,0,0,0,0,0,0,0,1,0,0,0,0,0,0,0,0,0,1,0,0,0,1,0,0,0,1,0,1,0,0,1,0,0,0,0,0,0,0,0,0,1,9.078864009187797,4.189654742026425
403,60.0,10200,4,4,3,5,8,0.0,3,3,3,3,1,1,0,1,0,672,672,5,672,0,0,672,0,0,1,0,2,1,3,7,0,0,1,1,3,3,1,168,0,0,0,0,0,0,4,0,8,108000,11.58989576532275,1512,68,11,1,0,0,0,0,0,0,1,1,1.0,0,0,0,1,1,1,0,0,1,0,0,0,1,0,0,0,0,0,0,0,0,0,0,1,0,1,1,0,0,0,1,0,0,0,0,0,0,0,0,0,0,0,0,0,0,0,1,0,0,0,0,0,0,0,0,0,1,0,0,1,0,0,0,1,0,1,0,0,1,0,0,1,0,0,0,0,0,0,1,9.23024103368252,4.110873864173311
404,93.0,12090,4,4,3,8,5,650.0,4,3,4,3,1,1,0,1,0,1141,1141,4,1165,1098,0,2263,0,0,2,1,4,1,4,7,1,3,3,2,3,3,3,144,123,0,0,0,0,0,0,0,7,258000,12.460718739865236,3671,8,8,0,0,0,0,0,0,0,1,1,2.0,0,0,1,0,1,1,1,1,0,0,0,0,0,0,1,0,0,0,0,0,0,0,0,1,0,1,1,0,0,0,0,0,0,0,0,0,1,0,0,0,0,0,0,0,0,1,0,0,0,0,0,0,0,0,0,1,0,0,1,0,0,0,0,1,0,1,0,0,1,0,1,0,0,0,0,0,0,0,1,9.400216653174247,4.543294782270004
405,70.04995836802665,10364,3,4,3,6,5,0.0,3,3,4,3,1,1,0,1,0,806,806,4,806,766,0,1572,0,0,2,1,3,1,3,7,1,3,3,2,3,3,3,0,40,0,0,0,0,0,0,0,5,168000,12.031725210748633,2418,12,11,1,0,0,0,0,0,0,1,1,2.0,0,0,0,1,0,0,0,1,0,0,0,0,0,0,1,0,0,0,0,0,0,0,0,1,0,1,1,0,0,0,1,0,0,0,0,0,0,0,0,0,0,1,0,0,0,0,0,0,0,0,0,1,0,0,0,0,0,0,0,1,0,0,0,1,0,1,0,0,1,0,1,0,0,0,0,0,0,0,1,9.24619002486988,4.2633832685897595
406,70.04995836802665,9991,3,4,3,4,4,0.0,3,3,3,3,1,4,1116,1,0,165,1281,5,1620,0,0,1620,1,0,2,0,3,1,3,6,1,3,1,2,3,3,3,120,78,0,0,0,0,0,2,0,6,150000,11.918397239722838,3099,33,16,1,0,0,0,0,1,0,1,1,1.0,0,0,0,1,1,1,0,0,1,0,0,1,0,0,0,0,0,0,0,0,0,0,0,1,0,1,1,0,0,0,0,0,0,0,0,0,0,0,0,0,0,0,0,1,0,0,0,0,0,0,0,0,0,1,0,0,0,0,0,1,0,1,0,0,0,1,0,0,1,0,0,0,0,0,0,0,0,0,1,9.209540051805414,4.2633832685897595
407,51.0,10480,4,4,3,6,5,0.0,3,3,3,3,1,1,0,1,0,1064,1064,5,1166,0,473,1639,0,0,1,0,3,1,3,2,0,0,1,1,3,3,3,0,0,0,0,0,0,0,0,0,3,115000,11.652696102959752,2703,72,58,1,0,0,0,0,0,0,1,1,1.5,0,0,0,1,0,1,0,0,1,0,0,0,0,1,0,0,0,0,0,0,0,0,0,1,0,1,1,0,0,0,1,0,0,0,0,0,0,0,0,0,0,1,0,0,0,0,0,0,0,0,0,1,0,0,0,0,0,0,0,1,0,0,0,0,0,1,0,0,0,0,0,1,0,0,0,0,0,0,1,9.257319373170178,3.9512437185814275
408,63.0,15576,4,4,3,6,7,0.0,3,3,4,3,1,1,0,1,0,840,840,5,840,840,0,1680,0,0,2,0,4,1,3,7,0,0,1,1,3,3,3,0,0,160,0,0,0,0,0,0,3,177000,12.08391066125752,2680,93,32,1,0,0,0,0,0,0,1,1,2.0,0,0,0,1,0,1,1,0,0,0,0,0,0,0,0,1,0,0,0,0,0,0,0,1,0,1,1,0,0,0,1,0,0,0,0,0,0,0,0,0,0,0,0,0,0,0,1,0,0,0,0,0,0,1,0,0,0,0,0,1,0,0,0,0,0,1,0,0,1,0,0,0,0,0,0,0,0,0,1,9.653550746326605,4.1588830833596715
409,109.0,14154,4,4,3,7,5,350.0,4,3,5,4,1,1,0,1,0,1063,1063,5,1071,1101,0,2172,0,0,2,1,3,1,4,7,1,4,2,3,3,3,3,192,62,0,0,0,0,0,0,0,8,280000,12.54254845357358,3489,1,1,0,0,0,0,0,0,0,1,1,2.0,0,1,0,0,0,0,0,0,1,0,0,0,0,0,1,0,0,0,0,0,0,0,0,1,0,1,1,0,0,0,0,0,0,0,0,0,0,0,0,0,0,0,0,0,0,1,0,0,0,0,0,0,0,0,0,1,0,0,1,0,0,0,0,1,0,1,0,0,1,0,0,0,0,0,0,0,0,0,1,9.557823197546,4.700480365792417
410,85.0,10800,4,4,3,8,5,100.0,4,3,5,3,1,6,789,1,0,245,1034,5,1050,1028,0,2078,1,0,2,1,3,1,5,7,1,4,3,3,3,3,3,0,102,0,0,0,0,0,0,0,4,339750,12.73596827534975,3214,1,0,1,0,0,0,0,0,0,1,1,2.0,0,1,0,0,1,0,1,0,1,0,0,0,0,0,1,0,0,0,0,0,0,0,0,0,0,1,1,0,0,0,1,0,0,0,0,0,0,0,0,0,0,0,0,0,0,1,0,0,0,0,0,0,0,0,0,1,0,0,0,0,1,0,0,1,0,1,0,0,1,0,0,0,0,0,0,0,0,0,1,9.287394001418473,4.454347296253507
411,68.0,9571,4,4,3,5,3,0.0,3,2,3,2,1,1,0,1,0,1276,1276,3,1276,0,0,1276,0,0,1,0,3,1,3,4,0,0,1,1,3,3,3,0,0,0,0,0,0,0,0,0,6,60000,11.002116507732016,2552,51,51,0,0,0,0,0,0,0,1,1,1.0,0,0,1,0,1,1,1,0,0,0,0,1,0,0,0,0,0,0,0,0,0,0,0,1,0,1,1,0,0,0,1,0,0,0,0,0,0,0,0,0,0,0,1,0,0,0,0,0,0,0,0,0,1,0,0,0,0,0,0,1,0,1,0,0,0,1,0,0,0,0,0,0,0,0,0,0,0,0,1,9.166597449028265,4.23410650459726
412,100.0,34650,4,4,3,5,5,0.0,3,3,3,3,2,3,1056,1,0,0,1056,3,1056,0,0,1056,1,0,1,0,3,1,3,7,0,0,3,2,3,3,3,264,0,0,0,0,0,0,0,0,1,145000,11.884495917930655,2376,51,51,0,0,0,1,0,0,0,1,1,1.0,0,0,0,1,0,0,0,1,0,0,1,0,0,0,0,0,0,0,0,0,0,0,0,1,0,1,1,0,0,0,1,0,1,0,0,0,1,0,0,0,0,0,0,0,0,0,1,0,0,0,0,0,0,0,0,0,1,0,0,1,0,1,0,0,0,0,0,0,1,0,0,0,0,0,0,0,0,0,0,10.453081864230466,4.61512051684126
413,70.04995836802665,4403,2,4,3,7,5,432.0,5,3,5,3,3,6,578,1,0,892,1470,5,1478,0,0,1478,1,0,2,1,2,1,4,7,1,4,3,2,3,3,3,0,144,0,0,0,0,0,0,0,6,222000,12.310437165348777,3092,1,1,0,0,0,0,0,0,0,1,1,1.0,0,1,0,0,1,0,1,0,1,0,0,1,0,0,0,0,0,0,0,0,0,0,0,0,0,1,1,0,0,0,1,0,0,0,0,0,0,0,0,0,0,1,0,0,0,0,0,0,0,0,0,1,0,0,0,0,0,0,0,0,1,0,0,1,0,1,0,0,1,0,0,0,0,0,0,0,0,0,1,8.390268497842571,4.2633832685897595
414,56.0,8960,4,4,3,5,6,0.0,3,3,3,3,1,1,0,1,0,1008,1008,4,1028,0,0,1028,0,0,1,0,2,1,3,7,1,4,1,2,3,3,3,0,0,130,0,0,0,0,0,0,3,115000,11.652696102959752,2166,83,60,1,0,0,0,0,1,0,1,1,1.0,0,0,0,1,1,0,0,0,1,0,0,0,1,0,0,0,0,0,0,0,0,0,0,0,1,1,0,0,0,0,1,0,0,0,0,0,0,0,0,0,0,0,0,0,0,0,0,1,0,0,0,0,0,0,0,0,0,1,0,1,0,1,0,0,0,1,0,0,0,0,0,1,0,0,0,0,0,0,1,9.10063710688422,4.04305126783455
415,59.0,11228,2,4,3,7,5,0.0,4,3,4,3,1,4,50,6,531,499,1080,5,1080,1017,0,2097,0,1,2,1,3,1,4,7,1,3,1,3,3,3,3,196,187,0,0,0,0,0,0,0,12,228000,12.337105293891872,3560,15,15,0,0,0,0,0,0,0,1,1,2.0,0,0,0,1,0,0,1,0,1,0,0,0,0,0,1,0,0,0,0,0,0,0,0,1,0,1,1,0,1,0,0,0,0,0,0,0,0,0,0,0,0,0,0,0,0,1,0,0,0,0,0,0,0,0,0,1,0,0,0,1,0,0,0,1,0,1,0,0,1,0,0,0,0,0,0,0,0,0,1,9.326254996572539,4.0943445622221
416,73.0,8899,3,4,3,7,5,0.0,4,3,4,3,3,6,24,1,0,1316,1340,5,1340,0,0,1340,0,0,2,0,3,1,4,7,0,0,3,2,3,3,3,100,30,0,0,0,0,0,0,0,8,181134,12.106997888588934,2810,0,0,0,0,0,0,0,0,0,1,1,1.0,0,1,0,0,0,0,0,1,0,0,0,1,0,0,0,0,0,0,0,0,0,0,0,1,0,1,1,0,0,0,1,0,0,0,0,0,0,0,0,0,0,0,0,0,0,1,0,0,0,0,0,0,0,0,0,1,0,0,0,1,0,0,0,1,0,1,0,0,1,0,0,0,0,0,0,0,0,0,1,9.093806555720231,4.30406509320417
417,74.0,7844,4,4,3,6,7,203.0,3,3,3,3,1,5,209,1,0,463,672,3,672,728,0,1400,0,0,1,1,3,1,3,7,1,3,3,2,3,3,3,0,0,0,0,0,0,0,0,0,3,149500,11.91505836075372,2072,28,28,0,0,0,0,0,0,0,1,1,2.0,0,0,0,1,1,1,0,0,1,0,0,0,0,0,1,0,0,0,0,0,0,0,0,1,0,1,1,0,0,0,1,0,0,0,0,0,1,0,0,0,1,0,0,0,0,0,0,0,0,0,1,0,0,0,0,0,0,0,1,0,0,1,0,0,0,1,0,0,1,0,0,0,0,0,0,0,0,0,1,8.967631665167133,4.31748811353631
418,86.0,22420,3,4,3,6,6,0.0,3,3,4,3,1,4,1128,1,0,242,1370,3,1370,1254,0,2624,1,0,2,1,4,1,3,7,1,4,1,3,3,3,1,0,0,0,0,0,0,0,0,0,11,239000,12.384223015005311,3994,89,57,1,0,0,0,0,1,0,1,0,2.0,0,0,0,1,0,1,1,0,0,0,0,0,0,0,0,1,0,0,0,0,0,0,0,1,0,1,1,0,0,0,1,0,0,0,0,0,1,0,0,0,0,0,0,0,0,0,1,0,0,0,0,0,0,0,1,0,0,0,0,1,0,0,0,0,0,0,0,0,0,0,0,1,0,0,0,0,0,0,1,10.017753298664472,4.465908118654584
419,60.0,8160,4,4,3,5,6,0.0,3,3,3,3,1,5,312,1,0,444,756,2,756,378,0,1134,1,0,1,1,3,1,3,7,0,0,1,1,3,3,2,0,0,0,0,0,0,0,0,0,4,126000,11.744045122410055,1890,67,57,1,0,0,0,0,0,0,1,1,1.5,0,0,1,0,1,1,1,0,0,0,0,0,0,1,0,0,0,0,0,0,0,0,0,1,0,1,1,0,0,0,1,0,0,0,0,0,0,0,0,0,0,1,0,0,0,0,0,0,0,0,0,1,0,0,0,0,0,0,0,1,0,0,0,0,0,0,1,0,0,0,0,1,0,0,0,0,0,0,1,9.007121989469242,4.110873864173311
420,65.0,8450,4,4,3,5,6,0.0,3,3,3,3,1,4,775,1,0,281,1056,5,1056,0,0,1056,1,0,1,0,3,1,3,7,1,2,1,1,3,3,3,0,85,184,0,0,0,0,0,0,7,142000,11.863589378812122,2381,42,42,0,0,0,0,0,0,0,1,1,1.0,0,0,0,1,0,0,1,1,0,0,0,1,0,0,0,0,0,0,0,0,0,0,0,1,0,1,1,0,0,0,1,0,0,0,0,0,0,0,0,0,0,0,0,0,0,1,0,0,0,0,0,0,0,0,0,1,0,0,0,1,0,1,0,0,0,1,0,0,1,0,0,0,0,0,0,0,0,0,1,9.042040056544483,4.189654742026425
421,78.0,7060,4,4,3,7,5,200.0,3,4,4,4,4,6,1309,1,0,35,1344,5,1344,0,0,1344,2,0,2,0,2,2,3,7,0,0,3,4,3,3,3,0,0,0,0,0,0,0,0,0,11,206300,12.237091546357338,2688,11,10,1,0,0,0,0,0,0,1,1,1.5,1,0,1,0,1,1,0,1,0,0,0,0,0,0,0,0,0,0,0,1,0,0,0,0,1,1,1,0,0,0,1,0,0,1,0,0,0,0,0,0,0,0,0,0,0,1,0,0,0,0,0,0,0,0,0,1,0,0,1,0,0,0,0,1,0,1,0,0,1,0,0,0,0,0,0,0,0,0,1,8.862341963516347,4.3694478524670215
422,70.04995836802665,16635,3,4,3,6,7,126.0,4,3,4,3,1,5,1246,1,0,356,1602,4,1602,0,0,1602,0,1,2,0,3,1,4,7,1,3,3,2,3,3,3,240,0,0,0,0,0,0,0,0,6,215000,12.278397958261774,3444,32,9,1,0,0,0,0,0,0,1,1,1.0,0,0,0,1,0,1,1,1,0,0,0,1,0,0,0,0,0,0,0,0,0,0,0,1,0,1,1,0,0,1,0,0,0,0,0,0,0,0,0,1,0,0,0,0,0,0,0,0,0,1,0,0,0,0,0,0,0,0,0,0,1,1,0,0,0,1,0,0,1,0,0,0,0,0,0,0,0,0,1,9.719324300862802,4.2633832685897595
423,100.0,21750,4,4,2,5,5,0.0,3,3,3,3,1,1,0,1,0,988,988,5,988,0,0,988,0,0,1,0,2,1,3,7,0,0,2,2,3,3,1,0,0,0,0,0,0,0,0,0,2,113000,11.635151947212842,1976,54,54,0,0,0,1,0,1,0,1,1,1.0,0,0,0,1,1,1,0,1,0,0,0,1,0,0,0,0,0,0,0,0,0,0,0,1,0,1,1,0,0,0,1,0,0,0,0,0,1,0,0,0,1,0,0,0,0,0,0,0,0,0,1,0,0,0,0,0,0,0,0,1,0,1,0,0,0,1,0,0,0,0,0,0,0,0,0,0,1,0,0,9.987415012471414,4.61512051684126
424,80.0,9200,4,4,3,8,5,473.0,4,3,4,3,1,6,986,1,0,484,1470,4,1470,1160,0,2630,1,0,2,1,4,1,4,7,1,3,3,3,3,3,3,0,66,0,0,0,0,0,0,0,6,315000,12.660331092405906,4166,10,10,0,0,0,0,0,0,0,1,1,2.0,0,0,0,1,1,1,1,1,0,0,0,0,0,0,1,0,0,0,0,0,0,0,0,1,0,1,1,0,0,0,1,0,0,0,0,0,0,0,0,0,0,0,0,0,0,1,0,0,0,0,0,0,0,0,0,1,0,0,1,0,0,0,0,1,0,1,0,0,1,0,0,0,0,0,0,0,0,0,1,9.127067452782361,4.394449154672439
425,72.0,9000,4,4,3,6,5,74.0,3,3,4,3,1,2,616,1,0,580,1196,4,1196,0,0,1196,1,0,1,0,2,1,3,7,1,4,2,1,3,3,3,0,44,0,0,0,0,0,0,0,5,139000,11.842236406331557,2436,52,52,0,0,0,0,0,0,0,1,1,1.0,0,0,0,1,0,0,1,1,0,0,0,1,0,0,0,0,0,0,0,0,0,0,0,1,0,1,1,0,0,0,1,0,0,0,0,0,0,0,0,0,0,0,0,0,0,0,1,0,0,0,0,0,0,0,0,0,1,0,1,0,0,1,0,0,0,1,0,0,0,0,0,0,0,0,0,0,0,0,1,9.105090961257085,4.290459441148391
426,60.0,3378,4,4,3,7,8,0.0,3,4,3,3,1,1,0,1,0,651,651,4,707,682,0,1389,0,0,1,1,3,1,3,7,2,4,1,1,3,3,2,0,0,126,0,0,0,0,0,0,9,135000,11.81303746480054,2166,63,17,1,0,0,1,0,0,0,1,1,2.0,0,0,0,1,1,0,0,0,1,0,0,0,0,0,1,0,0,0,0,0,0,0,0,0,1,1,0,0,0,0,1,0,0,0,0,0,0,0,0,0,1,0,0,0,0,0,0,0,0,0,1,0,0,0,0,0,0,0,0,1,0,1,0,0,0,1,0,0,1,0,0,1,0,0,0,0,1,0,0,8.12533508671429,4.110873864173311
427,70.04995836802665,12800,4,4,2,7,5,145.0,4,3,4,3,4,6,1518,1,0,0,1518,4,1644,0,0,1644,1,1,2,0,2,1,4,7,1,3,3,2,3,3,3,80,0,0,0,396,0,0,0,0,8,275000,12.524530013005734,3638,20,20,0,0,0,1,0,0,0,1,1,1.5,1,0,0,1,0,0,1,0,1,0,0,0,0,0,0,0,0,1,0,0,0,0,0,1,0,1,1,0,0,0,1,0,0,0,0,0,0,0,0,0,0,0,0,0,0,0,1,0,0,0,0,0,0,0,0,0,1,0,1,0,0,0,0,1,0,1,0,0,1,0,0,0,0,0,0,0,0,1,0,9.45727857185611,4.2633832685897595
428,77.0,8593,3,4,3,4,6,0.0,3,3,3,3,1,3,288,1,0,619,907,5,907,0,0,907,0,0,1,0,3,1,3,7,0,0,1,1,3,3,3,0,0,0,0,0,0,0,0,0,7,109008,11.599185726610004,1814,51,51,0,0,0,0,0,0,0,1,1,1.0,0,0,0,1,0,0,1,1,0,0,0,1,0,0,0,0,0,0,0,0,0,0,0,1,0,1,1,0,0,0,1,0,0,0,0,0,1,0,0,0,0,1,0,0,0,0,0,0,0,0,0,1,0,0,0,0,0,0,0,1,0,1,0,0,0,1,0,0,1,0,0,1,0,0,0,0,0,0,1,9.058819564334941,4.356708826689592
429,64.0,6762,4,4,3,7,5,108.0,4,3,4,3,1,6,664,1,0,544,1208,5,1208,0,0,1208,1,0,2,0,2,1,4,7,0,0,2,2,3,3,3,105,54,0,0,0,0,0,0,0,9,195400,12.182809136284993,2575,0,0,0,0,0,0,0,0,0,1,1,1.0,0,1,0,0,1,0,1,0,0,0,0,1,0,0,0,0,0,0,0,0,0,0,0,1,0,1,1,0,0,0,1,0,0,0,0,0,0,0,0,0,0,0,0,0,0,1,0,0,0,0,0,0,0,0,0,1,0,0,1,0,0,0,0,1,0,1,0,0,1,0,0,0,0,0,0,0,0,0,1,8.81922185757494,4.174387269895637
430,130.0,11457,3,4,3,6,5,0.0,3,3,4,3,2,6,1005,1,0,387,1392,3,1412,0,0,1412,1,0,2,0,3,1,4,7,1,3,1,2,3,3,3,0,0,169,0,0,0,0,0,0,3,175000,12.07254696717504,2973,21,21,0,0,0,0,0,0,0,1,1,1.0,0,0,0,1,1,1,1,0,1,0,0,1,0,0,0,0,0,0,0,0,0,0,0,1,0,1,1,0,0,0,0,0,0,0,0,0,0,0,0,0,1,0,0,0,0,0,0,0,0,0,1,0,0,0,0,0,0,0,0,1,0,1,0,0,0,1,0,0,1,0,0,0,0,0,0,0,0,0,1,9.346443454968522,4.875197323201151
431,21.0,1680,4,4,3,6,5,232.0,3,3,3,3,1,5,387,1,0,96,483,3,483,504,0,987,0,0,1,1,2,1,3,7,0,0,1,1,3,3,3,0,0,0,0,0,0,0,0,0,7,85400,11.355113089309976,1470,37,37,0,0,0,0,0,0,0,1,1,2.0,0,0,1,0,0,1,0,0,0,1,0,0,0,0,0,0,0,0,0,0,0,0,0,0,1,1,1,0,0,0,1,0,0,0,1,0,0,0,0,0,1,0,0,0,0,0,0,0,0,0,1,0,0,0,0,0,0,0,1,0,0,1,0,0,0,1,0,0,1,0,0,1,0,0,0,0,0,0,1,7.427144133408616,3.091042453358316
432,60.0,5586,3,4,3,6,7,0.0,3,3,3,3,1,1,0,1,0,901,901,4,1088,110,0,1198,0,0,1,0,4,1,3,7,0,0,0,0,0,0,1,0,98,0,0,0,0,0,3,0,9,79900,11.2885436473206,2197,88,10,1,0,0,1,0,1,0,1,1,1.5,0,0,1,0,1,0,0,0,1,0,0,0,0,1,0,0,0,0,0,0,0,0,0,0,1,1,1,0,0,0,1,0,0,0,0,0,0,0,0,0,0,1,0,0,0,0,0,0,0,0,0,1,0,0,0,0,0,0,0,1,0,0,0,0,0,1,0,0,1,0,0,0,1,0,0,0,0,0,0,8.628197749459149,4.110873864173311
433,24.0,1920,4,4,3,5,5,376.0,3,3,3,3,1,5,471,1,0,294,765,5,765,600,0,1365,1,0,1,1,2,1,3,6,0,0,1,2,3,3,3,240,36,0,0,0,0,0,0,0,8,122500,11.715874472198903,2406,36,36,0,0,0,0,0,0,0,1,1,2.0,0,0,0,1,0,1,0,0,0,1,0,0,0,0,0,0,0,0,0,0,0,0,0,0,1,1,1,0,0,0,1,0,0,0,0,1,0,0,0,0,1,0,0,0,0,0,0,0,0,0,1,0,0,0,0,0,0,0,1,0,0,1,0,0,0,1,0,0,1,0,0,1,0,0,0,0,0,0,1,7.560601162768557,3.2188758248682006
434,100.0,10839,3,4,3,6,5,0.0,3,3,4,3,1,1,0,1,0,926,926,5,926,678,0,1604,0,0,2,1,3,1,3,7,1,3,3,2,3,3,3,0,36,0,0,0,0,0,0,0,7,181000,12.10625783509458,2566,11,10,1,0,0,0,0,0,0,1,1,2.0,0,0,0,1,0,0,0,1,0,0,0,0,0,0,1,0,0,0,0,0,0,0,0,1,0,1,1,0,0,0,0,0,0,0,0,0,0,0,0,0,0,0,0,0,0,1,0,0,0,0,0,0,0,0,0,1,0,0,0,1,0,0,0,1,0,1,0,0,1,0,0,0,0,0,0,0,0,0,1,9.290998274993637,4.61512051684126
435,21.0,1890,4,4,3,4,7,0.0,3,4,4,3,3,5,495,1,0,135,630,4,630,0,0,630,1,0,1,0,1,1,3,7,0,0,0,0,0,0,3,88,0,0,0,0,0,0,0,0,6,81000,11.302216779257382,1348,36,36,0,0,0,0,0,0,0,1,1,1.5,1,0,0,1,0,1,0,1,0,0,0,0,0,0,0,0,0,0,0,0,1,0,0,0,1,1,1,0,0,0,1,0,0,0,1,0,0,0,0,1,0,0,0,0,0,0,0,0,0,1,0,0,0,0,0,0,0,0,0,1,0,1,0,0,0,1,0,0,1,0,0,0,1,0,0,0,0,0,1,7.544861068658458,3.091042453358316
436,43.0,10667,2,4,3,7,6,0.0,4,3,4,3,3,6,385,5,344,70,799,5,827,834,0,1661,1,0,2,1,3,1,4,7,1,3,2,2,3,3,3,158,61,0,0,0,0,0,0,0,4,212000,12.264346270624156,2679,13,13,0,0,0,0,1,0,0,1,1,2.0,0,0,0,1,1,0,1,0,0,0,0,0,0,0,1,0,0,0,0,0,0,0,0,1,0,1,1,0,1,0,0,0,0,0,0,0,0,0,0,0,0,0,0,0,0,1,0,0,0,0,0,0,0,0,0,1,0,0,0,1,0,0,0,1,0,1,0,0,1,0,0,0,0,0,0,0,0,0,1,9.275003885301905,3.784189633918261
437,40.0,4400,4,4,3,6,8,0.0,3,3,2,3,1,1,0,1,0,648,648,3,734,384,0,1118,0,0,1,0,2,1,3,7,0,0,1,2,3,3,3,0,0,0,0,0,0,0,0,0,10,116000,11.661354090741,1766,86,56,1,0,0,0,0,0,0,1,1,1.5,0,0,0,1,1,0,0,0,1,0,0,0,0,1,0,0,0,0,0,0,0,0,0,0,1,1,1,0,0,0,1,0,0,0,0,0,0,0,0,0,0,0,0,0,1,0,0,0,0,0,0,0,0,0,1,0,0,0,0,1,0,0,0,0,0,1,0,0,0,0,0,1,0,0,0,0,0,0,1,8.38958706681109,3.713572066704308
438,50.0,6000,4,4,3,6,7,0.0,4,3,3,3,1,1,0,1,0,884,884,4,904,0,0,904,0,0,1,0,2,1,3,7,0,0,1,1,3,3,3,0,0,105,0,0,0,0,0,0,1,119000,11.686887175419702,1893,83,5,1,0,0,0,0,0,0,1,1,1.25,0,0,0,1,1,1,0,0,0,0,0,0,0,0,0,0,0,0,0,0,1,0,0,0,1,1,1,0,0,0,1,0,0,0,0,0,0,0,0,0,0,0,0,0,0,0,1,0,0,0,0,0,0,0,0,0,1,0,0,1,0,0,0,1,0,1,0,0,1,0,0,1,0,0,0,0,0,0,1,8.699681400989514,3.9318256327243257
439,40.0,4280,4,4,3,5,6,0.0,3,3,3,3,1,2,365,1,0,75,440,3,694,0,0,694,0,0,1,0,2,1,4,7,1,4,1,1,4,3,2,0,0,34,0,0,0,0,3,0,3,90350,11.411457364027743,1168,94,5,1,0,0,0,0,0,0,1,1,1.0,0,0,0,1,0,1,1,0,0,0,0,0,1,0,0,0,0,0,0,0,0,0,0,1,0,1,1,0,0,0,1,0,0,0,0,0,0,0,0,0,0,0,0,0,0,0,0,1,0,0,0,0,0,0,1,0,0,0,0,1,0,0,0,1,0,0,0,0,1,0,0,1,0,0,0,0,0,0,1,8.361941906144946,3.713572066704308
440,67.0,12354,4,4,3,6,8,0.0,3,3,3,2,2,1,0,1,0,684,684,4,684,512,0,1196,0,0,1,0,3,1,4,7,0,0,1,2,3,3,3,0,46,0,0,0,0,0,4,800,8,110000,11.60824473564232,1926,89,9,1,0,1,0,0,0,0,1,1,1.5,0,0,0,1,1,1,1,0,0,0,0,0,0,1,0,0,0,0,0,0,0,0,0,1,0,1,0,0,0,0,0,0,0,0,0,0,0,0,0,0,0,0,0,0,0,0,1,0,0,0,0,0,0,0,0,0,1,0,0,1,0,0,0,0,0,1,0,0,1,0,0,1,0,0,0,1,0,0,1,9.42181611842271,4.219507705176107
441,105.0,15431,4,4,3,10,5,200.0,5,3,5,3,4,6,1767,5,539,788,2052,5,2402,0,0,2402,1,0,2,0,2,1,5,7,2,4,3,3,3,3,3,0,72,0,0,170,0,0,0,0,4,555000,13.22672519452875,4696,1,1,0,0,0,0,0,0,0,1,1,1.0,0,0,0,1,0,0,0,0,1,0,0,1,0,0,0,0,0,0,0,0,0,0,0,1,0,1,1,0,0,0,1,0,0,0,0,0,1,0,0,0,0,0,0,0,0,1,0,0,0,0,0,0,0,0,0,1,0,0,0,0,1,0,0,1,0,1,0,0,1,0,0,0,0,0,0,0,0,0,1,9.644198554585564,4.663439094112067
442,92.0,12108,4,4,3,4,4,270.0,3,3,3,3,1,5,133,1,0,1307,1440,3,1440,0,0,1440,0,0,2,0,4,2,2,7,0,0,0,0,0,0,3,0,0,0,0,0,0,0,0,0,9,118000,11.678448377988165,2880,53,53,0,0,0,0,0,0,0,1,1,1.0,0,0,0,1,1,1,1,0,0,0,0,0,0,0,0,0,0,0,0,1,0,0,0,1,0,1,1,0,0,0,1,0,0,1,0,0,0,0,0,0,0,0,0,0,0,1,0,0,0,0,0,0,0,0,0,1,0,0,1,0,0,1,0,0,0,0,1,0,0,0,0,0,1,0,0,0,0,0,1,9.401704256754366,4.532599493153256
443,52.0,6240,4,4,3,5,7,0.0,3,3,3,3,1,1,0,1,0,1078,1078,3,1128,445,0,1573,0,0,2,0,3,1,3,7,1,4,1,2,3,3,2,0,0,0,0,0,0,0,0,0,6,162900,12.000897933306716,2651,78,16,1,0,0,0,0,0,0,1,1,1.5,0,0,0,1,1,1,0,0,0,0,0,0,0,1,0,0,0,0,0,0,0,0,0,0,1,1,1,0,0,0,1,0,0,0,0,0,0,0,0,0,0,1,0,0,0,0,0,0,0,0,0,1,0,0,0,0,0,0,0,1,0,0,0,1,0,1,0,0,1,0,0,1,0,0,0,0,0,0,1,8.738895704934043,3.970291913552122
444,53.0,3922,4,4,3,7,5,72.0,4,3,5,3,3,1,0,1,0,1258,1258,5,1258,0,0,1258,0,0,2,0,2,1,4,7,1,4,3,3,3,3,3,144,16,0,0,0,0,0,0,0,6,172500,12.058158312538197,2676,1,0,1,0,0,0,0,0,0,1,1,1.0,0,1,0,0,0,0,0,0,0,0,0,0,0,0,0,0,0,0,0,0,0,0,0,1,0,1,1,0,0,0,1,0,0,0,0,1,0,0,0,0,0,0,0,0,0,0,0,1,0,0,0,0,0,0,0,0,0,1,1,0,0,0,0,1,0,1,0,0,1,0,0,0,0,0,0,0,0,0,1,8.274611946209552,3.9889840465642745
445,70.0,8750,4,4,3,7,5,0.0,4,4,4,3,1,6,642,1,0,273,915,5,933,975,0,1908,1,0,2,1,4,1,4,7,1,3,1,2,3,3,3,144,133,0,0,0,0,0,0,0,7,210000,12.25486757159303,3100,14,13,1,0,0,0,0,0,0,1,1,2.0,0,0,0,1,1,0,1,0,0,0,0,0,0,0,1,0,0,0,0,0,0,0,0,1,0,1,1,0,0,0,1,0,0,0,0,0,0,0,0,0,0,0,0,0,0,1,0,0,0,0,0,0,0,0,0,1,0,0,0,1,0,0,0,1,0,1,0,0,1,0,0,0,0,0,0,0,0,0,1,9.076923258535832,4.2626798770413155
446,73.0,9855,4,4,3,6,5,0.0,3,3,3,3,1,1,0,1,0,1436,1436,2,1689,0,0,1689,0,0,1,0,3,1,3,7,1,4,1,2,3,3,3,0,0,0,0,0,0,0,3,0,11,127500,11.755879486687116,3125,53,53,0,0,0,0,0,0,0,1,1,1.0,0,0,0,1,1,1,1,0,0,0,0,1,0,0,0,0,0,0,0,0,0,0,0,1,0,1,1,0,0,0,0,0,0,0,0,0,1,0,0,0,0,0,0,0,0,0,1,0,0,0,0,0,0,0,0,0,1,0,0,1,0,1,0,0,0,1,0,0,1,0,0,0,0,0,0,0,0,0,1,9.1958356857733,4.30406509320417
447,137.0,16492,3,4,3,6,6,0.0,4,3,3,3,1,5,247,3,713,557,1517,5,1888,0,0,1888,0,0,2,1,2,1,4,4,1,4,3,2,3,3,3,0,0,0,0,0,0,0,0,0,6,190000,12.154784614286667,3405,44,8,1,0,0,0,1,0,0,1,1,1.0,0,0,0,1,0,0,1,1,0,0,0,1,0,0,0,0,0,0,0,0,0,0,0,1,0,1,1,0,0,0,0,0,0,0,0,0,0,0,1,0,0,0,0,0,0,0,0,0,0,0,0,0,0,1,0,0,0,0,0,1,0,1,0,0,0,1,0,0,1,0,0,0,0,0,0,0,0,0,1,9.710691327448153,4.927253685157205
448,70.04995836802665,11214,3,4,3,7,5,0.0,4,3,4,3,1,1,0,1,0,930,930,4,956,930,0,1886,0,0,2,1,4,1,4,7,1,3,3,2,3,3,3,89,0,0,0,0,0,0,0,0,7,199900,12.20557752297723,2905,8,7,1,0,0,0,0,0,0,1,1,2.0,0,0,0,1,0,0,0,1,0,0,0,0,0,0,1,0,0,0,0,0,0,0,0,1,0,1,1,0,0,0,0,0,0,0,0,0,0,0,0,0,0,0,0,0,0,1,0,0,0,0,0,0,0,0,0,1,0,0,0,1,0,0,0,1,0,1,0,0,1,0,0,0,0,0,0,0,0,0,1,9.32500744695431,4.2633832685897595
449,50.0,8600,4,4,3,6,6,0.0,3,3,3,3,1,1,0,1,0,780,780,3,780,596,0,1376,0,0,2,0,3,1,3,7,1,4,1,1,3,3,1,0,0,0,0,0,0,0,0,0,6,119500,11.691080018519528,2156,69,56,1,0,0,1,0,0,0,1,1,1.5,0,0,0,1,1,0,0,1,0,0,0,0,0,1,0,0,0,0,0,0,0,0,0,0,1,1,1,0,0,0,1,0,0,0,0,0,0,0,0,0,0,1,0,0,0,0,0,0,0,0,0,1,0,0,0,0,0,0,0,1,0,0,0,0,0,1,0,0,1,0,0,1,0,0,0,0,0,0,0,9.059633754551479,3.9318256327243257
450,50.0,6000,4,4,3,3,7,0.0,3,4,3,3,1,5,331,1,0,318,649,5,679,504,0,1183,0,0,1,1,2,1,3,7,0,0,1,1,3,3,3,0,176,0,0,0,0,0,0,0,6,120000,11.695255355062796,2008,59,5,1,0,0,0,0,0,0,1,1,1.5,0,0,0,1,1,0,0,0,1,0,0,0,0,1,0,0,0,0,0,0,0,0,0,0,1,1,1,0,0,0,1,0,0,0,0,0,0,0,0,0,0,1,0,0,0,0,0,0,0,0,0,1,0,0,0,0,0,0,0,1,0,1,0,0,0,1,0,0,1,0,0,1,0,0,0,0,0,0,1,8.699681400989514,3.9318256327243257
451,70.0,5684,4,4,3,6,8,0.0,3,3,3,3,1,1,0,1,0,813,813,5,813,0,0,813,0,0,1,0,2,1,4,7,0,0,1,1,2,2,1,0,113,0,0,0,0,0,0,0,6,110000,11.60824473564232,1739,76,1,1,0,0,0,0,0,0,1,1,1.0,0,0,0,1,1,0,0,0,1,0,0,0,1,0,0,0,0,0,0,0,0,0,0,0,1,1,1,0,0,0,1,0,0,0,0,0,1,0,0,0,0,0,0,0,0,0,1,0,0,0,0,0,0,0,0,0,1,0,0,1,0,0,0,0,0,1,0,0,0,0,0,1,0,0,0,0,0,0,1,8.645586406184636,4.2626798770413155
452,62.0,70761,3,4,2,7,5,0.0,3,3,4,3,4,5,655,1,0,878,1533,3,1533,0,0,1533,1,0,2,0,2,1,4,7,2,3,1,2,3,3,3,200,54,0,0,0,0,0,0,0,12,280000,12.54254845357358,3320,31,31,0,0,0,1,0,0,0,0,1,1.0,0,0,0,1,0,0,1,0,0,0,0,1,0,0,0,0,0,0,0,0,0,0,0,1,0,1,1,0,0,0,1,0,0,0,0,0,0,0,0,0,0,0,0,1,0,0,0,0,0,0,0,0,0,1,0,0,0,0,0,1,0,1,0,0,0,1,0,0,1,0,0,0,0,0,0,0,0,1,0,11.167077412430533,4.143134726391533
453,70.04995836802665,9303,3,4,3,6,5,42.0,4,3,5,3,1,5,742,1,0,130,872,5,888,868,0,1756,1,0,2,1,3,1,3,7,0,0,3,2,3,3,3,144,122,0,0,0,0,0,0,0,7,204000,12.225880174775122,2894,11,10,1,0,0,0,0,0,0,1,1,2.0,0,0,0,1,1,1,1,0,1,0,0,0,0,0,1,0,0,0,0,0,0,0,0,1,0,1,1,0,0,0,0,0,0,0,0,0,1,0,0,0,0,0,0,0,0,1,0,0,0,0,0,0,0,0,0,1,0,0,1,0,0,0,0,1,0,1,0,0,1,0,0,0,0,0,0,0,0,0,1,9.1381996941985,4.2633832685897595
454,75.0,9000,4,4,3,8,5,0.0,4,3,4,3,1,1,0,1,0,768,768,5,786,804,0,1590,0,0,2,1,3,1,4,7,0,0,2,2,3,3,3,0,30,0,0,0,0,0,0,0,6,210000,12.25486757159303,2388,1,1,0,0,0,0,0,0,0,1,1,2.0,0,0,0,1,1,0,1,0,1,0,0,0,0,0,1,0,0,0,0,0,0,0,0,0,0,1,1,0,0,0,1,0,0,0,0,0,0,0,0,0,0,0,0,0,0,1,0,0,0,0,0,0,0,0,0,1,0,0,0,1,0,0,0,1,0,1,0,0,1,0,0,0,0,0,0,0,0,0,1,9.105090961257085,4.330733340286331
455,63.0,9297,4,4,3,5,5,0.0,3,3,3,3,1,5,1606,1,0,122,1728,3,1728,0,0,1728,2,0,2,0,4,2,3,7,0,0,1,2,3,3,3,0,0,0,0,0,0,0,0,0,7,188000,12.144202560946876,3456,30,30,0,0,0,0,0,0,0,1,1,1.0,0,0,0,0,1,1,0,1,0,0,0,0,0,0,0,0,0,0,0,1,0,0,0,1,0,1,1,0,0,0,1,0,0,1,0,0,0,0,0,0,0,0,0,1,0,0,0,0,0,0,0,0,0,1,0,0,0,0,0,1,0,1,0,0,0,1,0,0,1,0,0,1,0,0,0,0,0,0,1,9.13755460225053,4.1588830833596715
456,80.0,9600,4,4,3,7,6,320.0,3,3,3,3,1,5,916,1,0,326,1242,2,1242,0,0,1242,0,0,1,1,3,1,3,7,1,3,1,2,3,3,3,0,0,0,0,0,0,0,0,0,9,175500,12.075400019877522,2484,34,34,0,0,0,0,0,0,0,1,1,1.0,0,0,0,1,0,1,1,1,0,0,0,1,0,0,0,0,0,0,0,0,0,0,0,1,0,1,1,0,0,0,1,0,0,0,0,0,1,0,0,0,1,0,0,0,0,0,0,0,0,0,1,0,0,0,0,0,0,0,1,0,0,1,0,0,0,1,0,0,1,0,0,0,0,0,0,0,0,0,1,9.169622538697624,4.394449154672439
457,34.0,4571,4,4,3,5,5,0.0,3,3,3,3,1,1,0,1,0,624,624,2,624,720,0,1344,0,0,1,0,4,1,3,7,0,0,1,3,2,2,3,0,0,96,0,0,0,0,0,0,5,98000,11.49273296168228,2064,92,58,1,0,0,0,0,0,0,1,1,2.0,0,0,1,0,1,0,0,0,1,0,0,0,0,0,0,1,0,0,0,0,0,0,0,0,1,1,0,0,0,0,1,0,0,0,0,0,0,0,0,0,0,0,0,0,0,0,0,0,0,0,0,0,0,0,0,0,0,0,0,1,0,0,0,0,0,0,0,0,1,0,0,1,0,0,0,0,0,0,1,8.427706024914702,3.5553480614894135
458,70.04995836802665,53227,3,4,2,4,6,0.0,3,3,4,3,4,4,1116,1,0,248,1364,5,1663,0,0,1663,1,0,1,0,2,1,4,6,2,4,3,2,3,3,3,224,137,0,0,0,0,0,0,0,3,256000,12.45293662970407,3388,54,14,1,0,0,1,0,0,0,0,1,1.0,0,0,0,1,0,0,1,0,0,0,0,1,0,0,0,0,0,0,0,0,0,0,0,1,0,1,1,0,1,0,0,0,0,0,0,0,0,1,0,0,0,0,0,1,0,0,0,0,0,0,0,0,0,1,0,0,0,0,0,1,0,1,0,0,0,1,0,0,1,0,0,0,0,0,0,0,0,1,0,10.882339852663634,4.2633832685897595
459,70.04995836802665,5100,4,4,3,8,7,0.0,3,4,3,3,1,1,0,1,0,588,588,2,833,833,0,1666,0,0,1,0,3,1,4,7,1,4,1,1,3,3,3,192,63,0,0,0,0,0,3,0,6,161000,11.989165855127435,2509,83,12,1,0,0,0,0,0,0,1,1,2.0,0,0,0,1,1,0,0,0,1,0,0,0,0,0,0,1,0,0,0,0,0,0,0,0,1,1,0,0,0,0,1,0,0,0,0,0,1,0,0,0,0,0,0,0,1,0,0,0,0,0,0,0,0,0,0,0,0,1,0,1,0,0,0,1,0,1,0,0,1,0,0,1,0,0,0,0,0,0,1,8.537191877922927,4.2633832685897595
460,70.04995836802665,7015,3,4,3,5,4,161.0,3,3,3,3,1,2,185,1,0,524,709,3,979,224,0,1203,1,0,1,0,3,1,4,7,1,3,1,1,3,3,3,0,0,248,0,0,0,0,0,0,7,110000,11.60824473564232,2160,59,59,0,0,0,1,0,0,0,1,1,1.5,0,0,0,1,1,1,0,0,0,0,0,0,0,1,0,0,0,0,0,0,0,0,0,1,0,1,1,0,0,0,0,0,0,0,0,0,0,0,0,0,0,1,0,0,0,0,0,0,0,0,0,1,0,0,0,0,0,0,0,0,0,1,0,0,0,1,0,0,1,0,0,1,0,0,0,0,0,0,0,8.855948534052018,4.2633832685897595
461,75.0,8004,3,4,3,8,5,110.0,4,3,4,3,1,6,544,1,0,288,832,5,832,1103,0,1935,1,0,2,1,3,1,3,7,0,0,3,2,3,3,3,0,150,0,0,0,0,0,0,0,12,263435,12.481565733211925,2917,0,0,0,0,0,0,0,0,1,1,1,2.0,0,1,0,0,1,0,1,0,1,0,0,0,0,0,1,0,0,0,0,0,0,0,0,0,0,1,1,0,0,0,1,0,0,0,0,0,0,0,0,0,0,0,0,0,0,1,0,0,0,0,0,0,0,0,0,1,0,0,0,0,1,0,0,1,0,1,0,0,1,0,1,0,0,0,0,0,0,0,1,8.987821625430815,4.330733340286331
462,60.0,7200,4,4,3,7,9,0.0,4,4,4,4,1,5,350,4,210,0,560,5,575,560,0,1135,1,0,1,0,3,1,4,7,0,0,2,2,3,3,3,256,0,0,0,0,0,0,3,0,4,155000,11.951186847493476,1951,73,2,1,0,0,0,0,1,0,1,1,2.0,0,0,0,1,0,1,0,0,1,0,0,0,0,0,0,1,0,0,0,0,0,0,0,1,0,1,1,0,0,0,1,0,0,0,0,0,0,0,0,0,0,0,0,0,0,0,1,0,0,0,0,0,0,0,0,0,1,0,0,1,0,0,0,1,0,1,0,0,1,0,0,1,0,0,0,0,0,0,1,8.881975184248867,4.110873864173311
463,60.0,8281,3,4,3,5,5,0.0,3,3,3,3,1,3,553,4,311,0,864,4,864,0,0,864,0,0,1,0,3,1,3,7,1,1,1,1,3,3,3,0,0,236,0,0,0,0,2,0,12,62383,11.04106411122238,1964,44,44,0,0,0,0,0,0,0,1,1,1.0,0,0,0,1,1,1,0,0,1,0,0,1,0,0,0,0,0,0,0,0,0,0,0,1,0,1,1,0,0,0,1,0,0,0,0,0,0,0,0,0,0,1,0,0,0,0,0,0,0,0,0,1,0,0,0,0,0,0,0,1,0,1,0,0,0,1,0,0,1,0,0,1,0,0,0,0,0,0,1,9.021839764105513,4.110873864173311
464,74.0,11988,3,4,2,6,7,0.0,3,3,3,3,1,2,326,1,0,389,715,2,849,811,0,1660,0,0,1,1,3,1,3,7,1,4,1,1,3,3,3,0,0,0,0,0,0,0,0,0,8,188700,12.147919030759663,2375,74,13,1,0,0,1,0,0,0,1,1,2.0,0,0,0,1,0,1,1,0,0,0,0,0,0,0,0,1,0,0,0,0,0,0,0,1,0,1,1,0,0,0,1,0,0,0,0,0,1,0,0,0,0,0,0,0,1,0,0,0,0,0,0,0,0,0,1,0,0,0,0,1,0,1,0,0,0,1,0,0,0,0,0,1,0,0,0,0,1,0,0,9.391744841707654,4.31748811353631
465,60.0,8430,4,4,2,5,5,136.0,3,3,4,3,1,3,616,1,0,424,1040,3,1040,0,0,1040,0,0,2,0,3,1,3,7,0,0,0,0,0,0,3,0,0,0,0,0,0,0,0,0,8,124000,11.728044909070784,2080,31,31,0,0,0,1,0,0,0,1,1,1.0,0,0,0,1,1,0,1,0,0,0,0,1,0,0,0,0,0,0,0,0,0,0,0,1,0,1,1,0,0,0,1,0,0,0,0,0,0,0,0,0,1,0,0,0,0,0,0,0,0,0,1,0,0,0,0,0,0,0,1,0,0,1,0,0,0,1,0,0,1,0,0,0,1,0,0,0,1,0,0,9.039670667922676,4.110873864173311
466,70.04995836802665,3072,4,4,3,7,5,18.0,4,3,4,3,1,1,0,1,0,1375,1375,5,1414,0,0,1414,0,0,2,0,2,1,4,7,1,3,3,2,3,3,3,144,20,0,0,0,0,0,0,0,5,178740,12.093693109638318,2953,2,2,0,0,0,0,0,0,0,1,1,1.0,0,0,0,1,0,0,0,0,0,0,0,0,0,0,0,0,0,0,0,0,0,0,0,0,1,1,1,0,0,0,1,0,0,0,0,1,1,0,0,0,0,0,0,0,0,1,0,0,0,0,0,0,0,0,0,1,0,0,1,0,0,0,0,1,0,1,0,0,1,0,0,0,0,0,0,0,0,0,1,8.030409562130485,4.2633832685897595
467,85.0,10628,4,4,3,7,5,0.0,3,4,3,4,4,6,778,1,0,499,1277,3,1277,0,0,1277,1,0,1,0,2,1,3,7,1,1,1,2,3,3,3,0,0,0,0,176,0,0,2,0,4,167000,12.025755079404917,2730,37,37,0,0,0,0,0,0,0,0,1,1.0,0,0,0,1,0,0,1,1,0,0,0,1,0,0,0,0,0,0,0,0,0,0,0,1,0,1,1,0,0,0,1,0,0,0,0,0,0,1,0,0,0,0,0,1,0,0,0,0,0,0,0,0,0,1,0,0,0,0,0,1,0,1,0,0,0,1,0,0,1,0,0,0,0,0,0,0,0,0,1,9.271341393533582,4.454347296253507
468,79.0,9480,4,4,3,5,7,224.0,3,3,3,3,1,2,386,1,0,342,728,5,888,756,0,1644,0,0,1,1,3,1,4,7,2,4,1,1,3,3,3,168,0,0,0,0,0,0,0,0,6,146500,11.89478753335453,2540,65,12,1,0,0,0,0,1,0,1,1,2.0,0,0,0,1,0,0,1,1,0,0,0,0,0,0,0,1,0,0,0,0,0,0,0,1,0,1,1,0,0,0,1,0,0,0,0,0,0,0,0,0,0,1,0,0,0,0,0,0,0,0,0,1,0,0,0,0,0,0,0,0,1,1,0,0,0,1,0,0,1,0,0,0,0,0,0,0,0,0,1,9.15704507491796,4.382026634673881
469,98.0,11428,3,4,3,8,5,248.0,4,3,4,3,1,1,0,1,0,1626,1626,5,1634,0,0,1634,0,0,2,0,3,1,4,7,1,4,2,3,3,3,3,0,44,0,0,0,0,0,0,0,5,250000,12.429220196836384,3304,1,1,0,0,0,0,0,0,0,1,1,1.0,0,0,0,1,0,0,0,0,1,0,0,1,0,0,0,0,0,0,0,0,0,0,0,1,0,1,1,0,0,0,1,0,0,0,0,0,0,0,0,0,0,0,0,0,0,1,0,0,0,0,0,0,0,0,0,1,0,0,0,0,1,0,0,1,0,1,0,0,1,0,0,0,0,0,0,0,0,0,1,9.343909263897597,4.59511985013459
470,76.0,9291,3,4,3,6,5,120.0,4,3,4,3,1,6,426,1,0,406,832,5,832,878,0,1710,0,0,2,1,3,1,4,7,0,0,2,2,3,3,3,144,70,0,0,0,0,0,0,0,6,187000,12.138869243416009,2756,15,15,0,0,0,0,0,0,1,1,1,2.0,0,0,0,1,0,0,1,0,1,0,0,0,0,0,1,0,0,0,0,0,0,0,0,1,0,1,1,0,0,0,0,0,0,0,0,0,0,0,0,0,1,0,0,0,0,0,0,0,0,0,1,0,0,0,0,0,0,0,1,0,0,0,0,1,0,1,0,0,1,0,0,0,0,0,0,0,0,0,1,9.1369090938903,4.343805421853684
471,70.04995836802665,6820,3,4,3,8,5,0.0,4,3,4,3,3,6,368,4,1120,0,1488,3,1502,0,0,1502,1,0,1,1,1,1,4,7,0,0,2,2,3,3,3,0,54,0,0,140,0,0,0,0,6,212000,12.264346270624156,3184,25,25,0,0,0,0,0,0,0,1,1,1.0,0,0,0,1,0,1,1,0,1,0,0,0,0,0,0,0,0,0,0,0,0,0,0,1,0,1,1,0,0,0,0,0,0,0,0,1,0,0,0,0,1,0,0,0,0,0,0,0,0,0,1,0,0,0,0,0,0,0,0,1,0,0,0,1,0,1,0,0,1,0,0,0,0,0,0,0,0,0,1,8.82776136765472,4.2633832685897595
472,92.0,11952,4,4,3,7,6,0.0,3,3,4,3,1,1,0,1,0,808,808,3,1161,808,0,1969,0,0,2,1,3,1,3,7,1,4,2,2,3,3,3,0,0,0,0,276,0,0,0,0,11,190000,12.154784614286667,3053,30,30,0,0,0,0,1,0,0,0,1,2.0,0,0,0,1,0,1,1,1,0,0,0,0,0,0,1,0,0,0,0,0,0,0,0,1,0,1,1,0,0,0,1,0,0,0,0,0,0,1,0,0,0,0,0,0,0,0,0,1,0,0,0,0,0,1,0,0,0,0,0,1,0,1,0,0,0,1,0,0,1,0,0,0,0,0,0,0,0,0,1,9.38873757187798,4.532599493153256
473,35.0,3675,4,4,3,6,5,80.0,3,3,4,3,4,6,459,1,0,88,547,5,1072,0,0,1072,1,0,1,0,2,1,3,7,0,0,2,2,3,3,3,0,28,0,0,0,0,0,0,0,6,148000,11.904974309480185,1647,3,3,0,0,0,0,0,0,0,1,1,1.5,1,0,0,1,1,1,1,0,0,0,0,0,0,0,0,0,0,0,0,0,1,0,0,0,1,1,1,0,0,0,1,0,0,0,0,1,0,0,0,0,0,0,0,0,0,1,0,0,0,0,0,0,0,0,0,1,0,0,1,0,0,0,0,1,0,1,0,0,1,1,0,0,0,0,0,0,0,0,1,8.209580483475577,3.58351893845611
474,110.0,14977,3,4,3,8,5,304.0,4,3,5,3,4,6,1350,1,0,626,1976,5,1976,0,0,1976,1,0,2,0,2,1,4,7,1,5,2,3,3,3,3,250,63,0,0,0,0,0,0,0,7,440000,12.994532278619134,4265,1,0,1,0,0,0,0,0,0,1,1,1.0,0,1,0,0,0,0,0,0,1,0,0,1,0,0,0,0,0,0,0,0,0,0,0,1,0,1,1,0,0,0,1,0,0,0,0,0,0,0,0,0,0,0,0,0,0,1,0,0,0,0,0,0,0,0,0,1,0,0,1,0,0,0,0,1,0,1,0,0,1,0,0,0,0,0,0,0,0,0,1,9.614337736809313,4.709530201312334
475,41.0,5330,4,4,3,8,5,0.0,4,3,4,3,3,6,1196,1,0,298,1494,5,1652,0,0,1652,1,0,2,0,2,1,5,7,0,0,2,2,3,3,3,96,48,0,0,0,0,0,0,0,8,251000,12.433212202169727,3290,7,7,0,0,0,0,0,0,0,1,1,1.0,0,0,0,1,0,1,1,0,1,0,0,0,0,0,0,0,0,0,0,0,0,0,0,1,0,1,1,0,0,0,1,0,0,0,0,1,0,0,0,1,0,0,0,0,0,0,0,0,0,1,0,0,0,0,0,0,0,0,0,1,0,0,0,1,0,1,0,0,1,0,0,0,0,0,0,0,0,0,1,8.581294116822761,3.7376696182833684
476,80.0,8480,4,4,3,5,6,0.0,3,3,3,3,1,6,630,1,0,340,970,3,970,0,0,970,1,0,1,0,2,1,3,7,0,0,1,2,3,3,3,0,24,0,0,192,0,0,0,0,7,132500,11.794345471549745,2156,44,44,0,0,0,0,0,0,0,1,1,1.0,0,0,0,1,1,1,0,0,1,0,0,1,0,0,0,0,0,0,0,0,0,0,0,1,0,1,1,0,0,0,0,0,0,0,0,0,1,0,0,0,1,0,0,0,0,0,0,0,0,0,1,0,0,0,0,0,0,0,0,1,0,1,0,0,0,1,0,0,1,0,0,1,0,0,0,0,0,0,1,9.0455836463617,4.394449154672439
477,75.0,13125,4,4,2,6,5,215.0,3,3,4,3,4,6,994,1,0,484,1478,5,1493,0,0,1493,1,0,2,0,3,1,4,7,1,3,3,2,3,3,3,140,39,0,0,0,0,0,0,0,4,208900,12.249615734512616,3150,11,10,1,0,0,0,0,0,0,1,1,1.0,0,0,0,1,1,0,1,0,0,0,0,1,0,0,0,0,0,0,0,0,0,0,0,1,0,1,1,0,0,0,1,0,0,0,0,0,0,0,0,0,0,0,0,0,0,1,0,0,0,0,0,0,0,0,0,1,0,0,1,0,0,0,0,1,0,1,0,0,1,0,0,0,0,0,0,0,0,0,1,9.482350275033667,4.330733340286331
478,105.0,13693,4,4,3,9,5,772.0,5,3,4,3,3,1,0,1,0,2153,2052,5,2069,574,0,2643,0,0,2,1,3,1,5,7,1,4,3,3,3,3,3,414,84,0,0,0,0,0,0,0,3,380000,12.847929163278051,5193,1,1,0,0,0,0,0,0,0,1,1,2.0,0,0,0,1,0,0,0,0,1,0,0,0,0,0,1,0,0,0,0,0,0,0,0,1,0,1,1,0,0,0,1,0,0,0,0,0,1,0,0,0,0,0,0,0,0,1,0,0,0,0,0,0,0,0,0,1,0,0,1,0,0,0,0,1,0,1,0,0,1,0,1,0,0,0,0,0,0,0,1,9.524713059681009,4.663439094112067
479,79.0,10637,4,4,3,8,5,336.0,4,3,5,3,4,6,1288,1,0,417,1705,5,1718,0,0,1718,1,0,2,0,3,1,4,7,1,4,2,3,3,3,3,208,44,0,0,0,0,0,0,0,9,297000,12.601490784782536,3675,2,1,1,0,0,0,0,0,0,1,1,1.0,0,0,0,1,1,0,1,0,0,0,0,1,0,0,0,0,0,0,0,0,0,0,0,1,0,1,1,0,0,0,1,0,0,0,0,0,1,0,0,0,0,0,0,0,0,1,0,0,0,0,0,0,0,0,0,1,0,0,0,0,1,0,0,1,0,1,0,0,1,0,0,0,0,0,0,0,0,0,1,9.272187775302262,4.382026634673881
480,50.0,5925,4,4,3,4,7,435.0,3,3,2,3,1,3,168,1,0,739,907,3,1131,0,0,1131,0,0,1,0,2,1,3,7,0,0,1,2,3,3,3,0,72,0,0,0,0,0,3,0,3,89471,11.401681006153428,2110,70,7,1,0,0,1,0,0,0,1,1,1.0,0,0,1,0,1,0,0,0,1,0,0,0,1,0,0,0,0,0,0,0,0,0,0,0,1,1,1,0,0,0,1,0,0,0,0,0,1,0,0,0,0,0,0,0,1,0,0,0,0,0,0,0,0,0,1,0,0,0,0,0,0,0,0,0,0,1,0,0,1,0,0,1,0,0,0,0,0,0,0,8.68710472813351,3.9318256327243257
481,98.0,16033,3,4,3,9,5,378.0,4,3,5,3,4,6,1261,1,0,572,1833,5,1850,0,0,1850,1,0,2,0,3,1,4,7,1,4,3,3,3,3,3,519,112,0,0,0,0,0,0,0,3,326000,12.694655727828804,4314,2,1,1,0,0,0,0,0,0,1,1,1.0,0,0,0,1,0,0,0,0,1,0,0,1,0,0,0,0,0,0,0,0,0,0,0,1,0,1,1,0,0,1,0,0,0,0,0,0,1,0,0,0,0,0,0,0,0,1,0,0,0,0,0,0,0,0,0,1,0,0,1,0,0,0,0,1,0,1,0,0,1,0,0,0,0,0,0,0,0,0,1,9.682466746602897,4.59511985013459
482,72.0,11846,3,4,3,9,5,562.0,4,3,5,3,4,6,1567,1,0,225,1792,5,1792,0,0,1792,1,0,2,0,2,1,5,7,1,4,3,3,3,3,3,206,49,0,0,0,0,0,0,0,8,374000,12.832013750189883,3839,3,2,1,0,0,1,0,0,0,1,1,1.0,0,0,0,1,0,0,0,0,1,0,0,1,0,0,0,0,0,0,0,0,0,0,0,1,0,1,1,0,0,0,1,0,0,0,0,0,1,0,0,0,0,0,0,0,0,1,0,0,0,0,0,0,0,0,0,1,0,0,1,0,0,0,0,1,0,1,0,0,1,0,0,0,0,0,0,0,1,0,0,9.37982994995476,4.290459441148391
483,50.0,2500,4,4,3,7,8,0.0,4,3,3,3,1,5,299,1,0,611,910,5,916,910,0,1826,1,0,1,1,4,1,5,5,1,4,1,1,2,2,3,0,0,0,0,0,0,0,0,0,6,155000,11.951186847493476,2736,94,4,1,0,0,0,0,0,0,1,1,2.0,0,0,0,1,1,0,0,0,1,0,0,0,0,0,0,1,0,0,0,0,0,0,0,0,1,1,0,1,0,0,0,0,0,0,0,0,0,0,0,0,0,0,0,0,1,0,0,0,0,0,0,0,0,0,1,0,0,0,0,1,0,0,0,1,0,1,0,0,1,0,0,0,0,0,0,0,0,0,1,7.824445930877619,3.9318256327243257
484,32.0,4500,4,4,3,6,5,116.0,3,3,5,3,1,6,897,1,0,319,1216,5,1216,0,0,1216,1,0,2,0,2,1,3,7,0,0,1,2,3,3,3,0,125,0,0,0,0,0,0,0,5,164000,12.00762780434872,2557,8,8,0,0,0,0,0,0,0,1,1,1.0,0,0,0,1,1,1,0,1,0,0,0,0,0,0,0,0,0,0,0,0,0,0,0,0,1,1,1,0,0,1,0,0,0,0,1,0,1,0,0,0,0,0,0,0,0,1,0,0,0,0,0,0,0,0,0,1,0,0,1,0,0,0,0,1,0,1,0,0,1,0,0,0,0,0,0,0,0,0,1,8.412054873292933,3.4965075614664802
485,70.04995836802665,7758,3,4,3,5,7,0.0,3,4,3,3,1,5,588,1,0,411,999,4,999,0,0,999,1,0,1,0,3,1,4,7,0,0,1,1,3,3,3,0,132,0,0,0,0,0,0,0,3,132500,11.794345471549745,2130,45,6,1,0,0,0,0,0,0,1,1,1.0,0,0,0,1,1,1,0,0,1,0,0,1,0,0,0,0,0,0,0,0,0,0,0,1,0,1,1,0,0,0,0,0,0,0,0,0,0,0,0,0,1,0,0,0,0,0,0,0,0,0,0,0,0,1,0,0,0,0,0,1,0,1,0,0,0,1,0,0,1,0,0,1,0,0,0,0,0,0,1,8.95660873889395,4.2633832685897595
486,80.0,9600,4,4,3,5,7,0.0,4,3,3,3,1,5,607,1,0,506,1113,4,1113,0,0,1113,0,0,1,0,3,1,4,7,1,4,1,1,3,3,3,0,80,120,0,0,0,0,0,0,7,147000,11.898194668458824,2426,59,2,1,0,0,0,0,0,0,1,1,1.0,0,0,0,1,0,0,1,1,0,0,0,1,0,0,0,0,0,0,0,0,0,0,0,1,0,1,1,0,0,0,1,0,0,0,0,0,0,0,0,0,0,1,0,0,0,0,0,0,0,0,0,1,0,0,0,0,0,0,0,1,0,1,0,0,0,1,0,0,1,0,0,0,0,0,0,0,0,0,1,9.169622538697624,4.394449154672439
487,79.0,10289,4,4,3,5,7,168.0,3,3,3,3,1,5,836,1,0,237,1073,3,1073,0,0,1073,1,0,1,1,3,1,3,7,0,0,2,2,3,3,3,0,0,0,0,0,0,0,0,0,6,156000,11.95761769646754,2146,42,42,0,0,0,0,0,0,0,1,1,1.0,0,0,0,1,0,0,1,1,0,0,0,1,0,0,0,0,0,0,0,0,0,0,0,1,0,1,1,0,0,0,1,0,0,0,0,0,1,0,0,0,0,1,0,0,0,0,0,0,0,0,0,1,0,0,0,0,0,0,1,0,0,1,0,0,0,1,0,0,1,0,0,0,0,0,0,0,0,0,1,9.238927828828094,4.382026634673881
488,70.0,12243,3,4,3,5,6,0.0,3,3,4,3,3,5,998,1,0,486,1484,4,1484,0,0,1484,0,0,2,0,3,1,3,7,1,3,1,2,3,3,3,224,0,0,0,180,0,0,0,0,2,175000,12.07254696717504,3372,36,36,0,0,0,0,0,0,0,1,1,1.0,0,0,0,1,0,1,1,1,0,0,0,1,0,0,0,0,0,0,0,0,0,0,0,1,0,1,1,0,0,0,1,0,0,0,0,0,0,0,0,0,0,0,0,1,0,0,0,0,0,0,0,0,0,1,0,0,0,0,0,1,0,1,0,0,0,1,0,0,1,0,0,0,0,0,0,0,0,0,1,9.412791300065303,4.2626798770413155
489,60.0,10800,4,4,3,5,4,0.0,3,2,3,2,1,4,664,1,0,290,954,3,1766,648,0,2414,0,0,2,0,3,2,3,4,1,4,1,2,3,2,1,142,0,0,0,0,0,0,0,0,5,160000,11.982935344196433,3510,106,36,1,0,0,0,0,0,0,1,1,1.5,0,0,0,1,1,0,0,0,1,0,1,0,0,0,0,0,0,0,0,0,0,0,0,1,0,1,1,0,0,0,0,0,1,0,0,0,0,0,0,0,0,0,0,0,0,0,1,0,0,0,0,0,0,0,0,0,1,0,0,1,0,1,0,0,0,0,0,0,0,0,0,0,0,0,0,0,0,0,1,9.287394001418473,4.110873864173311
490,21.0,1526,4,4,3,4,8,0.0,3,4,4,3,3,6,515,1,0,115,630,3,630,0,0,630,1,0,1,0,1,1,4,7,0,0,1,1,3,3,3,0,0,0,0,0,0,0,0,0,5,86000,11.362114203075018,1260,39,7,1,0,0,0,0,0,0,1,1,1.5,1,0,0,1,0,1,0,1,0,0,0,0,0,0,0,0,0,0,0,0,1,0,0,0,1,1,1,0,0,0,1,0,0,0,1,0,0,0,0,1,0,0,0,0,0,0,0,0,0,1,0,0,0,0,0,0,0,0,0,1,0,1,0,0,0,1,0,0,1,0,0,0,0,0,0,0,0,0,1,7.3310603052186325,3.091042453358316
491,70.04995836802665,2665,4,4,3,5,6,0.0,3,3,4,3,2,1,0,1,0,264,264,3,616,688,0,1304,0,0,1,1,3,1,3,7,1,4,3,1,3,3,3,141,24,0,0,0,0,0,0,0,6,115000,11.652696102959752,1733,32,32,0,0,0,0,0,0,0,1,1,2.0,0,0,0,1,0,1,0,1,0,1,0,0,0,0,0,0,0,0,0,0,0,0,0,0,1,1,1,0,0,0,1,0,0,0,0,1,0,0,0,1,0,0,0,0,0,0,0,0,0,1,0,0,0,0,0,0,0,0,0,1,0,0,0,1,0,1,0,0,1,0,1,0,0,0,0,0,0,0,1,7.888334500738654,4.2633832685897595
492,79.0,9490,4,4,3,6,7,0.0,3,3,3,3,1,4,403,3,165,238,806,3,958,620,0,1578,1,0,1,0,3,1,2,7,2,3,1,1,3,3,3,0,0,32,0,0,0,0,3,0,8,133000,11.798111925972618,2416,65,56,1,0,0,0,0,1,0,1,1,1.5,0,0,0,1,0,0,1,1,0,0,0,0,0,1,0,0,0,0,0,0,0,0,0,1,0,1,1,0,0,0,1,0,0,0,0,0,0,0,0,0,0,0,0,0,0,0,1,0,0,0,0,0,0,0,0,0,1,0,0,1,0,1,0,0,0,1,0,0,0,0,0,0,0,0,0,0,0,0,1,9.158099260130491,4.382026634673881
493,105.0,15578,3,4,3,6,5,0.0,4,3,4,3,1,1,0,1,0,728,728,4,728,728,0,1456,0,0,2,1,3,1,3,7,0,0,2,2,3,3,3,0,0,0,0,0,0,0,0,0,5,172785,12.059809113551395,2184,0,0,0,0,0,0,0,0,0,1,1,2.0,0,1,0,0,0,0,0,1,0,0,0,0,0,0,1,0,0,0,0,0,0,0,0,1,0,1,1,0,0,0,0,0,0,0,0,0,0,0,0,0,0,0,0,0,0,1,0,0,0,0,0,0,0,0,0,1,0,0,0,1,0,0,0,1,0,1,0,0,1,0,0,0,0,0,0,0,0,0,1,9.653679132512428,4.663439094112067
494,70.0,7931,4,4,3,5,6,0.0,3,3,3,3,1,4,374,2,532,363,1269,3,1269,0,0,1269,0,0,1,1,3,1,3,7,1,2,1,1,3,3,3,0,0,0,0,0,0,0,0,0,6,155000,11.951186847493476,2538,48,48,0,0,0,0,0,0,0,1,1,1.0,0,0,0,1,0,0,1,1,0,0,0,1,0,0,0,0,0,0,0,0,0,0,0,1,0,1,1,0,0,0,1,0,0,0,0,0,0,0,1,0,0,0,0,0,0,0,0,0,0,0,0,0,0,0,0,0,1,0,0,1,0,1,0,0,0,1,0,0,0,0,0,1,0,0,0,0,0,0,1,8.978660489639687,4.2626798770413155
495,50.0,5784,4,4,3,5,8,0.0,3,3,2,3,1,1,0,1,0,190,190,4,886,0,0,886,0,0,1,0,2,1,3,7,0,0,1,1,3,3,3,144,20,80,0,0,0,0,0,0,12,91300,11.421917019425596,1320,71,13,1,0,0,0,0,1,0,1,1,1.0,0,0,0,1,1,0,0,0,1,0,0,0,1,0,0,0,0,0,0,0,0,0,0,0,1,1,1,0,0,0,1,0,0,0,0,0,0,0,0,0,0,1,0,0,0,0,0,0,0,0,0,1,0,0,0,0,0,0,0,1,0,0,0,0,0,1,0,0,0,0,0,0,0,0,0,0,0,0,1,8.663023639627777,3.9318256327243257
496,60.0,7879,4,4,3,4,5,0.0,3,3,3,3,1,3,495,1,0,225,720,3,720,0,0,720,0,0,1,0,2,1,3,7,0,0,0,0,0,0,1,0,523,115,0,0,0,0,2,0,11,34900,10.460270761075147,2078,89,59,1,0,0,0,0,0,0,1,1,1.0,0,0,1,0,1,0,0,1,0,0,0,0,1,0,0,0,0,0,0,0,0,1,0,0,0,1,1,0,0,0,1,0,0,0,0,0,0,0,0,0,0,0,0,0,0,0,1,0,0,0,0,0,0,0,0,0,1,0,0,1,0,1,0,0,0,0,0,0,0,0,0,0,1,0,0,0,0,0,1,8.972083182851925,4.110873864173311
497,70.04995836802665,12692,3,4,3,8,5,0.0,4,3,4,3,1,6,1231,1,0,1969,2052,5,3228,0,0,3228,1,0,3,0,4,1,4,7,1,4,2,2,3,3,3,264,75,291,0,0,0,0,0,0,5,430000,12.971542813248435,5910,15,14,1,0,0,0,0,0,0,1,1,1.0,0,0,0,1,1,1,1,1,0,0,0,1,0,0,0,0,0,0,0,0,0,0,0,1,0,1,1,0,0,0,1,0,0,0,0,0,1,0,1,0,0,0,0,0,0,0,0,0,1,0,0,0,0,0,0,0,0,0,0,1,0,0,0,1,0,1,0,0,1,0,0,0,0,0,0,0,0,0,1,9.448805939388178,4.2633832685897595
498,60.0,9120,4,4,3,7,6,0.0,3,4,3,3,1,3,329,1,0,697,1026,5,1133,687,0,1820,1,0,2,0,4,1,3,7,0,0,1,1,3,3,1,0,100,0,0,0,0,0,4,0,6,184000,12.122696471358964,2946,83,58,1,0,0,0,0,0,0,1,1,1.5,0,0,0,1,1,1,0,0,0,0,0,0,0,1,0,0,0,0,0,0,0,0,0,1,0,1,0,1,0,0,1,0,0,0,0,0,0,0,0,0,0,0,0,0,0,0,1,0,0,0,0,0,0,0,0,0,1,0,0,1,0,0,0,1,0,1,0,0,1,0,0,1,0,0,0,0,0,0,1,9.118334726180159,4.110873864173311
499,65.0,7800,4,4,3,5,7,89.0,3,3,3,3,1,5,450,1,0,414,864,5,899,0,0,899,0,0,1,0,3,1,4,7,0,0,3,1,3,3,3,64,0,0,0,0,0,0,3,0,6,130000,11.775297421715829,1827,42,5,1,0,0,0,0,0,0,1,1,1.0,0,0,0,1,1,1,0,0,1,0,0,1,0,0,0,0,0,0,0,0,0,0,0,1,0,1,1,0,0,0,1,0,0,0,0,0,1,0,0,0,1,0,0,0,0,0,0,0,0,0,1,0,0,0,0,0,0,0,1,0,0,0,0,1,0,1,0,0,1,0,0,0,0,0,0,0,0,0,1,8.962007209588313,4.189654742026425
500,70.0,7535,3,4,3,5,7,0.0,3,3,3,3,1,4,111,2,279,522,912,2,912,0,0,912,0,1,1,0,2,1,3,7,0,0,3,1,3,3,3,12,285,0,0,0,0,0,1,480,6,120000,11.695255355062796,2121,49,22,1,0,1,0,0,0,0,1,1,1.0,0,0,0,1,0,0,1,1,0,0,0,1,0,0,0,0,0,0,0,0,0,0,0,1,0,1,1,0,0,0,1,0,0,0,0,0,0,0,0,0,0,1,0,0,0,0,0,0,0,0,0,1,0,0,0,0,0,0,0,1,0,1,0,0,0,1,0,0,1,0,0,0,0,0,0,1,0,0,1,8.927446816256198,4.2626798770413155
501,21.0,1890,4,4,3,6,5,285.0,3,3,3,3,1,4,356,1,0,316,672,3,672,546,0,1218,0,0,1,1,3,1,3,7,0,0,1,1,3,3,3,144,28,0,0,0,0,0,0,0,5,113000,11.635151947212842,2062,34,34,0,0,0,0,0,0,0,1,1,2.0,0,0,0,1,0,1,0,0,0,1,0,0,0,0,0,0,0,0,0,0,0,0,0,0,1,1,1,0,0,0,1,0,0,0,1,0,0,0,0,0,1,0,0,0,0,0,0,0,0,0,1,0,0,0,0,0,0,0,1,0,0,1,0,0,0,1,0,0,1,0,0,1,0,0,0,0,0,0,1,7.544861068658458,3.091042453358316
502,75.0,9803,4,4,3,7,5,0.0,4,3,4,3,1,6,400,1,0,466,866,4,866,902,0,1768,0,0,2,1,3,1,4,7,0,0,2,2,3,3,3,0,108,0,0,0,0,0,0,0,2,226700,12.331387247601905,2742,3,3,0,0,0,0,0,0,0,1,1,2.0,0,0,0,1,1,0,1,0,1,0,0,0,0,0,1,0,0,0,0,0,0,0,0,0,0,1,1,0,0,0,1,0,0,0,0,0,0,0,0,0,0,0,0,0,0,1,0,0,0,0,0,0,0,0,0,1,0,0,0,1,0,0,0,1,0,1,0,0,1,0,0,0,0,0,0,0,0,0,1,9.190545744648004,4.330733340286331
503,70.0,9170,4,4,3,5,7,0.0,3,3,3,3,1,5,698,6,96,420,1214,5,1214,0,0,1214,1,0,1,0,2,1,3,7,0,0,1,2,2,2,3,0,0,184,0,0,0,0,4,400,4,140000,11.849404844423074,2612,42,42,0,0,1,0,0,1,0,1,1,1.0,0,0,0,1,1,1,1,0,0,0,0,1,0,0,0,0,0,0,0,0,0,0,0,1,0,1,1,0,0,0,0,0,0,0,0,0,1,0,0,0,0,1,0,0,0,0,0,0,0,0,0,1,0,0,0,0,0,0,0,1,0,1,0,0,0,1,0,0,1,0,0,1,0,0,0,1,0,0,1,9.123801610558944,4.2626798770413155
504,100.0,15602,3,4,3,7,8,0.0,3,3,3,3,1,5,1247,1,0,254,1501,3,1801,0,0,1801,1,0,2,0,1,1,3,7,2,3,3,2,3,3,3,0,54,0,0,161,0,0,2,0,3,289000,12.574185427296197,3517,51,13,1,0,0,0,0,0,0,1,1,1.0,0,0,0,1,0,1,1,0,0,0,0,1,0,0,0,0,0,0,0,0,0,0,0,1,0,1,1,0,0,0,1,0,0,0,0,0,0,0,1,0,0,0,0,0,0,0,0,0,0,0,0,0,0,0,0,0,1,0,0,1,0,1,0,0,0,1,0,0,1,0,0,0,0,0,0,0,0,0,1,9.655218482441182,4.61512051684126
505,24.0,2308,4,4,3,6,5,0.0,3,3,3,3,1,5,257,3,495,103,855,3,855,467,0,1322,0,1,2,1,3,1,3,7,1,2,1,2,3,3,3,260,0,0,0,0,0,0,0,0,6,147000,11.898194668458824,2437,35,35,0,0,0,0,0,0,0,1,1,2.0,0,0,0,1,1,0,1,1,0,1,0,0,0,0,0,0,0,0,0,0,0,0,0,1,0,1,1,0,0,0,1,0,0,0,0,1,0,0,0,0,0,0,0,1,0,0,0,0,0,0,0,0,1,0,0,0,0,0,0,1,0,1,0,0,0,1,0,0,1,0,0,0,0,0,0,0,0,0,1,7.744569809354496,3.2188758248682006
506,60.0,7596,4,4,3,5,5,360.0,3,3,3,3,1,1,0,1,0,960,960,4,960,1000,0,1960,0,0,2,0,4,2,3,7,0,0,1,2,3,3,1,0,0,0,0,0,0,0,0,0,7,124500,11.732069026983156,2920,57,57,0,0,0,0,0,1,0,1,1,2.0,0,0,0,1,1,0,0,0,1,0,0,0,0,0,0,0,0,0,0,1,0,0,0,0,1,1,0,0,0,0,1,0,0,1,0,0,1,0,0,0,0,0,0,0,0,0,1,0,0,0,0,0,0,0,0,0,1,0,1,0,0,1,0,0,0,1,0,0,1,0,0,1,0,0,0,0,0,0,1,8.935508711503221,4.110873864173311
507,80.0,9554,3,4,3,8,5,125.0,4,3,4,3,1,6,380,1,0,397,777,5,1065,846,0,1911,0,0,2,1,3,1,4,7,1,3,2,2,3,3,3,182,81,0,0,0,0,0,0,0,9,215000,12.278397958261774,2951,13,12,1,0,0,0,0,0,0,1,1,2.0,0,0,0,1,0,0,1,0,1,0,0,0,0,0,1,0,0,0,0,0,0,0,0,1,0,1,1,0,0,0,1,0,0,0,0,0,0,0,0,0,0,0,0,0,0,1,0,0,0,0,0,0,0,0,0,1,0,0,1,0,0,0,0,1,0,1,0,0,1,0,0,0,0,0,0,0,0,0,1,9.164819856674374,4.394449154672439
508,75.0,7862,3,4,3,6,5,0.0,4,3,4,3,1,6,27,1,0,1191,1218,5,1218,0,0,1218,0,0,2,0,2,1,4,7,0,0,3,2,3,3,3,0,102,0,0,0,0,0,0,0,9,208300,12.246739428005665,2538,0,0,0,0,0,0,0,0,0,1,1,1.0,0,1,0,0,1,0,1,0,1,0,0,1,0,0,0,0,0,0,0,0,0,0,0,0,0,1,1,0,0,0,1,0,0,0,0,0,0,0,0,0,0,0,0,0,0,1,0,0,0,0,0,0,0,0,0,1,0,0,0,1,0,0,0,1,0,1,0,0,1,0,0,0,0,0,0,0,0,0,1,8.969923491991516,4.330733340286331
509,60.0,9600,4,4,3,7,9,0.0,3,5,3,3,1,3,141,1,0,548,689,5,689,689,0,1378,0,0,2,0,3,1,4,7,1,4,1,2,3,3,1,0,0,116,0,0,0,0,0,0,10,161000,11.989165855127435,2183,80,3,1,0,0,0,0,0,0,1,1,2.0,0,0,0,1,1,0,0,0,1,0,0,0,0,0,0,1,0,0,0,0,0,0,0,0,1,1,1,0,0,0,1,0,0,0,0,0,0,1,0,0,0,1,0,0,0,0,0,0,0,0,0,1,0,0,0,0,0,0,0,1,0,0,0,0,0,1,0,0,1,0,0,1,0,0,0,0,0,0,1,9.169622538697624,4.110873864173311
510,80.0,9600,4,4,3,5,6,132.0,3,3,3,3,1,5,991,1,0,50,1041,5,1041,0,0,1041,1,0,1,0,3,1,3,7,0,0,2,1,3,3,3,224,88,0,0,0,0,0,3,0,7,124500,11.732069026983156,2394,50,50,0,0,0,0,0,0,0,1,1,1.0,0,0,0,1,0,0,1,1,0,0,0,1,0,0,0,0,0,0,0,0,0,0,0,1,0,1,1,0,0,0,0,0,0,0,0,0,0,0,0,0,0,1,0,0,0,0,0,0,0,0,0,1,0,0,0,0,0,0,1,0,0,1,0,0,0,1,0,0,1,0,0,0,0,0,0,0,0,0,1,9.169622538697624,4.394449154672439
511,75.0,14559,4,4,3,5,7,70.0,4,3,3,3,1,4,650,3,180,178,1008,5,1363,0,0,1363,1,0,1,0,2,1,3,6,2,3,1,1,3,3,3,324,42,0,0,168,0,0,0,2000,6,164900,12.013100572810686,2905,58,9,1,0,1,0,0,0,0,1,1,1.0,0,0,0,1,0,0,1,1,0,0,0,1,0,0,0,0,0,0,0,0,0,0,0,1,0,1,1,0,0,0,1,0,0,0,0,0,1,0,0,0,0,0,0,0,0,0,1,0,0,0,0,0,0,0,0,0,1,0,0,0,0,1,0,0,0,1,0,0,1,0,0,0,0,1,0,1,0,0,1,9.586033321750676,4.330733340286331
512,40.0,6792,3,4,3,7,5,94.0,4,3,4,3,1,1,0,1,0,1368,1368,5,1368,0,0,1368,0,0,2,0,2,1,4,7,1,4,2,2,3,3,3,132,35,0,0,0,0,0,0,0,3,202665,12.2193145828011,2903,1,0,1,0,0,0,0,0,0,1,1,1.0,0,1,0,0,0,0,0,0,1,0,0,0,0,0,0,0,0,0,0,0,0,0,0,1,0,1,1,0,0,0,1,0,0,0,0,1,0,0,0,0,0,0,0,0,0,1,0,0,0,0,0,0,0,0,0,1,0,0,0,0,1,0,0,1,0,1,0,0,1,0,0,0,0,0,0,0,0,0,1,8.823647949191303,3.713572066704308
513,70.0,9100,4,4,3,5,5,0.0,3,3,3,3,1,4,521,2,174,169,864,3,864,0,0,864,1,0,1,0,3,1,3,7,0,0,1,2,3,3,3,0,0,0,0,0,0,0,0,0,7,129900,11.774527900858468,1728,48,48,0,0,0,0,0,1,0,1,1,1.0,0,0,0,1,0,0,1,1,0,0,0,1,0,0,0,0,0,0,0,0,0,0,0,1,0,1,1,0,0,0,0,0,0,0,0,0,0,0,0,0,0,0,0,0,0,1,0,0,0,0,0,0,0,0,0,1,0,0,0,1,0,1,0,0,0,1,0,0,1,0,0,1,0,0,0,0,0,0,1,9.116139576577355,4.2626798770413155
514,71.0,9187,4,4,3,6,5,0.0,3,4,3,3,1,5,336,1,0,748,1084,3,1080,0,0,1080,0,0,1,1,3,1,3,7,0,0,1,2,3,3,3,120,0,158,0,0,0,0,0,0,6,134000,11.80560254159177,2442,24,24,0,0,0,1,0,0,0,1,1,1.0,0,0,0,1,1,1,0,1,0,0,0,1,0,0,0,0,0,0,0,0,0,0,0,1,0,1,1,0,0,0,0,0,0,0,0,0,0,0,0,0,0,0,0,0,0,1,0,0,0,0,0,0,0,0,0,1,0,0,0,1,0,0,0,1,0,1,0,0,1,0,0,0,0,0,0,0,0,0,0,9.125653563808989,4.276666119016055
515,55.0,10594,4,4,3,5,5,0.0,3,3,3,3,1,1,0,1,0,768,768,2,789,0,0,789,0,0,1,0,2,1,3,7,0,0,1,1,1,1,3,0,0,112,0,0,0,0,3,0,6,96500,11.477308649967686,1669,81,57,1,0,0,0,0,0,0,1,0,1.25,0,0,0,1,0,1,1,0,0,0,0,0,0,0,0,0,0,0,0,0,1,0,0,1,0,1,1,0,0,0,1,0,0,0,0,0,0,0,0,0,0,0,0,0,0,0,1,0,0,0,0,0,0,0,0,0,1,0,0,1,0,0,0,0,0,0,0,0,1,0,0,1,0,0,0,0,0,0,1,9.2681374707024,4.02535169073515
516,94.0,12220,4,4,3,10,5,305.0,5,3,5,3,1,6,1436,1,0,570,2006,5,2020,0,0,2020,1,0,2,1,3,1,5,7,1,4,3,3,3,3,3,156,54,0,0,0,0,0,0,0,9,402861,12.90634935052389,4236,0,0,0,0,0,0,0,0,0,1,1,1.0,0,1,0,0,0,0,0,0,1,0,0,1,0,0,0,0,0,0,0,0,0,0,0,1,0,1,1,0,0,0,1,0,0,0,0,0,1,0,0,1,0,0,0,0,0,0,0,0,0,1,0,0,0,0,0,0,0,0,1,0,0,1,0,0,0,1,0,0,1,0,0,0,0,0,0,0,0,0,1,9.410911062438,4.553876891600541
517,70.04995836802665,10448,3,4,3,6,6,333.0,3,3,3,3,1,1,0,1,0,689,689,3,1378,741,0,2119,0,0,2,1,3,1,3,7,1,3,2,2,3,3,3,0,104,0,0,0,0,0,4,0,8,158000,11.970356641103,2912,37,37,0,0,0,0,0,0,0,1,1,1.5,1,0,1,0,0,1,1,1,0,0,0,0,0,0,0,0,0,1,0,0,0,0,0,1,0,1,1,0,0,0,0,0,0,0,0,0,0,0,0,0,1,0,0,0,0,0,0,0,0,0,1,0,0,0,0,0,0,0,1,0,0,1,0,0,0,1,0,0,1,0,0,0,0,0,0,0,0,0,1,9.254261559034111,4.2633832685897595
518,79.0,10208,3,4,3,7,5,921.0,4,3,4,3,1,1,0,1,0,1264,1264,5,1277,1067,0,2344,0,0,2,1,3,1,4,7,1,3,2,3,3,3,3,220,0,0,0,0,0,0,0,0,7,265000,12.487488878546143,3828,13,12,1,0,0,0,0,0,0,1,1,2.0,0,0,0,1,1,1,1,1,0,0,0,0,0,0,1,0,0,0,0,0,0,0,0,1,0,1,1,0,0,0,1,0,0,0,0,0,0,0,0,0,0,0,0,0,0,1,0,0,0,0,0,0,0,0,0,1,0,0,1,0,0,0,0,1,0,1,0,0,1,0,0,0,0,0,0,0,0,0,1,9.231024963169016,4.382026634673881
519,70.04995836802665,9531,3,4,3,6,5,0.0,3,3,4,3,2,6,706,1,0,88,794,5,882,914,0,1796,1,0,2,1,3,1,3,7,0,0,2,2,3,3,3,0,36,0,0,0,0,0,3,0,5,211000,12.259618151783464,2626,9,9,0,0,0,0,0,0,0,1,1,2.0,0,0,0,1,1,0,1,0,0,0,0,0,0,0,1,0,0,0,0,0,0,0,0,1,0,1,1,0,1,0,0,0,0,0,0,0,0,0,0,0,0,0,0,0,0,1,0,0,0,0,0,0,0,0,0,1,0,0,0,1,0,0,0,1,0,1,0,0,1,0,0,0,0,0,0,0,0,0,1,9.162409838218633,4.2633832685897595
520,53.0,10918,4,4,3,7,9,0.0,4,3,4,3,1,1,0,1,0,1276,1276,5,1276,804,0,2080,0,0,1,1,3,1,4,7,2,4,1,1,3,3,3,0,0,0,0,145,0,0,3,0,6,234000,12.36308066783498,3501,83,5,1,0,0,0,0,0,0,1,1,2.0,0,0,0,1,0,1,1,0,0,0,0,0,0,0,0,1,0,0,0,0,0,0,0,1,0,1,1,0,0,0,1,0,0,0,0,0,0,1,0,0,0,1,0,0,0,0,0,0,0,0,0,1,0,0,0,0,0,0,0,1,0,0,0,0,0,1,0,0,1,0,0,1,0,0,0,0,0,0,1,9.298259670014065,3.9889840465642745
521,60.0,10800,4,4,3,4,7,0.0,3,3,0,0,0,0,0,0,0,0,0,3,694,600,0,1294,0,0,2,0,3,2,3,7,0,0,0,0,0,0,1,220,114,210,0,0,0,0,0,0,8,106250,11.57355949850708,1838,108,8,1,0,0,0,0,0,0,1,1,2.0,0,0,0,1,1,0,0,0,1,0,1,0,0,0,0,0,0,0,0,0,0,0,0,1,0,1,0,0,0,0,1,0,1,0,0,0,0,0,0,0,0,1,0,0,0,0,0,0,0,0,0,1,0,0,0,0,0,0,0,1,0,0,0,0,0,0,0,0,0,0,0,0,1,0,0,0,0,0,1,9.287394001418473,4.110873864173311
522,90.0,11988,3,4,3,6,6,0.0,3,3,3,3,1,3,777,1,0,467,1244,5,1244,0,0,1244,0,0,1,1,3,1,3,7,2,4,1,1,3,3,3,0,40,0,0,0,0,0,0,0,5,150000,11.918397239722838,2528,50,50,0,0,0,0,0,1,0,1,1,1.0,0,0,0,1,0,0,1,1,0,0,0,1,0,0,0,0,0,0,0,0,0,0,0,1,0,1,1,0,0,0,0,0,0,0,0,0,0,0,0,0,0,0,0,0,0,1,0,0,0,0,0,0,0,0,0,1,0,0,0,1,0,1,0,0,0,1,0,0,0,0,0,0,0,0,0,0,0,0,1,9.391744841707654,4.51085950651685
523,50.0,5000,4,4,3,6,7,0.0,3,4,3,3,1,5,399,1,0,605,1004,5,1004,660,0,1664,0,0,2,0,3,1,3,7,2,4,1,2,3,3,3,0,24,36,0,0,0,0,0,0,10,159000,11.976665770490769,2728,59,56,1,0,0,0,0,1,0,1,1,1.5,0,0,0,1,1,1,0,0,0,0,0,0,0,1,0,0,0,0,0,0,0,0,0,0,1,1,1,0,0,0,0,0,0,0,0,0,0,0,0,1,0,0,0,0,0,0,0,0,0,1,0,0,0,0,0,0,0,0,0,1,0,1,0,0,0,1,0,0,1,0,0,1,0,0,0,0,0,0,1,8.517393171418904,3.9318256327243257
525,95.0,11787,3,4,3,7,5,594.0,4,3,4,3,1,6,719,1,0,660,1379,5,1383,1015,0,2398,1,0,2,1,3,1,4,7,1,3,3,3,3,3,3,239,60,0,0,0,0,0,0,0,8,315750,12.662709207270272,4076,11,10,1,0,0,0,0,0,0,1,1,2.0,0,0,0,1,1,1,1,1,0,0,0,0,0,0,1,0,0,0,0,0,0,0,0,1,0,1,1,0,0,0,1,0,0,0,0,0,0,0,0,0,0,0,0,0,0,1,0,0,0,0,0,0,0,0,0,1,0,0,1,0,0,0,0,1,0,1,0,0,1,0,0,0,0,0,0,0,0,0,1,9.374837343857585,4.564348191467836
526,62.0,7500,4,4,3,7,5,0.0,4,3,4,3,1,1,0,1,0,1257,1257,5,1266,0,0,1266,0,0,2,0,3,1,4,7,1,3,1,2,3,3,3,38,144,0,0,0,0,0,0,0,4,176000,12.07824495582233,2705,1,1,0,0,0,0,0,0,0,1,1,1.0,0,0,0,1,1,0,1,0,1,0,0,1,0,0,0,0,0,0,0,0,0,0,0,0,0,1,0,1,0,0,1,0,0,0,0,0,0,0,0,0,0,0,0,0,0,1,0,0,0,0,0,0,0,0,0,1,0,0,0,1,0,0,0,1,0,1,0,0,1,0,0,0,0,0,0,0,0,0,1,8.922791623969637,4.143134726391533
527,70.0,13300,4,4,3,5,7,0.0,3,3,4,3,1,3,377,1,0,551,928,3,928,0,0,928,0,0,1,0,2,1,3,7,0,0,1,1,3,3,3,261,0,156,0,0,0,0,0,0,6,132000,11.790564777297387,2273,51,7,1,0,0,0,0,0,0,1,1,1.0,0,0,0,1,0,0,1,1,0,0,0,1,0,0,0,0,0,0,0,0,0,0,0,1,0,1,1,0,0,0,1,0,0,0,0,0,1,0,0,0,0,0,0,0,0,0,1,0,0,0,0,0,0,0,0,0,1,0,0,1,0,1,0,0,0,1,0,0,1,0,0,0,0,0,0,0,0,0,1,9.495594499353297,4.2626798770413155
528,67.0,14948,3,4,3,9,5,268.0,5,3,5,3,3,6,1330,1,0,122,1452,5,1476,1237,0,2713,1,0,2,1,3,1,5,7,1,4,3,3,3,3,3,126,66,0,0,0,0,0,0,0,11,446261,13.00866150247074,4357,0,0,0,0,0,0,0,0,0,1,1,2.0,0,1,0,0,0,0,0,0,1,0,0,0,0,0,1,0,0,0,0,0,0,0,0,1,0,1,1,0,0,0,1,0,0,0,0,0,1,0,0,0,0,0,0,0,0,1,0,0,0,0,0,0,0,0,0,1,0,0,0,0,1,0,0,1,0,1,0,0,1,0,0,0,0,0,0,0,0,0,1,9.612399686949514,4.219507705176107
529,58.0,9098,3,4,3,4,7,0.0,3,3,3,3,2,5,348,1,0,180,528,5,605,0,0,605,1,0,1,0,2,1,3,7,0,0,0,0,0,0,1,0,0,144,0,0,0,0,0,0,7,86000,11.362114203075018,1277,87,5,1,0,0,0,0,0,0,1,1,1.0,0,0,0,1,1,1,1,0,0,0,0,0,1,0,0,0,0,0,0,0,0,0,0,1,0,1,1,0,0,0,1,0,0,0,0,0,0,0,0,0,0,0,0,0,0,0,1,0,0,0,0,0,0,0,0,0,1,0,0,1,0,0,0,0,0,1,0,0,1,0,0,0,1,0,0,0,0,0,1,9.11591979635669,4.07753744390572
530,70.04995836802665,32668,3,4,3,6,3,,4,3,3,3,1,3,1219,1,0,816,2035,3,2515,0,0,2515,1,0,3,0,4,2,3,3,2,3,2,2,3,3,3,0,0,200,0,0,0,0,0,0,3,200624,12.209192772866418,4750,50,32,1,0,0,0,0,0,0,1,1,1.0,0,0,1,0,0,1,1,0,0,0,0,1,0,0,0,0,0,0,0,0,0,0,0,1,0,1,1,0,1,0,0,0,0,0,0,0,1,0,0,0,0,0,0,0,0,0,1,0,0,0,0,0,1,0,0,0,0,0,0,1,0,0,0,1,0,1,0,0,1,0,0,0,0,0,0,0,0,0,1,10.39418189500513,4.2633832685897595
531,85.0,10200,4,4,3,6,5,219.0,4,3,4,3,3,6,783,1,0,678,1461,5,1509,0,0,1509,1,0,2,0,3,1,4,7,1,2,2,2,3,3,3,224,0,0,0,0,0,0,0,0,8,175000,12.07254696717504,3194,20,19,1,0,0,0,0,0,0,1,1,1.5,1,0,1,0,1,1,1,0,1,0,0,0,0,0,0,0,0,1,0,0,0,0,0,1,0,1,1,0,0,0,1,0,0,0,0,0,0,0,0,0,1,0,0,0,0,0,0,0,0,0,1,0,0,0,0,0,0,0,1,0,0,1,0,0,0,1,0,0,1,0,0,0,0,0,0,0,0,0,1,9.23024103368252,4.454347296253507
532,60.0,6155,3,4,3,6,8,0.0,3,3,2,2,2,1,0,1,0,611,611,5,751,611,0,1362,0,0,2,0,3,1,3,7,0,0,3,2,3,2,3,0,0,84,0,0,0,0,0,0,6,128000,11.759793355371237,2057,88,9,1,0,0,0,0,1,1,1,1,2.0,0,0,0,1,1,1,0,0,0,0,0,0,0,0,0,1,0,0,0,0,0,0,0,0,1,1,1,0,0,0,0,1,0,0,0,0,0,0,0,0,0,0,0,0,0,0,1,0,0,0,0,0,0,0,0,0,1,0,0,1,0,0,0,0,0,1,0,0,1,0,0,1,0,0,0,0,0,0,1,8.72518249495877,4.110873864173311
533,60.0,7200,4,4,3,5,7,0.0,3,3,0,0,0,0,0,0,0,0,0,5,827,0,0,827,0,0,1,0,2,1,3,4,1,1,1,1,3,3,3,0,0,0,0,0,0,0,0,0,4,107500,11.58525542883217,827,55,3,1,0,0,0,0,0,0,1,1,1.0,0,0,0,1,0,0,1,1,0,0,0,1,0,0,0,0,0,0,0,0,0,0,0,1,0,1,1,0,0,0,1,0,0,0,0,0,0,0,0,0,0,0,0,0,0,1,0,0,0,0,0,0,0,0,0,1,0,0,0,1,0,0,0,0,1,1,0,0,1,0,0,1,0,0,0,0,0,0,1,8.881975184248867,4.110873864173311
534,50.0,5000,4,4,2,1,3,0.0,2,2,0,0,0,0,0,0,0,0,0,2,334,0,0,334,0,0,1,0,1,1,2,7,0,0,0,0,0,0,1,0,0,0,0,0,0,0,0,0,1,39300,10.579005242826248,334,61,57,1,0,0,1,0,0,0,1,1,1.0,0,0,0,1,1,1,0,0,0,0,0,1,0,0,0,0,0,0,0,0,0,0,0,1,0,1,1,0,0,0,1,0,0,0,0,0,0,0,0,0,0,0,0,0,0,1,0,0,0,0,0,0,0,0,0,1,0,0,0,1,0,0,0,0,1,0,1,0,0,0,0,0,1,0,0,0,0,1,0,8.517393171418904,3.9318256327243257
535,74.0,9056,3,4,3,8,5,0.0,4,3,5,4,3,1,0,1,0,707,707,5,707,707,0,1414,0,0,2,1,3,1,4,7,1,4,3,2,3,3,3,100,35,0,0,0,0,0,0,0,10,178000,12.08954444723597,2256,2,2,0,0,0,0,0,0,0,1,1,2.0,0,0,0,1,0,0,0,1,0,0,0,0,0,0,1,0,0,0,0,0,0,0,0,1,0,1,1,0,0,0,1,0,0,0,0,0,0,0,0,0,0,0,0,0,0,1,0,0,0,0,0,0,0,0,0,1,0,0,0,1,0,0,0,1,0,1,0,0,1,0,0,0,0,0,0,0,0,0,1,9.111293218374948,4.31748811353631
536,70.0,7000,4,4,3,5,7,0.0,3,3,4,3,4,6,969,1,0,148,1117,3,820,527,0,1347,1,0,1,0,3,1,3,7,0,0,0,0,0,0,1,85,0,148,0,0,0,0,0,0,1,107500,11.58525542883217,2697,98,17,1,0,0,0,0,0,0,1,1,2.0,0,0,0,1,1,1,1,0,0,0,1,0,0,0,0,0,0,0,0,0,0,0,0,1,0,1,1,0,0,0,1,0,1,0,0,0,0,0,0,0,0,1,0,0,0,0,0,0,0,0,0,1,0,0,0,0,0,0,0,1,0,1,0,0,0,1,0,0,1,0,0,0,1,0,0,0,0,0,1,8.853808274977197,4.2626798770413155
537,57.0,8924,3,4,3,7,5,0.0,3,3,4,3,3,1,0,1,0,880,880,5,880,844,0,1724,0,0,2,1,3,1,4,7,0,0,3,2,3,3,3,120,155,0,0,0,0,0,0,0,7,188000,12.144202560946876,2879,10,9,1,0,0,0,0,0,0,1,1,2.0,0,0,0,1,1,0,1,0,0,0,0,0,0,0,1,0,0,0,0,0,0,0,0,1,0,1,1,0,1,0,0,0,0,0,0,0,0,0,0,0,0,0,0,0,0,1,0,0,0,0,0,0,0,0,0,1,0,0,0,1,0,0,0,1,0,1,0,0,1,0,0,0,0,0,0,0,0,0,1,9.09661160664784,4.060443010546419
538,70.04995836802665,12735,3,4,3,4,5,0.0,3,3,3,3,1,4,600,1,0,264,864,3,864,0,0,864,0,0,1,0,3,1,3,7,0,0,1,2,3,3,3,216,0,0,0,0,0,0,1,0,4,111250,11.619544188752132,1944,36,36,0,0,0,0,0,0,0,1,1,1.0,0,0,0,1,0,0,1,1,0,0,0,1,0,0,0,0,0,0,0,0,0,0,0,1,0,1,1,0,0,1,0,0,0,0,0,0,1,0,0,0,0,1,0,0,0,0,0,0,0,0,0,1,0,0,0,0,0,0,0,1,0,1,0,0,0,1,0,0,1,0,0,1,0,0,0,0,0,0,1,9.452187908084165,4.2633832685897595
539,70.04995836802665,11553,3,4,3,5,5,188.0,3,3,3,3,1,4,673,1,0,378,1051,3,1159,0,0,1159,0,0,1,1,3,1,3,7,1,2,1,1,3,3,3,466,0,0,0,0,0,0,0,0,7,158000,11.970356641103,2676,38,38,0,0,0,0,0,0,0,1,1,1.0,0,0,0,1,1,1,0,0,1,0,0,1,0,0,0,0,0,0,0,0,0,0,0,1,0,1,1,0,0,0,1,0,0,0,0,0,1,0,0,0,0,0,0,1,0,0,0,0,0,0,0,0,0,1,0,0,0,0,1,0,0,1,0,0,0,1,0,0,1,0,0,0,0,0,0,0,0,0,1,9.354786976341211,4.2633832685897595
540,70.04995836802665,11423,4,4,3,8,5,479.0,4,3,4,3,3,6,1358,1,0,223,1581,5,1601,0,0,1601,1,0,2,0,3,1,4,7,1,3,2,2,3,3,3,180,0,0,0,0,0,0,3,2000,5,272000,12.513561021741964,3362,9,8,1,0,1,0,0,0,0,1,1,1.0,0,0,0,1,1,0,1,0,0,0,0,1,0,0,0,0,0,0,0,0,0,0,0,1,0,1,1,0,0,0,1,0,0,0,0,0,0,0,0,0,0,0,0,0,0,1,0,0,0,0,0,0,0,0,0,1,0,0,1,0,0,0,0,1,0,1,0,0,1,0,0,0,0,0,0,1,0,0,1,9.343471684579365,4.2633832685897595
541,85.0,14601,4,4,3,9,5,584.0,5,3,5,3,3,6,1260,1,0,578,1838,5,1838,0,0,1838,1,0,2,0,2,1,5,7,1,4,3,3,3,3,3,270,68,0,0,0,0,0,0,0,3,315000,12.660331092405906,4014,3,3,0,0,0,0,0,0,0,1,1,1.0,0,0,0,1,1,1,1,0,1,0,0,1,0,0,0,0,0,0,0,0,0,0,0,1,0,1,1,0,0,0,1,0,0,0,0,0,1,0,0,0,0,0,0,0,0,1,0,0,0,0,0,0,0,0,0,1,0,0,1,0,0,0,0,1,0,1,0,0,1,0,0,0,0,0,0,0,0,0,1,9.58891378461603,4.454347296253507
542,70.04995836802665,11000,4,4,3,8,5,72.0,4,3,4,3,1,1,0,1,0,969,969,5,997,1288,0,2285,0,0,2,1,4,1,4,7,1,3,3,3,3,3,3,0,56,0,0,0,0,0,0,0,6,248000,12.421188057397057,3310,7,7,0,0,0,0,0,0,0,1,1,2.0,0,0,0,1,1,1,1,1,0,0,0,0,0,0,1,0,0,0,0,0,0,0,0,1,0,1,1,0,0,1,0,0,0,0,0,0,0,0,0,0,0,0,0,0,0,1,0,0,0,0,0,0,0,0,0,1,0,0,1,0,0,0,0,1,0,1,0,0,1,0,1,0,0,0,0,0,0,0,1,9.305741456739435,4.2633832685897595
543,78.0,10140,4,4,3,7,5,0.0,4,3,5,3,1,2,144,6,1127,379,1650,5,1680,0,0,1680,1,0,2,0,3,1,4,3,1,3,3,2,3,3,3,78,73,0,0,0,0,0,0,0,6,213250,12.2702251546747,3481,11,10,1,0,0,0,0,0,1,1,1,1.0,0,0,0,1,0,1,1,1,0,0,0,1,0,0,0,0,0,0,0,0,0,0,0,1,0,1,1,0,0,0,1,0,0,0,0,0,1,0,0,0,0,0,0,0,0,1,0,0,0,0,0,0,0,0,0,1,0,0,0,1,0,0,0,1,0,1,0,0,1,0,0,0,0,0,0,0,0,0,1,9.224341891611996,4.3694478524670215
544,34.0,4058,4,4,3,7,5,182.0,3,3,4,3,3,6,584,2,139,0,723,5,767,0,0,767,1,0,1,0,1,1,3,7,0,0,3,1,3,3,3,120,40,0,0,0,0,0,0,0,6,133000,11.798111925972618,1650,9,9,0,0,0,0,0,0,0,1,1,1.5,1,0,0,1,0,0,1,1,0,0,0,0,0,0,0,0,0,0,0,0,0,0,1,0,0,1,1,0,0,0,1,0,0,0,0,1,0,0,0,0,0,1,0,0,0,0,0,0,0,0,0,1,0,0,0,0,0,0,1,0,0,0,0,1,0,1,0,0,1,0,0,0,0,0,0,0,0,0,1,8.308691916838898,3.5553480614894135
545,58.0,17104,3,4,3,7,5,0.0,4,3,4,4,3,6,554,1,0,100,654,5,664,832,0,1496,1,0,2,1,3,1,4,7,1,4,2,2,3,3,3,100,24,0,0,0,0,0,0,0,9,179665,12.098854850641,2274,0,0,0,0,0,0,0,0,0,1,1,2.0,0,1,0,0,0,0,0,1,0,0,0,0,0,0,1,0,0,0,0,0,0,0,0,1,0,1,1,0,0,0,1,0,0,0,0,0,0,0,0,0,0,0,0,0,0,1,0,0,0,0,0,0,0,0,0,1,0,0,0,1,0,0,0,1,0,1,0,0,1,0,0,0,0,0,0,0,0,0,1,9.747126097411705,4.07753744390572
546,70.04995836802665,13837,3,4,3,7,5,178.0,4,4,4,4,1,6,1002,2,202,0,1204,4,1377,806,0,2183,0,0,2,1,4,1,4,7,0,0,1,3,3,3,3,0,0,0,0,0,0,0,0,0,2,229000,12.34148164933907,3387,18,18,0,0,0,0,0,0,0,1,1,1.5,0,0,0,1,0,1,1,1,0,0,0,0,0,1,0,0,0,0,0,0,0,0,0,1,0,1,1,0,0,0,0,0,0,0,0,0,0,0,0,0,1,0,0,0,0,0,0,0,0,0,1,0,0,0,0,0,0,0,1,0,0,0,0,1,0,1,0,0,1,0,0,0,0,0,0,0,0,0,1,9.535173710058757,4.2633832685897595
547,70.0,8737,3,4,3,6,7,0.0,3,3,4,3,1,3,300,1,0,765,1065,5,915,720,0,1635,0,0,1,1,3,1,3,7,1,4,1,2,3,3,3,0,38,0,144,0,0,0,0,0,5,210000,12.25486757159303,2882,84,57,1,0,0,1,0,0,0,1,1,1.5,0,0,0,1,1,1,0,0,0,0,0,0,0,1,0,0,0,0,0,0,0,0,0,1,0,1,1,0,0,0,1,0,0,0,0,0,0,0,1,0,0,0,0,0,0,0,0,0,0,0,0,0,0,0,0,0,1,0,0,1,0,0,0,0,0,1,0,0,0,0,0,1,0,0,0,0,0,0,0,9.075436609511382,4.2626798770413155
548,54.0,7244,4,4,3,5,7,0.0,3,4,4,3,3,5,619,1,0,149,768,5,768,0,0,768,1,0,1,0,2,1,3,7,0,0,1,2,3,3,3,104,0,0,0,0,0,0,0,0,4,129500,11.771443882099636,1640,37,37,0,0,0,0,0,0,0,1,1,1.5,1,0,0,1,1,1,0,1,0,0,0,0,0,0,0,0,0,0,1,0,0,0,0,1,0,1,1,0,0,0,1,0,0,0,0,0,0,0,0,0,0,0,0,0,0,1,0,0,0,0,0,0,0,0,0,1,0,0,0,1,0,1,0,0,0,1,0,0,1,0,0,1,0,0,0,0,0,0,1,8.888066854754783,4.007333185232471
549,49.0,8235,3,4,3,5,7,0.0,3,4,3,3,1,2,180,3,645,0,825,3,825,0,0,825,1,0,1,0,2,1,3,7,0,0,2,2,3,3,3,140,50,0,0,0,0,0,3,0,6,125000,11.736077016252436,1840,53,13,1,0,0,1,0,1,1,1,1,1.0,0,0,0,1,1,0,0,0,1,0,0,1,0,0,0,0,0,0,0,0,0,0,0,0,1,1,1,0,0,0,1,0,0,0,0,0,0,0,0,0,0,1,0,0,0,0,0,0,0,0,0,1,0,0,0,0,0,0,0,1,0,1,0,0,0,1,0,0,1,0,0,1,0,0,0,0,1,0,0,9.01627006814768,3.912023005428146
550,75.0,9375,4,4,3,7,5,0.0,4,3,4,3,1,1,0,1,0,912,912,5,912,1182,0,2094,0,0,2,1,4,1,4,7,1,4,3,2,3,3,3,182,182,0,0,0,0,0,0,0,11,263000,12.479913113434042,3370,6,5,1,0,0,0,0,0,0,1,1,2.0,0,0,0,1,1,0,1,0,1,0,0,0,0,0,1,0,0,0,0,0,0,0,0,0,0,1,1,0,0,0,1,0,0,0,0,0,0,0,0,0,0,0,0,0,0,1,0,0,0,0,0,0,0,0,0,1,0,0,0,1,0,0,0,1,0,1,0,0,1,0,1,0,0,0,0,0,0,0,1,9.145908511816794,4.330733340286331
551,53.0,4043,4,4,3,6,6,0.0,3,3,4,3,1,5,559,1,0,510,1069,3,1069,0,0,1069,0,0,2,0,2,1,3,7,0,0,2,2,3,3,3,0,55,0,0,200,0,0,0,0,10,140000,11.849404844423074,2393,31,31,0,0,0,0,0,0,0,1,1,1.0,0,0,1,0,1,0,1,1,0,0,0,0,0,0,0,0,0,0,0,0,0,0,0,1,0,1,1,0,0,0,1,0,0,0,0,1,0,0,0,0,0,0,0,1,0,0,0,0,0,0,0,0,0,1,0,0,0,0,0,1,0,1,0,0,0,1,0,0,1,0,0,0,0,0,0,0,0,0,1,8.304989580140361,3.9889840465642745
552,50.0,6000,4,4,3,5,6,0.0,3,3,3,3,1,3,308,1,0,620,928,4,928,0,0,928,0,0,1,0,3,1,3,7,0,0,3,1,3,3,3,0,0,0,0,0,0,0,0,0,6,112500,11.630717389475995,1856,51,51,0,0,0,0,0,0,0,1,1,1.0,0,0,0,1,1,0,0,0,1,0,0,1,0,0,0,0,0,0,0,0,0,0,0,0,1,1,1,0,0,0,1,0,0,0,0,0,1,0,1,0,0,0,0,0,0,0,0,0,1,0,0,0,0,0,0,0,0,0,0,1,0,1,0,0,0,1,0,0,0,0,0,0,0,0,0,0,0,0,1,8.699681400989514,3.9318256327243257
553,87.0,11146,3,4,3,8,5,250.0,4,3,5,3,3,1,0,1,0,1709,1709,5,1717,0,0,1717,0,0,2,0,3,1,4,7,1,4,2,3,3,3,3,169,39,0,0,0,0,0,0,0,7,255500,12.45098160251256,3634,3,3,0,0,0,0,0,0,0,1,1,1.0,0,0,0,1,0,0,0,0,1,0,0,1,0,0,0,0,0,0,0,0,0,0,0,1,0,1,1,0,0,0,1,0,0,0,0,0,0,0,0,0,0,0,0,0,0,1,0,0,0,0,0,0,0,0,0,1,0,0,0,0,1,0,0,1,0,1,0,0,1,0,0,0,0,0,0,0,0,0,1,9.318925682389624,4.477336814478207
554,67.0,8777,4,4,3,4,5,0.0,3,3,0,0,0,0,0,0,0,0,0,5,1126,0,0,1126,0,0,2,0,2,1,4,7,0,0,3,2,3,3,1,0,96,0,0,0,0,0,3,0,5,108000,11.58989576532275,1222,60,6,1,0,0,0,0,1,0,1,1,1.0,0,0,0,1,1,1,1,0,0,0,0,1,0,0,0,0,0,0,0,0,0,0,0,1,0,1,1,0,0,0,1,0,0,0,0,0,0,0,0,0,0,0,0,0,0,1,0,0,0,0,0,0,0,0,0,1,0,0,0,1,0,1,0,0,0,1,0,0,1,0,0,1,0,0,0,0,0,0,1,9.080003870248179,4.219507705176107
555,85.0,10625,4,4,3,7,5,292.0,4,3,4,3,1,6,866,1,0,132,998,5,1006,1040,0,2046,1,0,2,1,3,1,4,7,1,4,2,3,3,3,3,320,62,0,0,0,0,0,0,0,8,284000,12.556733038263904,3426,5,4,1,0,0,0,0,0,0,1,1,2.0,0,0,0,1,0,0,0,0,1,0,0,0,0,0,1,0,0,0,0,0,0,0,0,1,0,1,1,0,0,0,1,0,0,0,0,0,0,0,0,0,0,0,0,0,0,1,0,0,0,0,0,0,0,0,0,1,0,0,1,0,0,0,0,1,0,1,0,0,1,0,1,0,0,0,0,0,0,0,1,9.271059107010888,4.454347296253507
556,58.0,6380,4,4,3,5,6,0.0,3,3,3,2,1,1,0,1,0,993,993,3,1048,0,0,1048,0,0,1,0,2,1,3,7,1,4,1,1,3,3,3,0,0,116,0,0,0,0,0,0,8,113000,11.635151947212842,2157,84,56,1,0,0,0,0,0,0,1,1,1.25,0,0,0,1,1,1,0,0,0,0,0,0,0,0,0,0,0,0,0,0,1,0,0,0,1,1,1,0,0,0,1,0,0,0,0,0,0,0,0,0,0,1,0,0,0,0,0,0,0,0,0,1,0,0,0,0,0,0,0,1,0,0,0,0,0,1,0,0,0,0,0,1,0,0,0,0,0,0,1,8.761080103868347,4.07753744390572
557,69.0,14850,3,4,3,5,5,0.0,3,3,3,3,1,3,895,1,0,197,1092,3,1092,0,0,1092,1,0,1,0,2,1,3,7,1,3,3,1,3,3,3,268,0,0,0,122,0,0,1,0,5,141000,11.856522261533735,2574,49,49,0,0,0,0,0,0,0,1,1,1.0,0,0,0,1,0,0,1,1,0,0,0,1,0,0,0,0,0,0,0,0,0,0,0,1,0,1,1,0,0,0,1,0,0,0,0,0,0,0,0,0,0,0,0,0,0,0,1,0,0,0,0,0,0,0,0,0,1,0,0,1,0,1,0,0,0,1,0,0,0,0,0,0,0,0,0,0,0,0,1,9.605822482030945,4.248495242049359
558,60.0,11040,4,4,2,4,6,0.0,3,3,3,3,1,3,637,1,0,0,637,4,897,439,0,1336,0,0,1,1,3,1,3,7,0,0,1,1,3,3,3,0,47,120,0,0,0,0,0,0,9,108000,11.58989576532275,2140,86,56,1,0,0,1,0,0,0,1,1,1.5,0,0,0,1,1,0,0,1,0,0,0,0,0,1,0,0,0,0,0,0,0,1,0,0,0,1,1,0,0,0,1,0,0,0,0,0,0,0,0,0,0,1,0,0,0,0,0,0,0,0,0,1,0,0,0,0,0,0,0,1,0,1,0,0,0,1,0,0,1,0,0,0,0,1,0,0,0,1,0,9.309370895439137,4.110873864173311
559,57.0,21872,2,4,3,7,5,0.0,3,3,4,3,4,6,604,1,0,125,729,5,729,717,0,1446,0,1,2,1,3,1,3,7,1,3,1,2,3,3,3,264,22,0,0,0,0,0,0,0,8,175000,12.07254696717504,2461,12,11,1,0,0,1,0,0,0,1,1,2.0,0,0,0,1,0,0,0,1,0,0,0,0,0,0,1,0,0,0,0,0,0,0,0,1,0,1,1,0,0,1,0,0,0,0,0,0,0,0,0,0,1,0,0,0,0,0,0,0,0,0,1,0,0,0,0,0,0,0,0,1,0,0,0,1,0,1,0,0,1,0,0,0,0,0,0,0,1,0,0,9.99300827847454,4.060443010546419
560,70.04995836802665,3196,4,4,3,7,5,18.0,4,3,4,3,4,1,0,1,0,1374,1374,5,1557,0,0,1557,0,0,2,0,2,1,4,7,1,3,3,2,3,3,3,143,20,0,0,0,0,0,0,0,10,234000,12.36308066783498,3094,3,2,1,0,0,0,0,0,0,1,1,1.0,0,0,0,1,0,0,0,0,0,0,0,0,0,0,0,0,0,0,0,0,0,0,0,1,0,1,1,0,0,0,1,0,0,0,0,1,0,0,0,0,0,0,0,0,0,1,0,0,0,0,0,0,0,0,0,1,0,0,1,0,0,0,0,1,0,1,0,0,1,0,0,0,0,0,0,0,0,0,1,8.069968149059841,4.2633832685897595
561,70.04995836802665,11341,3,4,3,5,6,180.0,3,3,4,3,1,5,1302,1,0,90,1392,3,1392,0,0,1392,1,0,1,1,3,1,3,4,1,4,1,2,3,3,3,0,0,0,0,95,0,0,0,0,5,121500,11.707677772181546,2879,53,14,1,0,0,0,0,0,0,1,1,1.0,0,0,0,1,1,1,0,0,1,0,0,1,0,0,0,0,0,0,0,0,0,0,0,1,0,1,1,0,0,0,1,0,0,0,0,0,1,0,0,0,0,0,0,0,0,0,1,0,0,0,0,0,0,0,0,0,1,0,1,0,0,1,0,0,0,1,0,0,1,0,0,1,0,0,0,0,0,0,1,9.336267928573973,4.2633832685897595
562,77.0,10010,4,4,2,5,5,0.0,3,3,4,3,3,5,1071,2,123,195,1389,4,1389,0,0,1389,1,0,1,0,2,1,3,7,1,3,2,2,3,3,3,240,38,0,0,0,0,0,0,0,4,170000,12.04355959836804,3056,32,31,1,0,0,0,0,0,0,1,1,1.0,0,0,0,1,1,1,0,1,0,0,0,1,0,0,0,0,0,0,0,0,0,0,0,1,0,1,1,0,0,0,1,0,0,0,0,0,0,0,0,0,1,0,0,0,0,0,0,0,0,0,1,0,0,0,0,0,0,0,0,1,0,1,0,0,0,1,0,0,1,0,0,0,0,0,0,0,0,0,1,9.211439767419483,4.356708826689592
563,63.0,13907,4,4,3,5,6,0.0,3,3,3,3,1,4,290,1,0,706,996,5,996,0,0,996,1,0,1,0,3,1,3,7,1,4,0,0,0,0,3,144,0,0,0,0,0,0,0,0,7,108000,11.58989576532275,2136,68,39,1,0,0,0,0,0,0,1,1,1.0,0,0,0,1,1,1,1,0,0,0,0,0,1,0,0,0,0,0,0,0,0,0,0,1,0,1,1,0,0,0,1,0,0,0,0,0,0,0,0,0,0,0,0,0,0,0,0,1,0,0,0,0,0,0,0,0,0,1,0,1,0,1,0,0,0,1,0,0,1,0,0,0,1,0,0,0,0,0,1,9.540219493127752,4.1588830833596715
564,66.0,21780,4,4,3,6,7,0.0,3,3,4,3,2,1,0,1,0,1163,1163,5,1163,511,0,1674,0,0,2,0,4,1,3,7,1,4,3,2,3,3,1,72,36,0,0,144,0,0,0,0,7,185000,12.128116509451258,3089,90,58,1,0,0,0,0,0,0,1,1,1.5,0,0,0,1,1,1,1,0,0,0,0,0,0,1,0,0,0,0,0,0,0,0,0,1,0,1,1,0,0,0,1,0,0,0,0,0,0,0,0,0,0,0,0,0,0,0,1,0,0,0,0,0,0,0,0,0,1,0,0,1,0,0,0,0,0,1,0,0,1,0,0,1,0,0,0,0,0,0,1,9.988793309115229,4.204692619390966
565,70.04995836802665,13346,3,4,3,7,5,0.0,4,3,4,3,1,6,728,1,0,367,1095,5,1166,1129,0,2295,1,0,2,1,4,1,4,7,1,3,2,2,3,3,3,0,40,0,0,0,0,0,0,0,7,268000,12.498745990829317,3430,14,6,1,0,0,0,0,0,0,1,1,2.0,0,0,0,1,1,1,1,1,0,0,0,0,0,0,1,0,0,0,0,0,0,0,0,1,0,1,1,0,1,0,0,0,0,0,0,0,0,0,0,0,1,0,0,0,0,0,0,0,0,0,1,0,0,0,0,0,0,0,0,1,0,0,0,1,0,1,0,0,1,0,0,0,0,0,0,0,0,0,1,9.499046919474152,4.2633832685897595
566,66.0,6858,4,4,3,6,4,0.0,3,3,4,3,1,1,0,1,0,806,806,3,841,806,0,1647,1,0,1,1,4,1,2,7,0,0,1,1,3,3,3,0,66,136,0,0,0,0,0,0,5,128000,11.759793355371237,2655,95,60,1,0,0,1,0,0,0,1,1,2.0,0,0,0,1,0,1,0,0,1,0,0,0,0,0,0,1,0,0,0,0,0,0,0,1,0,1,1,0,0,0,0,0,0,0,0,0,0,0,0,0,0,0,0,0,0,0,1,0,0,0,0,0,0,0,0,0,1,0,0,1,0,0,0,1,0,0,1,0,0,0,0,1,0,0,0,0,0,0,0,8.83331693749932,4.204692619390966
567,77.0,11198,3,4,3,9,5,245.0,4,3,4,4,1,1,0,1,0,1122,1122,5,1134,1370,0,2504,0,0,2,1,4,1,5,7,1,4,3,3,3,3,3,144,39,0,0,0,0,0,0,0,6,325000,12.691583538230216,3809,3,1,1,0,0,0,0,0,0,1,1,2.0,0,0,0,1,0,1,1,0,1,0,0,0,0,0,1,0,0,0,0,0,0,0,0,1,0,1,1,0,0,0,1,0,0,0,0,0,1,0,0,0,0,0,0,0,0,1,0,0,0,0,0,0,0,0,0,1,0,0,1,0,0,0,0,1,0,1,0,0,1,0,1,0,0,0,0,0,0,0,1,9.323579767582693,4.356708826689592
568,70.0,10171,3,4,3,7,5,168.0,4,3,4,3,1,6,2,1,0,1515,1517,5,1535,0,0,1535,0,0,2,0,3,1,4,7,0,0,2,2,3,3,3,0,0,0,0,0,0,0,0,0,3,214000,12.273735966890268,3052,6,6,0,0,0,0,0,0,0,1,1,1.0,0,0,0,1,0,0,0,0,1,0,0,1,0,0,0,0,0,0,0,0,0,0,0,1,0,1,1,0,0,0,1,0,0,0,0,0,0,0,0,0,0,0,0,0,0,1,0,0,0,0,0,0,0,0,0,1,0,0,1,0,0,0,0,1,0,1,0,0,1,0,0,0,0,0,0,0,0,0,1,9.227394126542011,4.2626798770413155
569,79.0,12327,3,4,2,8,8,0.0,4,3,4,3,4,6,1441,1,0,55,1496,5,1496,636,0,2132,1,0,1,1,1,1,4,5,1,4,3,2,4,3,3,349,40,0,0,0,0,0,0,0,9,316600,12.665397584983758,4017,26,0,1,0,0,1,0,0,0,1,1,1.5,0,0,0,1,0,0,1,0,1,0,0,0,0,1,0,0,0,0,0,0,0,0,0,1,0,1,1,0,0,0,1,0,0,0,0,0,0,0,0,0,0,0,0,0,0,0,1,0,0,0,0,0,0,0,0,0,1,0,0,1,0,1,0,0,0,1,0,0,1,0,1,0,0,0,0,0,0,1,0,9.419628376999952,4.382026634673881
570,70.04995836802665,7032,3,4,3,5,5,0.0,3,3,4,3,4,6,943,1,0,0,943,3,943,0,0,943,1,0,1,0,2,1,3,7,2,3,1,2,3,3,3,42,0,0,0,0,0,0,0,0,12,135960,11.820123358887448,1928,27,27,0,0,0,0,0,0,0,1,1,1.5,1,0,0,1,0,0,1,1,0,0,0,0,0,0,0,0,0,0,0,1,0,0,0,1,0,1,1,0,0,0,0,0,0,1,0,0,0,0,0,0,0,1,0,0,0,0,0,0,0,0,0,1,0,0,0,0,0,0,0,1,0,1,0,0,0,1,0,0,1,0,0,1,0,0,0,0,0,0,1,8.858368636308018,4.2633832685897595
571,74.0,13101,3,4,3,5,5,108.0,3,3,3,3,1,2,231,1,0,1497,1728,3,1728,0,0,1728,0,0,2,0,6,2,3,7,0,0,1,2,3,3,3,0,0,0,0,0,0,0,0,0,11,142600,11.867805799560465,3456,43,43,0,0,0,0,0,0,0,1,1,1.0,0,0,0,1,0,0,1,1,0,0,0,0,0,0,0,0,0,0,0,1,0,0,0,1,0,1,1,0,0,0,1,0,0,1,0,0,0,0,0,0,1,0,0,0,0,0,0,0,0,0,1,0,0,0,0,0,0,0,1,0,0,1,0,0,0,1,0,0,1,0,0,1,0,0,0,0,0,0,1,9.480520169291822,4.31748811353631
572,60.0,7332,4,4,3,6,6,207.0,3,3,3,3,1,4,414,1,0,450,864,5,864,0,0,864,1,0,1,0,2,1,4,7,0,0,1,1,3,3,3,168,0,0,0,0,0,0,0,0,10,120000,11.695255355062796,1896,47,47,0,0,0,0,0,0,0,1,1,1.0,0,0,1,0,0,0,1,1,0,0,0,1,0,0,0,0,0,0,0,0,0,0,0,1,0,1,1,0,0,0,1,0,0,0,0,0,0,0,0,0,0,0,0,0,0,0,0,1,0,0,0,0,0,0,0,0,0,1,1,0,0,1,0,0,0,1,0,0,1,0,0,0,0,0,0,0,0,0,1,8.9001399880938,4.110873864173311
573,83.0,13159,3,4,3,7,5,0.0,3,3,5,3,3,1,0,1,0,846,846,4,846,846,0,1692,0,0,2,1,3,1,4,7,0,0,2,2,3,3,3,208,114,0,0,0,0,0,0,0,7,224500,12.32163544049751,2860,0,0,0,0,0,1,0,0,0,1,1,2.0,0,1,0,0,1,1,1,0,1,0,0,0,0,0,1,0,0,0,0,0,0,0,0,1,0,1,1,0,0,0,0,0,0,0,0,0,0,0,0,0,0,0,0,0,0,1,0,0,0,0,0,0,0,0,0,1,0,0,0,1,0,0,0,1,0,1,0,0,1,0,0,0,0,0,0,0,1,0,0,9.484937204879309,4.430816798843313
574,76.0,9967,3,4,3,7,5,0.0,3,3,4,3,1,1,0,1,0,384,384,5,774,656,0,1430,0,0,2,1,3,1,3,7,1,3,2,2,3,3,3,100,0,0,0,0,0,0,0,0,12,170000,12.04355959836804,1914,7,7,0,0,0,0,0,0,0,1,1,1.5,1,0,0,1,0,0,0,1,0,0,0,0,0,0,0,0,0,1,0,0,0,0,0,1,0,1,1,0,0,0,1,0,0,0,0,0,0,0,0,0,0,0,0,0,0,1,0,0,0,0,0,0,0,0,0,1,0,0,0,1,0,0,0,1,0,1,0,0,1,0,1,0,0,0,0,0,0,0,1,9.207135241027235,4.343805421853684
575,70.0,10500,4,4,3,5,7,82.0,3,3,3,3,3,5,349,1,0,23,372,3,576,533,0,1109,0,1,1,0,3,1,3,7,0,0,1,1,3,3,3,35,0,0,0,0,0,0,2,0,12,139000,11.842236406331557,1516,36,2,1,0,0,0,0,0,0,1,1,1.5,1,0,0,1,0,0,1,1,0,0,0,0,0,0,0,0,0,1,0,0,0,0,0,1,0,1,1,0,0,1,0,0,0,0,0,0,0,1,0,0,0,1,0,0,0,0,0,0,0,0,0,0,1,0,0,0,0,0,1,0,0,1,0,0,0,1,0,0,1,0,1,0,0,0,0,0,0,0,1,9.259225769705994,4.2626798770413155
576,80.0,8480,4,4,3,5,5,0.0,3,3,3,3,1,3,442,1,0,390,832,3,832,384,0,1216,0,0,1,0,2,1,3,7,0,0,1,1,3,3,3,158,0,102,0,0,0,0,0,0,10,118500,11.682676678340282,2308,61,58,1,0,0,0,0,0,0,1,1,1.5,0,0,1,0,0,0,1,1,0,0,0,0,0,1,0,0,0,0,0,0,0,0,0,1,0,1,1,0,0,0,1,0,0,0,0,0,0,0,0,0,0,1,0,0,0,0,0,0,0,0,0,1,0,0,0,0,0,0,0,1,0,1,0,0,0,1,0,0,1,0,0,1,0,0,0,0,0,0,1,9.0455836463617,4.394449154672439
577,52.0,6292,4,4,3,7,7,0.0,3,3,3,3,1,1,0,1,0,861,861,4,877,600,0,1477,0,1,2,0,3,1,3,7,1,4,1,1,3,3,3,0,50,0,0,0,0,0,0,0,8,145000,11.884495917930655,2388,81,59,1,0,0,0,0,0,0,1,1,1.5,0,0,0,1,0,1,0,0,1,0,0,0,0,1,0,0,0,0,0,0,0,0,0,1,0,1,1,0,0,0,1,0,0,0,0,0,0,0,0,0,0,0,0,0,0,0,1,0,0,0,0,0,0,0,0,0,1,0,0,1,0,0,0,0,0,1,0,0,1,0,0,1,0,0,0,0,0,0,1,8.747193183526933,3.970291913552122
578,96.0,11777,3,4,3,5,6,97.0,3,3,3,3,3,2,328,5,551,285,1164,5,1320,0,0,1320,1,0,1,0,3,1,3,7,2,2,2,2,3,3,3,160,68,240,0,0,0,0,0,0,5,164500,12.010671928196444,2952,40,40,0,0,0,0,0,0,0,1,1,1.5,1,0,1,0,1,1,0,0,1,0,0,0,0,0,0,0,0,1,0,0,0,0,0,1,0,1,1,0,0,0,1,0,0,0,0,0,0,0,0,0,0,0,0,0,0,1,0,0,0,0,0,0,0,0,0,1,0,0,1,0,0,1,0,0,0,1,0,0,1,0,0,0,0,0,0,0,0,0,1,9.373988663504516,4.574710978503383
579,34.0,3604,4,4,3,7,5,0.0,4,3,4,3,1,1,0,1,0,689,689,5,703,689,0,1392,0,0,2,0,2,1,4,7,0,0,1,2,3,3,3,0,102,0,0,0,0,0,0,0,2,146000,11.891368749982083,2183,1,1,0,0,0,0,0,0,0,1,1,2.0,0,0,1,0,1,0,1,0,1,1,0,0,0,0,0,0,0,0,0,0,0,0,0,0,0,1,0,1,0,0,0,0,0,0,0,1,0,0,0,0,0,0,0,0,0,1,0,0,0,0,0,0,0,0,0,1,0,0,0,1,0,0,0,1,0,1,0,0,1,0,0,1,0,0,0,0,0,0,1,8.190077049719049,3.5553480614894135
580,81.0,12150,4,4,3,5,5,335.0,3,3,3,3,1,1,0,1,0,1050,1050,5,1050,745,0,1795,0,0,2,0,4,1,3,7,0,0,1,1,2,3,3,0,0,0,0,0,0,0,0,0,11,131500,11.78676973513378,2845,54,54,0,0,0,0,0,0,0,1,1,1.5,0,0,0,1,1,0,0,0,1,0,0,0,0,1,0,0,0,0,0,0,0,0,0,0,1,1,0,0,0,0,1,0,0,0,0,0,0,0,0,0,0,1,0,0,0,0,0,0,0,0,0,1,0,0,0,0,0,0,1,0,0,0,0,0,0,0,1,0,0,0,0,0,0,0,0,0,0,0,1,9.405166749908611,4.406719247264253
581,70.04995836802665,14585,3,4,3,6,6,85.0,3,3,3,3,1,4,594,3,219,331,1144,5,1429,0,0,1429,0,1,1,0,3,1,4,7,2,4,1,2,3,3,3,216,110,0,0,0,0,0,0,0,6,181900,12.111217862017217,2899,47,20,1,0,0,0,0,0,0,1,1,1.0,0,0,0,1,0,0,1,1,0,0,0,1,0,0,0,0,0,0,0,0,0,0,0,1,0,1,1,0,1,0,0,0,0,0,0,0,0,0,0,0,0,0,0,0,0,0,1,0,0,0,0,0,0,0,0,0,1,0,1,0,0,1,0,0,0,1,0,0,1,0,0,0,0,0,0,0,0,0,1,9.587817443544179,4.2633832685897595
582,98.0,12704,4,4,3,8,5,306.0,5,3,5,3,1,1,0,1,0,2042,2042,5,2042,0,0,2042,0,0,2,1,3,1,5,7,1,4,2,3,3,3,3,0,90,0,0,0,0,0,0,0,8,253293,12.442306148381938,4174,1,0,1,0,0,0,0,0,0,1,1,1.0,0,1,0,0,0,0,0,0,1,0,0,1,0,0,0,0,0,0,0,0,0,0,0,1,0,1,1,0,0,0,1,0,0,0,0,0,1,0,0,0,0,0,0,0,0,1,0,0,0,0,0,0,0,0,0,1,0,0,1,0,0,0,0,1,0,1,0,0,1,0,0,0,0,0,0,0,0,0,1,9.449750895754265,4.59511985013459
583,81.0,11841,4,4,3,6,5,104.0,3,4,4,3,3,6,816,1,0,0,816,3,816,0,0,816,1,0,1,0,3,1,3,7,0,0,0,0,0,0,3,0,32,0,0,0,0,0,0,0,5,118500,11.682676678340282,1664,17,17,0,0,0,0,0,0,0,1,1,1.5,1,0,0,1,1,1,1,0,0,0,0,0,0,0,0,0,0,0,0,1,0,0,0,1,0,0,1,0,0,0,1,0,0,1,0,0,0,0,0,0,1,0,0,0,0,0,0,0,0,0,1,0,0,0,0,0,0,0,1,0,0,1,0,0,0,1,0,0,1,0,0,0,1,0,0,0,0,0,1,9.37940781309172,4.406719247264253
584,75.0,13500,4,4,3,10,9,0.0,5,5,3,3,1,1,0,1,0,1237,1237,4,1521,1254,0,2775,0,0,3,1,3,1,4,7,1,4,1,2,4,3,3,105,502,0,0,0,0,0,0,0,7,325000,12.691583538230216,4619,115,8,1,0,0,0,1,1,0,1,1,2.25,0,0,0,1,1,0,0,0,1,0,0,0,0,0,0,0,1,0,0,0,0,0,0,0,1,1,1,0,0,0,1,0,0,0,0,0,0,0,0,0,0,0,0,0,0,0,1,0,0,0,0,0,0,0,0,0,1,0,0,1,0,0,0,0,0,1,0,0,1,0,0,1,0,0,0,0,0,0,1,9.510519035757246,4.330733340286331
585,51.0,6120,4,4,3,4,7,0.0,3,3,3,3,1,1,0,1,0,884,884,5,989,584,0,1573,0,0,1,0,3,1,4,7,0,0,1,1,3,3,3,0,0,54,0,120,0,0,0,0,7,133000,11.798111925972618,2631,74,14,1,0,0,0,0,0,0,1,1,1.5,0,0,0,1,1,1,0,0,0,0,0,0,0,1,0,0,0,0,0,0,0,0,0,0,1,1,1,0,0,0,1,0,0,0,0,0,0,0,0,0,0,0,0,0,0,0,0,0,0,0,0,0,0,0,0,0,0,0,0,1,0,0,0,0,0,1,0,0,1,0,0,1,0,0,0,0,0,0,1,8.71948076085107,3.9512437185814275
586,88.0,11443,4,4,3,8,5,208.0,4,3,5,3,4,6,1460,1,0,408,1868,5,2028,0,0,2028,1,0,2,0,2,1,4,7,2,4,2,3,3,3,3,326,66,0,0,0,0,0,0,0,3,369900,12.820990681250253,4288,1,0,1,0,0,0,0,0,0,1,1,1.0,0,1,0,0,1,1,1,0,1,0,0,1,0,0,0,0,0,0,0,0,0,0,0,1,0,1,1,0,0,0,1,0,0,0,0,0,1,0,0,0,0,0,0,0,0,1,0,0,0,0,0,0,0,0,0,1,0,0,1,0,0,0,0,1,0,1,0,0,1,0,0,0,0,0,0,0,0,0,1,9.345220854170002,4.48863636973214
587,55.0,10267,4,4,3,6,7,0.0,3,4,3,4,2,3,210,5,606,0,816,5,838,0,0,838,1,0,1,0,2,1,2,7,0,0,3,1,3,3,1,0,0,112,0,0,0,0,1,0,5,130000,11.775297421715829,1766,90,8,1,0,0,0,0,0,1,1,1,1.0,0,0,0,1,1,1,0,0,0,0,0,0,1,0,0,0,0,0,0,0,0,0,0,1,0,1,1,0,0,0,1,0,0,0,0,0,0,0,0,0,0,0,0,0,1,0,0,0,0,0,0,0,0,0,0,0,0,1,0,1,0,0,0,0,0,1,0,0,1,0,0,1,0,0,0,0,0,0,1,9.236787541991031,4.02535169073515
588,74.0,8740,3,4,3,5,6,0.0,3,3,3,3,3,5,672,1,0,168,840,3,860,0,0,860,1,0,1,0,2,1,3,7,0,0,1,2,3,3,3,0,0,0,0,0,0,0,0,0,7,137000,11.827743504053696,1700,27,27,0,0,0,0,0,0,0,1,1,1.5,1,0,0,1,1,1,0,0,1,0,0,0,0,0,0,0,0,0,1,0,0,0,0,1,0,1,1,0,0,0,1,0,0,0,0,0,1,0,0,0,1,0,0,0,0,0,0,0,0,0,1,0,0,0,0,0,0,0,0,1,0,1,0,0,0,1,0,0,1,0,0,1,0,0,0,0,0,0,1,9.075779878580487,4.31748811353631
589,65.0,25095,3,4,1,5,8,0.0,3,3,3,3,4,6,1324,1,0,113,1437,5,1473,0,0,1473,2,0,1,0,1,1,5,7,2,4,1,1,3,3,3,0,48,0,0,60,0,0,0,0,6,143000,11.870606902224589,3018,41,6,1,0,0,1,0,0,0,0,1,1.0,0,1,0,0,0,0,1,0,0,0,0,1,0,0,0,0,0,0,0,0,0,0,0,1,0,1,1,0,0,0,1,0,0,0,0,0,0,1,0,0,0,0,0,0,0,0,1,0,0,0,0,0,0,0,0,0,1,0,0,1,0,1,0,0,0,1,0,0,1,0,0,0,0,0,0,0,0,1,0,10.130463749870515,4.189654742026425
590,50.0,9100,4,4,3,5,6,0.0,3,3,3,3,1,1,0,1,0,742,742,3,779,0,156,935,0,0,1,0,2,1,3,7,0,0,1,1,3,3,2,0,0,0,0,0,0,0,0,600,8,79500,11.283524879179666,1677,78,48,1,0,1,0,0,1,1,1,1,1.0,0,0,0,1,1,1,0,0,0,0,0,0,0,0,0,0,0,0,0,0,1,0,0,0,1,1,1,0,0,0,1,0,0,0,0,0,0,0,0,0,0,0,0,0,0,1,0,0,0,0,0,0,0,0,0,1,0,0,0,1,0,0,0,0,0,1,0,0,0,0,0,1,0,0,0,1,0,0,1,9.116139576577355,3.9318256327243257
591,64.0,8320,4,4,3,7,5,0.0,4,3,4,3,1,6,490,1,0,280,770,5,770,812,0,1582,0,0,2,1,3,1,4,7,0,0,2,2,3,3,3,0,45,0,0,0,0,0,0,0,9,185900,12.132969552931216,2397,4,4,0,0,0,0,0,0,0,1,1,2.0,0,0,0,1,1,0,1,0,0,0,0,0,0,0,1,0,0,0,0,0,0,0,0,1,0,1,1,0,0,0,1,0,0,0,0,0,0,0,0,0,0,0,0,0,0,1,0,0,0,0,0,0,0,0,0,1,0,0,0,1,0,0,0,1,0,1,0,0,1,0,0,0,0,0,0,0,0,0,1,9.02653771890043,4.174387269895637
592,97.0,13478,3,4,3,10,5,420.0,5,3,5,3,4,6,1338,1,0,384,1722,5,1728,568,0,2296,1,0,2,1,3,1,5,7,1,4,2,3,3,3,3,382,274,0,0,0,0,0,0,0,6,451950,13.02132904585825,4674,1,1,0,0,0,0,0,0,0,1,1,2.0,0,0,0,1,0,0,0,0,1,0,0,0,0,0,1,0,0,0,0,0,0,0,0,1,0,1,1,0,0,0,0,0,0,0,0,0,0,0,0,1,0,0,0,0,0,0,0,0,0,1,0,0,0,0,0,0,0,0,0,0,1,0,0,1,0,1,0,0,1,0,1,0,0,0,0,0,0,0,1,9.508888197738269,4.584967478670572
593,60.0,6600,4,4,3,5,8,0.0,3,4,3,4,1,6,816,1,0,0,816,5,816,0,0,816,1,0,1,0,2,1,3,7,0,0,3,2,3,3,3,0,0,0,0,0,0,0,0,0,6,138000,11.8350162104899,1632,26,5,1,0,0,0,0,0,0,1,1,1.0,0,0,0,1,1,1,0,1,0,0,0,1,0,0,0,0,0,0,0,0,0,0,0,1,0,1,1,0,0,0,1,0,0,0,0,0,0,0,0,0,1,0,0,0,0,0,0,0,0,0,1,0,0,0,0,0,0,0,0,1,0,0,0,1,0,1,0,0,1,0,0,1,0,0,0,0,0,0,1,8.79497643168877,4.110873864173311
594,70.04995836802665,4435,4,4,3,6,5,170.0,4,3,4,3,3,6,685,1,0,163,848,5,848,0,0,848,1,0,1,0,1,1,4,7,0,0,3,2,3,3,3,140,0,0,0,0,0,0,0,0,5,140000,11.849404844423074,1836,6,6,0,0,0,0,0,0,0,1,1,1.0,0,0,0,1,1,0,1,0,0,0,0,0,0,0,0,0,0,0,0,0,0,0,0,0,1,1,1,0,0,0,1,0,0,0,0,1,0,0,0,0,0,0,0,0,0,1,0,0,0,0,0,0,0,0,0,1,0,0,1,0,0,0,0,1,0,1,0,0,1,0,0,0,0,0,0,0,0,0,1,8.397508348470257,4.2633832685897595
595,88.0,7990,3,4,3,5,6,0.0,3,3,4,3,1,1,0,1,0,924,924,3,924,0,0,924,0,0,1,0,3,1,3,7,0,0,1,1,3,3,3,0,0,0,0,0,0,0,3,0,4,110000,11.60824473564232,1848,33,33,0,0,0,0,0,0,0,1,1,1.0,0,0,0,1,1,0,1,0,0,0,0,1,0,0,0,0,0,0,0,0,0,0,0,1,0,1,1,0,0,0,1,0,0,0,0,0,1,0,0,0,1,0,0,0,0,0,0,0,0,0,1,0,0,0,0,0,0,0,0,1,0,1,0,0,0,1,0,0,1,0,0,1,0,0,0,0,0,0,1,8.986071187374463,4.48863636973214
596,69.0,11302,3,4,3,8,5,238.0,4,3,4,3,4,6,1422,1,0,392,1814,5,1826,0,0,1826,1,0,2,0,3,1,4,7,1,3,3,3,3,3,3,180,75,0,0,120,0,0,0,0,8,319000,12.672949516558306,4015,1,0,1,0,0,0,0,0,0,1,1,1.0,0,1,0,0,0,1,1,0,1,0,0,1,0,0,0,0,0,0,0,0,0,0,0,1,0,1,1,0,0,0,1,0,0,0,0,0,0,0,0,0,0,0,0,0,0,1,0,0,0,0,0,0,1,0,0,0,0,0,1,0,0,0,0,1,0,1,0,0,1,0,0,0,0,0,0,0,0,0,1,9.33282345619073,4.248495242049359
597,60.0,3600,4,4,3,6,7,0.0,3,3,3,3,1,1,0,1,0,684,684,5,684,684,0,1368,0,0,1,0,3,1,3,7,0,0,1,1,3,2,1,0,158,0,0,0,0,0,0,0,10,114504,11.648373769145277,2210,96,13,1,0,0,0,0,0,0,1,1,2.0,0,0,0,1,1,0,0,0,1,0,0,0,0,0,0,1,0,0,0,0,0,0,0,0,1,1,0,0,0,0,1,0,0,0,0,0,0,0,0,0,0,0,0,0,0,1,0,0,0,0,0,0,0,0,0,1,0,0,0,1,0,1,0,0,0,0,0,0,0,0,0,1,0,0,0,0,0,0,1,8.188966863648876,4.110873864173311
598,53.0,3922,4,4,3,7,5,72.0,4,3,5,3,3,1,0,1,0,1258,1258,5,1402,0,0,1402,0,2,0,2,2,1,4,7,1,4,3,3,3,3,3,120,16,0,0,0,0,0,0,0,2,194201,12.176654133447505,2796,1,0,1,0,0,0,0,0,0,1,1,1.0,0,1,0,0,0,0,0,0,0,0,0,0,0,0,0,0,0,0,0,0,0,0,0,1,0,1,1,0,0,0,1,0,0,0,0,1,0,0,0,0,0,0,0,0,0,1,0,0,0,0,0,0,0,0,0,1,0,0,1,0,0,0,0,1,0,1,0,0,1,0,0,0,0,0,0,0,0,0,1,8.274611946209552,3.9889840465642745
599,80.0,12984,4,4,3,5,6,459.0,3,3,4,3,2,5,1283,2,147,0,1430,5,1647,0,0,1647,1,0,2,0,3,1,4,7,1,3,3,2,3,3,3,0,0,0,0,0,0,0,0,0,3,217500,12.289958727201457,3077,29,29,0,0,0,1,0,0,0,1,1,1.0,0,0,0,1,0,1,1,0,0,0,0,1,0,0,0,0,0,0,0,0,0,0,0,1,0,1,1,0,0,0,1,0,0,0,0,0,0,0,0,0,0,0,0,1,0,0,0,0,0,0,0,0,0,1,0,0,0,0,1,0,0,1,0,0,0,1,0,0,1,0,0,0,0,0,0,0,0,0,0,9.471550124096849,4.394449154672439
600,24.0,1950,4,4,3,6,6,0.0,3,4,4,3,1,2,81,6,612,23,716,3,716,840,0,1556,1,0,2,1,3,1,3,7,1,3,3,2,3,3,3,161,0,0,0,0,0,0,4,0,7,151000,11.92504173829169,2433,28,28,0,0,0,0,0,0,0,1,1,2.0,0,0,0,1,1,0,0,0,0,1,0,0,0,0,0,0,0,0,0,0,0,0,0,0,1,1,1,0,0,0,1,0,0,0,1,0,0,0,0,0,0,1,0,0,0,0,0,0,0,0,0,1,0,0,0,0,0,0,0,1,0,1,0,0,0,1,0,0,1,0,0,0,0,0,0,0,0,0,1,7.576097340623111,3.2188758248682006
601,74.0,10927,4,4,3,8,5,280.0,4,3,4,3,3,6,546,1,0,512,1058,5,1058,846,0,1904,1,0,2,1,3,1,5,7,1,4,3,2,3,3,3,179,60,0,0,0,0,0,0,0,6,275000,12.524530013005734,3201,1,1,0,0,0,0,0,0,0,1,1,2.0,0,0,0,1,0,0,0,0,1,0,0,0,0,0,1,0,0,0,0,0,0,0,0,1,0,1,1,0,0,0,1,0,0,0,0,0,0,0,0,0,0,0,0,0,0,1,0,0,0,0,0,0,0,0,0,1,0,0,1,0,0,0,0,1,0,1,0,0,1,0,1,0,0,0,0,0,0,0,1,9.29908358181057,4.31748811353631
602,50.0,9000,4,4,3,6,6,0.0,3,4,3,3,1,1,0,1,0,780,780,3,780,595,0,1375,0,0,1,1,3,1,4,7,1,4,1,1,3,3,2,0,162,0,0,126,0,0,0,0,12,141000,11.856522261533735,2443,70,57,1,0,0,1,0,0,0,1,1,1.5,0,0,0,1,1,0,0,1,0,0,0,0,0,1,0,0,0,0,0,0,0,0,0,0,1,1,1,0,0,0,1,0,0,0,0,0,0,0,0,0,0,0,0,0,0,0,1,0,0,0,0,0,0,0,0,0,1,0,0,1,0,0,0,1,0,1,0,0,1,0,0,1,0,0,0,0,0,0,0,9.105090961257085,3.9318256327243257
603,80.0,10041,3,4,3,8,5,0.0,4,3,4,3,2,6,789,1,0,119,908,5,927,988,0,1915,1,0,2,1,3,1,4,7,1,3,3,2,3,3,3,120,150,0,0,0,0,0,0,0,2,220000,12.301387370778713,3093,14,14,0,0,0,0,0,0,0,1,1,2.0,0,0,1,0,0,0,1,0,1,0,0,0,0,0,1,0,0,0,0,0,0,0,0,1,0,1,1,0,0,0,1,0,0,0,0,0,0,0,0,0,1,0,0,0,0,0,0,0,0,0,1,0,0,0,0,0,0,0,0,1,0,0,0,1,0,1,0,0,1,0,0,0,0,0,0,0,0,0,1,9.21453157659465,4.394449154672439
604,30.0,3182,4,4,3,7,5,0.0,4,3,4,3,1,1,0,1,0,600,600,5,600,600,0,1200,0,0,2,1,2,1,4,7,0,0,2,2,3,3,3,0,172,0,0,0,0,0,0,0,6,151000,11.92504173829169,1972,6,5,1,0,0,0,0,0,0,1,1,2.0,0,0,0,1,1,0,1,0,1,1,0,0,0,0,0,0,0,0,0,0,0,0,0,0,0,1,0,1,0,0,1,0,0,0,0,1,0,0,0,0,0,1,0,0,0,0,0,0,0,0,0,1,0,0,0,0,0,0,0,1,0,0,0,1,0,1,0,0,1,0,0,1,0,0,0,0,0,0,1,8.065579427282092,3.4339872044851463
605,88.0,12803,3,4,3,7,5,99.0,4,3,4,3,2,6,922,1,0,572,1494,5,1494,0,0,1494,1,0,2,0,3,1,4,7,1,3,2,2,3,3,3,192,36,0,0,0,0,0,0,0,9,221000,12.30592250537653,3216,6,6,0,0,0,0,0,0,0,1,1,1.0,0,0,0,1,1,0,1,0,0,0,0,1,0,0,0,0,0,0,0,0,0,0,0,1,0,1,1,0,0,0,1,0,0,0,0,0,0,0,0,0,0,0,0,0,0,1,0,0,0,0,0,0,0,0,0,1,0,0,1,0,0,0,0,1,0,1,0,0,1,0,0,0,0,0,0,0,0,0,1,9.457512901089753,4.48863636973214
606,85.0,13600,4,4,3,7,6,176.0,3,3,3,3,1,4,454,1,0,314,768,3,1186,800,0,1986,0,0,2,1,3,1,3,7,3,2,1,2,3,3,3,0,42,0,0,189,0,0,0,0,10,205000,12.230770136157428,2985,44,19,1,0,0,0,0,0,0,1,1,2.0,0,0,0,1,0,0,1,1,0,0,0,0,0,0,1,0,0,0,0,0,0,0,0,1,0,1,1,0,0,0,1,0,0,0,0,0,0,0,0,0,1,0,0,0,0,0,0,0,0,0,1,0,0,0,0,0,0,0,1,0,0,1,0,0,0,1,0,0,1,0,0,0,0,0,0,0,0,0,1,9.517898598432753,4.454347296253507
607,82.0,12464,2,4,2,5,5,0.0,3,4,4,3,1,6,732,1,0,308,1040,4,1040,0,0,1040,1,0,1,0,3,1,4,7,0,0,1,2,3,3,3,168,0,0,0,0,0,0,4,0,11,152000,11.93164237875414,2248,13,13,0,0,0,1,0,0,0,1,1,1.0,0,0,0,1,1,0,1,0,0,0,0,1,0,0,0,0,0,0,0,0,0,0,0,1,0,1,1,0,0,0,0,0,0,0,0,0,0,0,0,0,0,0,0,0,0,1,0,0,0,0,0,0,0,0,0,1,0,0,0,1,0,0,0,1,0,1,0,0,1,0,0,1,0,0,0,0,0,1,0,9.430679995957659,4.418840607796598
608,78.0,7800,4,4,2,5,8,0.0,3,4,3,4,1,6,603,1,0,293,896,5,1112,896,0,2008,1,0,3,0,3,1,5,7,0,0,1,1,3,3,3,103,0,0,0,0,0,0,0,0,8,225000,12.323860125621126,3007,58,4,1,0,0,1,0,0,0,1,1,2.0,0,0,0,1,1,1,1,0,0,0,0,1,0,0,0,0,0,0,0,0,0,0,0,1,0,1,1,0,0,0,1,0,0,0,0,0,0,0,0,0,0,1,0,0,0,0,0,0,0,0,0,1,0,0,0,0,0,0,0,1,0,1,0,0,0,1,0,0,1,0,0,0,0,0,0,0,0,0,0,8.962007209588313,4.3694478524670215
609,78.0,12168,4,4,2,8,6,0.0,3,3,4,3,2,4,428,1,0,537,965,3,1940,1254,0,3194,0,0,2,1,4,1,3,7,2,4,1,2,3,3,3,0,0,0,0,0,0,0,0,0,9,359100,12.791358964949923,4159,73,9,1,0,0,1,0,0,0,1,1,2.0,0,0,1,0,0,1,1,0,0,0,0,0,0,0,0,1,0,0,0,0,0,0,0,1,0,1,1,0,0,0,1,0,0,0,0,0,0,0,1,0,0,0,0,0,0,0,0,0,0,0,0,0,0,0,0,0,1,0,0,1,0,0,0,1,0,1,0,0,1,1,0,0,0,0,0,0,1,0,0,9.4066470133368,4.3694478524670215
610,61.0,7943,4,4,3,4,5,192.0,3,2,3,3,2,3,903,1,0,126,1029,4,1029,0,0,1029,1,0,1,0,3,1,3,7,0,0,1,1,3,3,3,64,0,39,0,0,0,0,0,0,4,118500,11.682676678340282,2161,46,46,0,0,0,0,0,1,0,1,1,1.0,0,0,0,1,1,1,0,0,1,0,0,1,0,0,0,0,0,0,0,0,0,0,0,1,0,1,1,0,0,0,1,0,0,0,0,0,0,0,0,0,0,0,0,0,0,1,0,0,0,0,0,0,0,0,0,1,0,0,0,0,0,1,0,0,0,1,0,0,1,0,0,0,0,0,0,0,0,0,1,8.980172205725008,4.127134385045092
611,70.04995836802665,11050,4,4,3,9,5,204.0,4,3,5,3,2,6,904,1,0,536,1440,5,1476,677,0,2153,1,0,2,1,3,1,5,7,2,5,3,3,3,3,3,253,142,0,0,0,0,0,0,0,5,313000,12.653961664405363,3988,9,9,0,0,0,0,1,0,0,1,1,2.0,0,0,0,1,1,0,1,0,0,0,0,0,0,0,1,0,0,0,0,0,0,0,0,1,0,1,1,0,0,0,1,0,0,0,0,0,1,0,0,0,0,0,0,0,0,1,0,0,0,0,0,0,0,0,0,1,0,0,1,0,0,0,0,1,0,1,0,0,1,0,0,0,0,0,0,0,0,0,1,9.310276200588783,4.2633832685897595
612,70.04995836802665,10395,3,4,3,6,6,233.0,3,3,4,3,3,5,605,1,0,427,1032,3,1032,0,0,1032,0,1,2,0,3,1,3,7,1,3,1,2,3,3,3,0,0,0,0,0,0,0,3,500,7,148000,11.904974309480185,2064,29,29,0,0,1,0,0,0,0,1,1,1.5,1,0,0,1,0,1,1,1,0,0,0,0,0,0,0,0,0,1,0,0,0,0,0,1,0,1,1,0,0,1,0,0,0,0,0,0,0,0,0,0,1,0,0,0,0,0,0,0,0,0,1,0,0,0,0,0,0,0,1,0,0,1,0,0,0,1,0,0,1,0,0,0,0,0,0,1,0,0,1,9.249176395761381,4.2633832685897595
613,70.04995836802665,11885,4,4,3,8,5,108.0,4,3,4,3,3,6,990,1,0,309,1299,5,1299,573,0,1872,1,0,2,1,3,1,5,7,1,3,2,2,3,3,3,160,122,0,0,0,0,0,0,0,11,261500,12.47419338657158,3453,8,8,0,0,0,0,0,0,0,1,1,2.0,0,0,0,1,1,0,1,0,0,0,0,0,0,0,1,0,0,0,0,0,0,0,0,1,0,1,1,0,0,0,1,0,0,0,0,0,0,0,0,0,0,0,0,0,0,1,0,0,0,0,0,0,0,0,0,1,0,0,1,0,0,0,0,1,0,1,0,0,1,0,1,0,0,0,0,0,0,0,1,9.383116515926606,4.2633832685897595
614,70.0,8402,4,4,3,5,5,0.0,3,3,4,3,1,5,206,1,0,914,1120,5,1120,0,0,1120,0,0,1,0,3,1,3,7,0,0,0,0,0,0,3,0,30,0,0,0,0,0,0,0,12,147000,11.898194668458824,2270,0,0,0,0,0,0,0,1,0,1,1,1.0,0,1,0,0,1,1,0,1,0,0,0,1,0,0,0,0,0,0,0,0,0,0,0,1,0,1,1,0,0,0,1,0,0,0,0,0,0,0,0,0,0,0,0,0,0,1,0,0,0,0,0,0,0,0,0,1,0,0,0,1,0,0,0,1,0,1,0,0,1,0,0,0,1,0,0,0,0,0,1,9.036344063928219,4.2626798770413155
615,21.0,1491,4,4,3,4,6,0.0,3,3,4,3,3,2,150,6,480,0,630,5,630,0,0,630,1,0,1,0,1,1,3,7,0,0,0,0,0,0,3,96,24,0,0,0,0,0,0,0,5,75500,11.231901180182517,1380,38,38,0,0,0,0,0,0,0,1,1,1.5,1,0,0,1,0,1,0,1,0,0,0,0,0,0,0,0,0,0,0,0,1,0,0,0,1,1,1,0,0,0,1,0,0,0,0,1,0,0,0,1,0,0,0,0,0,0,0,0,0,1,0,0,0,0,0,0,0,0,0,1,0,1,0,0,0,1,0,0,1,0,0,0,1,0,0,0,0,0,1,7.307872780763706,3.091042453358316
616,80.0,8800,4,4,3,6,7,156.0,3,4,3,3,4,6,763,1,0,173,936,5,1054,0,0,1054,1,0,1,0,3,1,4,7,0,0,2,2,3,3,3,120,0,0,0,0,0,0,3,0,5,137500,11.83138646878959,2110,47,47,0,0,0,0,0,1,0,1,1,1.5,1,0,1,0,0,0,1,1,0,0,0,0,0,0,0,0,0,0,1,0,0,0,0,1,0,1,1,0,0,0,1,0,0,0,0,0,0,0,0,0,0,1,0,0,0,0,0,0,0,0,0,1,0,0,0,0,0,0,1,0,0,0,0,1,0,1,0,0,1,0,0,0,0,0,0,0,0,0,1,9.082620630373812,4.394449154672439
617,70.04995836802665,7861,3,4,3,6,5,0.0,4,3,4,3,1,6,457,1,0,326,783,5,807,702,0,1509,1,0,2,1,3,1,4,7,1,4,3,2,3,3,3,100,75,0,0,0,0,0,0,0,6,183200,12.118339189722551,2467,4,3,1,0,0,0,0,0,0,1,1,2.0,0,0,0,1,0,0,0,1,0,0,0,0,0,0,1,0,0,0,0,0,0,0,0,1,0,1,1,0,0,0,1,0,0,0,0,0,0,0,0,0,0,0,0,0,0,1,0,0,0,0,0,0,0,0,0,1,0,0,0,1,0,0,0,1,0,1,0,0,1,0,0,0,0,0,0,0,0,0,1,8.969796305981806,4.2633832685897595
618,59.0,7227,4,4,2,6,6,0.0,3,3,3,3,1,1,0,1,0,832,832,4,832,0,0,832,0,0,1,0,2,1,4,7,0,0,1,2,3,3,3,0,0,0,0,0,0,0,0,0,6,105500,11.56647571052632,1664,54,54,0,0,0,1,0,1,0,1,1,1.25,0,0,0,1,0,0,1,1,0,0,0,0,0,0,0,0,0,0,0,0,1,0,0,1,0,1,1,0,0,0,0,0,0,0,0,0,0,0,0,0,0,1,0,0,0,0,0,0,0,0,0,1,0,0,0,0,0,0,0,1,0,1,0,0,0,1,0,0,1,0,0,1,0,0,0,0,1,0,0,8.885717651712119,4.0943445622221
619,90.0,11694,4,4,3,9,5,452.0,5,3,5,3,3,6,48,1,0,1774,1822,5,1828,0,0,1828,0,0,2,0,3,1,4,7,1,4,1,3,3,3,3,0,108,0,0,260,0,0,0,0,7,314813,12.659737267217572,4018,0,0,0,0,0,0,0,0,0,1,1,1.0,0,1,0,0,0,0,0,0,1,0,0,1,0,0,0,0,0,0,0,0,0,0,0,1,0,1,1,0,0,0,1,0,0,0,0,0,1,0,0,1,0,0,0,0,0,0,0,0,0,1,0,0,0,0,0,0,0,0,1,0,0,0,0,1,0,1,0,0,1,0,0,0,0,0,0,0,0,0,1,9.36691667901828,4.51085950651685
620,85.0,12244,4,4,3,8,5,226.0,4,3,4,3,4,6,871,1,0,611,1482,5,1482,780,0,2262,1,0,2,1,4,1,4,7,2,4,3,3,3,3,3,168,0,0,0,0,0,0,0,0,8,305000,12.628070334272698,3912,5,5,0,0,0,0,0,0,0,1,1,2.0,0,0,0,1,1,1,1,0,1,0,0,0,0,0,1,0,0,0,0,0,0,0,0,1,0,1,1,0,0,0,1,0,0,0,0,0,1,0,0,0,0,0,0,0,0,1,0,0,0,0,0,0,0,0,0,1,0,0,0,0,1,0,0,1,0,1,0,0,1,0,0,0,0,0,0,0,0,0,1,9.412872969386267,4.454347296253507
621,45.0,8248,4,4,3,3,3,0.0,3,3,3,3,1,4,41,1,0,823,864,3,864,0,0,864,1,0,1,0,2,1,3,7,0,0,0,0,0,0,1,0,0,100,0,0,0,0,0,0,9,67000,11.112462823634855,1828,94,58,1,0,0,0,0,0,0,1,1,1.0,0,0,0,1,1,1,1,0,0,0,0,0,1,0,0,0,0,0,0,0,0,0,0,1,0,1,0,0,0,0,1,0,0,0,0,0,0,0,0,0,0,0,0,0,1,0,0,0,0,0,0,0,0,0,1,0,0,0,0,1,0,0,0,0,0,0,1,0,0,0,0,0,1,0,0,0,0,0,1,9.017847259860732,3.828641396489095
622,90.0,10800,4,4,3,6,7,0.0,3,3,3,3,1,5,956,3,182,384,1522,3,1548,1066,0,2614,0,0,2,1,4,1,3,7,1,3,2,2,3,3,3,38,243,0,0,0,0,0,0,0,6,240000,12.388398368982116,4417,34,11,1,0,0,0,0,0,0,1,1,2.0,0,0,0,1,0,1,1,1,0,0,0,0,0,0,1,0,0,0,0,0,0,0,0,1,0,1,1,0,0,0,1,0,0,0,0,0,0,0,0,0,1,0,0,0,0,0,0,0,0,0,1,0,0,0,0,0,0,0,0,1,0,1,0,0,0,1,0,0,1,0,0,0,0,0,0,0,0,0,1,9.287394001418473,4.51085950651685
623,71.0,7064,4,4,3,5,6,153.0,3,3,3,3,1,4,560,1,0,420,980,3,980,0,0,980,0,0,1,0,3,1,3,7,0,0,1,2,3,3,3,192,0,0,0,0,0,0,0,0,7,135000,11.81303746480054,2152,32,32,0,0,0,0,0,0,0,1,1,1.0,0,0,0,1,1,1,0,0,1,0,0,1,0,0,0,0,0,0,0,0,0,0,0,1,0,1,1,0,0,0,1,0,0,0,0,0,0,0,0,0,0,0,0,1,0,0,0,0,0,0,0,0,0,1,0,0,0,0,1,0,0,1,0,0,0,1,0,0,1,0,0,1,0,0,0,0,0,0,1,8.862908295118627,4.276666119016055
624,70.04995836802665,2117,4,4,3,6,5,513.0,4,3,4,3,1,6,420,1,0,336,756,5,756,756,0,1512,0,0,2,1,2,1,4,7,1,3,1,2,3,3,3,0,32,0,0,0,0,0,0,0,6,168500,12.034696963475044,2300,7,7,0,0,0,0,0,0,0,1,1,2.0,0,0,0,1,1,0,1,0,1,1,0,0,0,0,0,0,0,0,0,0,0,0,0,0,0,1,1,0,0,0,1,0,0,0,0,1,0,0,0,0,0,1,0,0,0,0,0,0,0,0,0,1,0,0,0,0,0,0,1,0,0,0,0,1,0,1,0,0,1,0,0,1,0,0,0,0,0,0,1,7.658227526161352,4.2633832685897595
625,80.0,10400,4,4,3,6,5,288.0,3,3,3,3,1,3,247,1,0,485,732,4,1012,778,0,1790,1,0,1,2,4,1,3,5,1,3,2,2,3,3,3,148,0,0,0,147,0,0,0,0,11,165150,12.014615485902029,2817,34,34,0,0,0,0,0,0,0,1,1,2.0,0,0,0,1,0,1,1,1,0,0,0,0,0,0,1,0,0,0,0,0,0,0,0,1,0,1,1,0,0,0,1,0,0,0,0,0,0,0,0,0,0,0,0,0,0,1,0,0,0,0,0,0,0,0,0,1,0,0,0,1,0,1,0,0,0,1,0,0,1,0,0,0,0,0,0,0,0,0,1,9.249657234353133,4.394449154672439
626,87.0,10000,3,4,3,6,6,261.0,3,3,3,3,1,1,0,1,0,1116,1116,3,1116,0,0,1116,0,0,1,1,3,1,3,7,0,0,1,2,3,3,3,0,0,0,0,385,0,0,0,0,2,160000,11.982935344196433,2617,48,48,0,0,0,0,0,0,0,1,1,1.0,0,0,0,1,0,0,1,1,0,0,0,1,0,0,0,0,0,0,0,0,0,0,0,1,0,1,1,0,0,0,0,0,0,0,0,0,1,0,0,0,0,0,0,0,0,0,1,0,0,0,0,0,0,0,0,0,1,0,1,0,0,1,0,0,0,1,0,0,1,0,0,0,0,0,0,0,0,0,1,9.210440366976517,4.477336814478207
627,70.04995836802665,12342,3,4,3,5,5,0.0,3,3,3,3,1,1,0,1,0,978,978,3,1422,0,0,1422,0,0,1,0,3,1,3,6,1,3,2,1,3,3,3,0,0,36,0,0,0,0,2,600,8,139900,11.848690308590855,2436,47,29,1,0,1,0,0,0,0,1,1,1.0,0,0,0,1,0,0,1,1,0,0,0,1,0,0,0,0,0,0,0,0,0,0,0,1,0,1,1,0,0,0,1,0,0,0,0,0,1,0,0,0,0,0,0,0,0,0,1,0,0,0,0,0,0,0,0,0,1,0,0,1,0,1,0,0,0,1,0,0,1,0,0,0,0,0,0,1,0,0,1,9.42084437974393,4.2633832685897595
628,80.0,9600,4,4,3,6,6,164.0,3,3,3,3,3,4,674,2,132,350,1156,5,1520,0,0,1520,1,0,1,0,3,1,3,7,2,4,2,1,3,3,3,0,0,189,0,0,0,0,0,0,3,153000,11.938199736300923,2865,55,38,1,0,0,0,0,0,0,1,1,1.5,1,0,0,1,0,0,1,1,0,0,0,0,0,0,0,0,0,1,0,0,0,0,0,1,0,1,1,0,0,0,1,0,0,0,0,0,0,0,0,0,0,0,0,0,0,0,0,0,0,0,0,0,0,0,0,0,0,0,1,0,0,1,0,0,0,1,0,0,1,1,0,0,0,0,0,0,0,0,1,9.169622538697624,4.394449154672439
629,70.0,11606,3,4,1,5,5,192.0,3,3,4,3,3,3,650,1,0,390,1040,3,1040,1040,0,2080,0,1,1,2,5,1,2,7,2,3,1,2,3,3,3,335,0,0,0,0,0,0,0,0,9,135000,11.81303746480054,3455,38,38,0,0,0,1,0,0,0,1,1,2.0,0,0,0,0,0,0,1,1,0,0,0,0,0,0,1,0,0,0,0,0,0,0,0,1,0,1,1,0,0,0,1,0,0,0,0,0,0,0,0,0,0,0,0,1,0,0,0,0,0,0,0,0,0,1,0,0,0,0,1,0,0,0,0,1,0,1,0,0,1,0,0,0,0,0,0,0,1,0,0,9.359363643368622,4.2626798770413155
630,82.0,9020,4,4,3,6,5,259.0,3,3,3,3,4,6,624,3,336,288,1248,3,1350,0,0,1350,1,0,1,1,3,1,3,7,0,0,2,2,3,3,3,176,0,0,0,0,0,0,4,0,6,168500,12.034696963475044,2774,44,44,0,0,0,0,0,1,0,0,1,1.5,1,0,0,1,0,0,1,1,0,0,0,0,0,0,0,0,0,1,0,0,0,0,0,1,0,1,1,0,0,0,0,0,0,0,0,0,0,0,0,0,0,0,0,1,0,0,0,0,0,0,0,0,0,0,0,0,1,0,1,0,0,1,0,0,0,1,0,0,1,0,0,0,0,0,0,0,0,0,1,9.107310471656639,4.418840607796598
631,50.0,9000,4,4,3,5,6,0.0,3,3,2,2,1,1,0,1,0,636,636,3,1089,661,0,1750,0,0,1,0,3,1,5,7,0,0,1,1,2,1,1,0,0,293,0,0,0,0,3,0,6,124000,11.728044909070784,2679,126,15,1,0,0,0,0,1,0,1,1,2.0,0,0,1,0,1,0,0,0,1,0,0,0,0,0,0,1,0,0,0,0,0,0,0,0,1,1,0,0,0,0,0,0,0,0,0,0,0,0,0,0,0,0,0,0,0,1,0,0,0,0,0,0,0,0,0,1,0,0,0,1,0,0,0,0,0,1,0,0,0,0,0,1,0,0,0,0,0,0,1,9.105090961257085,3.9318256327243257
632,34.0,4590,4,4,3,8,5,108.0,4,3,4,4,2,6,24,1,0,1530,1554,5,1554,0,0,1554,0,0,2,0,2,1,4,7,1,4,2,2,3,3,3,156,73,0,0,0,0,0,0,0,8,209500,12.252483791602629,3337,1,1,0,0,0,0,0,0,0,1,1,1.0,0,0,0,1,0,0,0,0,1,0,0,0,0,0,0,0,0,0,0,0,0,0,0,1,0,1,1,0,0,0,1,0,0,0,1,0,0,0,0,0,0,0,0,0,0,1,0,0,0,0,0,0,0,0,0,1,0,0,0,0,1,0,0,1,0,1,0,0,1,0,0,0,0,0,0,0,0,0,1,8.431853144249223,3.5553480614894135
633,85.0,11900,4,4,3,7,5,209.0,3,4,3,3,1,5,822,1,0,564,1386,3,1411,0,0,1411,0,0,2,0,3,1,3,7,1,3,3,2,3,3,3,192,0,0,0,0,0,0,0,0,4,82500,11.320565693461432,2989,32,32,0,0,0,0,0,0,0,1,1,1.0,0,0,0,0,0,1,1,1,0,0,0,1,0,0,0,0,0,0,0,0,0,0,0,1,0,1,1,0,0,0,1,0,0,0,0,0,1,0,0,0,0,0,0,1,0,0,0,0,0,0,0,0,0,1,0,0,0,0,1,0,0,1,0,0,0,1,0,0,1,0,0,0,0,0,0,0,0,0,1,9.38437770918244,4.454347296253507
634,80.0,9250,4,4,3,5,7,0.0,3,3,3,3,1,4,480,2,468,108,1056,3,1056,0,0,1056,0,1,1,0,3,1,3,7,0,0,1,1,3,3,3,390,0,0,0,0,0,0,0,0,7,139400,11.84510995088398,2502,53,2,1,0,0,0,0,0,0,1,1,1.0,0,0,0,1,0,0,1,1,0,0,0,1,0,0,0,0,0,0,0,0,0,0,0,1,0,1,1,0,0,0,0,0,0,0,0,0,0,0,0,0,0,0,0,0,0,0,1,0,0,0,0,0,0,0,0,0,1,0,0,1,0,1,0,0,0,1,0,0,1,0,0,0,0,0,0,0,0,0,1,9.132486932771318,4.394449154672439
635,64.0,6979,4,4,3,6,5,0.0,3,3,3,3,1,6,1056,1,0,0,1056,4,1056,0,0,1056,2,0,0,0,0,2,3,7,0,0,1,2,3,3,3,264,56,0,0,0,0,0,4,600,6,144000,11.87757552297847,2432,30,30,0,0,1,0,0,0,0,1,1,1.5,1,0,0,1,1,0,0,0,1,0,0,0,0,0,0,0,0,0,0,1,0,0,0,1,0,1,1,0,0,0,1,0,0,1,0,0,0,0,0,0,0,0,0,1,0,0,0,0,0,0,0,0,0,1,0,0,0,0,0,1,0,1,0,0,0,1,0,0,1,0,0,1,0,0,0,1,0,0,1,8.850804195756417,4.174387269895637
636,60.0,10896,4,4,3,6,7,0.0,2,3,3,2,1,2,256,1,0,1184,1440,5,1440,1440,515,3395,0,0,2,0,8,2,2,7,0,0,0,0,0,0,1,0,110,0,0,0,0,0,0,0,3,200000,12.206077645517674,4945,93,12,1,0,0,1,0,1,0,1,1,2.5,0,0,1,0,0,1,0,0,1,0,1,0,0,0,0,0,0,0,0,0,0,0,1,0,0,1,0,1,0,0,1,0,1,0,0,0,1,0,0,0,0,0,0,0,0,1,0,0,0,0,0,0,0,0,0,1,0,0,0,1,0,1,0,0,0,1,0,0,0,0,0,0,1,0,0,0,0,0,0,9.296242800976886,4.110873864173311
637,51.0,6120,4,4,3,2,3,0.0,2,2,3,2,1,1,0,1,0,264,264,2,800,0,0,800,0,0,1,0,1,1,2,3,1,1,0,0,0,0,1,0,0,0,0,0,0,0,0,0,1,60000,11.002116507732016,1064,73,59,1,0,0,0,0,0,0,1,0,1.0,0,0,0,1,1,1,0,0,0,0,0,0,1,0,0,0,0,0,0,0,0,0,0,0,1,1,1,0,0,0,1,0,0,0,0,0,0,0,0,0,0,0,0,0,0,0,0,0,0,0,0,0,0,0,0,0,0,0,0,1,0,0,0,0,0,0,0,0,0,0,0,0,1,0,0,0,0,0,1,8.71948076085107,3.9512437185814275
638,50.0,6000,4,4,3,5,4,0.0,3,3,3,3,1,1,0,1,0,811,811,3,811,576,0,1387,0,0,2,0,3,2,4,7,0,0,1,1,3,3,3,0,0,0,0,0,0,0,0,0,11,93000,11.440365524765756,2198,55,55,0,0,0,0,0,0,0,1,1,1.5,0,0,0,1,1,0,0,0,1,0,1,0,0,0,0,0,0,0,0,0,0,0,0,0,1,1,1,0,0,0,1,0,1,0,0,0,0,0,0,0,0,0,0,0,0,0,1,0,0,0,0,0,0,0,0,0,1,0,0,1,0,1,0,0,0,1,0,0,0,0,1,0,0,0,0,0,0,0,1,8.699681400989514,3.9318256327243257
639,67.0,8777,4,4,3,5,7,0.0,3,3,2,3,1,1,0,1,0,796,796,4,796,0,0,796,0,0,1,0,2,1,3,7,0,0,0,0,0,0,2,328,0,164,0,0,0,0,3,0,5,85000,11.350418300109132,2084,98,58,1,0,0,0,0,1,0,1,1,1.0,0,0,0,1,1,1,1,0,0,0,0,0,1,0,0,0,0,0,0,0,0,0,0,1,0,1,1,0,0,0,1,0,0,0,0,0,0,0,0,0,0,1,0,0,0,0,0,0,0,0,0,0,0,0,0,0,1,0,0,1,0,1,0,0,0,1,0,0,0,0,0,0,1,0,0,0,0,0,1,9.080003870248179,4.219507705176107
640,53.0,3982,4,4,3,8,5,0.0,4,3,4,4,3,6,1154,1,0,366,1520,5,1567,0,0,1567,1,0,2,0,1,1,5,7,1,4,3,3,3,3,3,312,0,0,0,0,0,0,0,0,10,264561,12.485830907348902,3399,0,0,0,0,0,0,0,0,0,1,1,1.0,0,1,0,0,0,0,0,0,0,0,0,0,0,0,0,0,0,0,0,0,0,0,0,1,0,1,1,0,0,0,1,0,0,0,0,1,1,0,0,0,0,0,0,0,0,1,0,0,0,0,0,0,0,0,0,1,0,0,0,1,0,0,0,1,0,1,0,0,1,0,0,0,0,0,0,0,0,0,1,8.289790583181643,3.9889840465642745
641,62.0,12677,3,4,3,8,5,472.0,5,3,5,3,4,6,1218,1,0,300,1518,5,1518,0,0,1518,0,0,1,1,1,1,5,7,1,4,2,2,3,3,3,185,140,0,0,0,0,0,0,0,4,274000,12.520887034998584,3361,5,4,1,0,0,0,0,0,0,1,1,1.0,0,0,0,1,0,0,0,0,1,0,0,0,0,0,0,0,0,0,0,0,0,0,0,1,0,1,1,0,0,0,1,0,0,0,0,1,1,0,0,0,0,1,0,0,0,0,0,0,0,0,0,1,0,0,0,0,0,0,1,0,0,0,0,1,0,1,0,0,1,0,0,0,0,0,0,0,0,0,1,9.447623486844112,4.143134726391533
642,70.04995836802665,7050,4,4,3,7,5,0.0,4,3,4,3,1,6,738,1,0,319,1057,5,1057,872,0,1929,1,0,2,1,3,1,4,7,1,3,3,2,3,3,3,0,235,0,0,0,0,0,0,0,5,226000,12.328294703023394,3221,6,6,0,0,0,0,0,0,0,1,1,2.0,0,0,0,1,1,0,1,0,1,0,0,0,0,0,1,0,0,0,0,0,0,0,0,0,0,1,1,0,0,0,1,0,0,0,0,0,0,0,0,0,0,0,0,0,0,1,0,0,0,0,0,0,0,0,0,1,0,0,0,1,0,0,0,1,0,1,0,0,1,0,0,0,0,0,0,0,0,0,1,8.860924729719041,4.2633832685897595
643,75.0,13860,4,4,3,8,7,0.0,4,3,4,3,4,6,1410,1,0,542,1952,4,2000,704,0,2704,1,0,2,1,4,1,5,7,3,3,3,2,3,3,3,269,111,0,0,0,0,0,3,0,7,345000,12.75130259456002,5036,37,14,1,0,0,0,0,0,0,1,1,1.5,1,0,0,1,0,0,1,1,0,0,0,0,0,0,0,0,0,1,0,0,0,0,0,1,0,1,1,0,0,0,1,0,0,0,0,0,0,0,0,0,0,0,0,1,0,0,0,0,0,0,0,0,0,0,0,0,1,0,0,1,0,1,0,0,0,1,0,0,1,0,0,0,0,0,0,0,0,0,1,9.536834420213353,4.330733340286331
644,80.0,10793,4,4,3,5,5,263.0,3,3,3,3,1,3,493,4,287,0,780,5,780,840,0,1620,0,0,2,1,4,1,3,6,0,0,3,2,3,3,3,208,0,0,0,0,0,0,2,0,4,152000,11.93164237875414,2608,38,38,0,0,0,0,0,0,1,1,1,2.0,0,0,0,1,0,1,1,1,0,0,0,0,0,0,1,0,0,0,0,0,0,0,0,1,0,1,1,0,0,0,1,0,0,0,0,0,0,1,0,0,0,0,0,0,0,0,0,1,0,0,1,0,0,0,0,0,0,0,1,0,0,1,0,0,0,1,0,0,1,0,0,0,0,0,0,0,0,0,1,9.286745703178589,4.394449154672439
645,85.0,9187,4,4,3,9,5,162.0,5,3,5,3,2,6,1121,1,0,645,1766,5,1766,0,0,1766,1,0,2,1,2,1,5,7,1,4,3,3,3,3,3,195,130,0,0,0,0,0,0,0,10,370878,12.823631142839984,3857,0,0,0,0,0,0,0,0,0,1,1,1.0,0,1,0,0,1,0,1,0,1,0,0,1,0,0,0,0,0,0,0,0,0,0,0,0,0,1,1,0,0,0,1,0,0,0,0,0,0,0,0,1,0,0,0,0,0,0,0,0,0,1,0,0,0,0,0,0,0,0,0,0,1,0,0,1,0,1,0,0,1,0,0,0,0,0,0,0,0,0,1,9.125653563808989,4.454347296253507
646,70.04995836802665,10530,3,4,3,6,5,0.0,3,3,3,3,1,5,282,2,35,664,981,3,981,0,0,981,1,0,1,1,3,1,3,7,0,0,1,2,3,3,3,0,312,40,0,0,0,0,0,0,3,143250,11.872353615355411,2314,36,36,0,0,0,0,0,0,0,1,1,1.0,0,0,0,1,0,0,1,1,0,0,0,1,0,0,0,0,0,0,0,0,0,0,0,1,0,1,1,0,0,0,0,0,0,0,0,0,1,0,0,0,0,0,0,1,0,0,0,0,0,0,0,0,0,1,0,0,0,0,0,1,0,1,0,0,0,1,0,0,1,0,0,1,0,0,0,0,0,0,1,9.262078567380597,4.2633832685897595
647,60.0,7200,4,4,3,5,5,0.0,3,3,0,0,0,0,0,0,0,0,0,4,1048,0,0,1048,0,0,1,0,3,1,3,6,0,0,1,2,3,3,3,0,27,0,0,0,0,0,0,0,7,98300,11.495789479023491,1075,58,58,0,0,0,0,0,0,0,1,1,1.0,0,0,0,1,0,0,1,1,0,0,0,1,0,0,0,0,0,0,0,0,0,0,0,1,0,1,1,0,0,0,1,0,0,0,0,0,1,0,0,0,0,1,0,0,0,0,0,0,0,0,0,1,0,0,0,0,0,0,0,1,0,1,0,0,0,1,0,0,1,0,0,1,0,0,0,0,0,0,1,8.881975184248867,4.110873864173311
648,85.0,10452,3,4,3,6,5,216.0,3,3,3,3,2,3,500,1,0,594,1094,5,1094,0,0,1094,0,0,1,0,3,1,3,7,2,4,2,2,3,3,3,0,0,0,0,287,0,0,0,0,6,155000,11.951186847493476,2475,55,55,0,0,0,0,0,0,0,1,1,1.0,0,0,0,1,1,1,1,0,0,0,0,1,0,0,0,0,0,0,0,0,0,0,0,1,0,1,1,0,0,0,1,0,0,0,0,0,1,0,0,0,0,0,0,0,0,0,1,0,0,0,0,0,0,0,0,0,1,0,0,0,1,1,0,0,0,1,0,0,1,0,0,0,0,0,0,0,0,0,1,9.254644297532707,4.454347296253507
649,70.0,7700,4,4,3,6,5,351.0,3,3,3,3,1,1,0,1,0,756,756,3,1051,788,0,1839,0,0,1,1,4,1,3,7,1,3,1,2,3,3,3,0,124,216,0,0,0,0,0,0,6,155000,11.951186847493476,2935,44,44,0,0,0,0,1,0,0,1,1,2.0,0,0,0,1,0,0,1,1,0,0,0,0,0,0,1,0,0,0,0,0,0,0,0,1,0,1,1,0,0,0,1,0,0,0,0,0,0,0,0,0,0,1,0,0,0,0,0,0,0,0,0,1,0,0,0,0,0,0,1,0,0,1,0,0,0,1,0,0,1,0,0,0,0,0,0,0,0,0,1,8.94910546953925,4.2626798770413155
650,21.0,1936,4,4,3,4,6,0.0,3,3,4,3,3,4,131,6,499,0,630,4,630,0,0,630,1,0,1,0,1,1,3,7,0,0,0,0,0,0,3,0,0,0,0,0,0,0,3,0,12,84500,11.344518647594766,1260,37,37,0,0,0,0,0,0,0,1,1,1.5,1,0,0,1,0,1,0,1,0,0,0,0,0,0,0,0,0,0,0,0,1,0,0,0,1,1,1,0,0,0,1,0,0,0,1,0,0,0,0,1,0,0,0,0,0,0,0,0,0,1,0,0,0,0,0,0,0,0,0,1,0,1,0,0,0,1,0,0,1,0,0,0,1,0,0,0,0,0,1,7.5688956634069955,3.091042453358316
651,65.0,8125,4,4,3,7,6,,4,3,4,3,1,1,0,1,0,813,813,5,822,843,0,1665,0,0,2,1,3,1,4,7,0,0,2,2,3,3,3,0,0,0,0,0,0,0,0,0,5,205950,12.235393555399902,2478,1,1,0,0,0,0,0,0,0,1,1,2.0,0,0,0,1,1,0,1,0,1,0,0,0,0,0,1,0,0,0,0,0,0,0,0,0,0,1,1,0,0,0,1,0,0,0,0,0,0,0,0,1,0,0,0,0,0,0,0,0,0,1,0,0,0,0,0,0,0,0,0,1,0,0,0,1,0,1,0,0,1,0,0,0,0,0,0,0,0,0,1,9.002824076547672,4.189654742026425
652,60.0,9084,4,4,3,4,5,0.0,3,3,3,3,2,1,0,1,0,755,755,3,755,755,0,1510,1,0,1,0,4,1,3,7,1,4,1,1,2,1,2,120,0,0,0,0,0,0,3,0,10,108000,11.58989576532275,2385,69,59,1,0,0,0,0,1,0,1,1,2.0,0,0,0,1,1,1,1,0,0,0,0,0,0,0,0,1,0,0,0,0,0,0,0,1,0,1,1,0,0,0,1,0,0,0,0,0,0,0,0,0,0,1,0,0,0,0,0,0,0,0,0,1,0,0,0,0,0,0,0,1,0,1,0,0,0,1,0,0,1,0,0,1,0,0,0,0,0,0,1,9.114379980830272,4.110873864173311
653,70.0,8750,4,4,3,7,5,0.0,4,3,4,3,1,1,0,1,0,880,880,5,909,807,0,1716,0,0,2,1,2,1,4,7,1,3,2,2,3,3,3,0,120,0,0,0,0,0,0,0,7,191000,12.160033942617156,2716,13,13,0,0,0,0,0,0,0,1,1,2.0,0,0,0,1,1,0,1,0,0,0,0,0,0,0,1,0,0,0,0,0,0,0,0,1,0,1,1,0,0,0,1,0,0,0,0,0,0,0,0,0,0,0,0,0,0,1,0,0,0,0,0,0,0,0,0,1,0,0,0,1,0,0,0,1,0,1,0,0,1,0,0,0,0,0,0,0,0,0,1,9.076923258535832,4.2626798770413155
654,60.0,10320,4,4,3,6,7,0.0,3,3,3,3,1,1,0,1,0,756,756,5,756,713,0,1469,0,0,1,0,3,1,3,7,0,0,1,1,3,3,3,57,0,239,0,0,0,0,3,0,6,135000,11.81303746480054,2521,102,13,1,0,0,0,0,0,0,1,1,1.5,0,0,0,1,1,0,0,1,0,0,0,0,0,1,0,0,0,0,0,0,0,0,0,0,1,1,0,0,0,0,1,0,0,0,0,0,0,0,0,0,0,1,0,0,0,0,0,0,0,0,0,1,0,0,0,0,0,0,0,1,0,1,0,0,0,1,0,0,1,0,0,1,0,0,0,0,0,0,1,9.241935933565934,4.110873864173311
655,91.0,10437,3,4,3,8,6,660.0,4,4,4,3,4,6,1696,1,0,413,2052,5,2113,0,0,2113,1,0,2,1,2,1,4,7,1,3,3,3,3,3,3,236,46,0,0,0,0,0,0,0,8,350000,12.765691290604371,4447,13,13,0,0,0,0,0,0,0,1,1,1.0,0,0,0,1,1,1,1,1,0,0,0,1,0,0,0,0,0,0,0,0,0,0,0,1,0,1,1,0,0,0,1,0,0,0,0,0,1,0,0,0,0,1,0,0,0,0,0,0,0,0,0,1,0,0,0,0,0,0,1,0,0,0,0,1,0,1,0,0,1,0,0,0,0,0,0,0,0,0,1,9.25320827220336,4.5217885770490405
656,21.0,1680,4,4,3,6,5,381.0,3,3,3,3,1,1,0,1,0,525,525,3,525,567,0,1092,0,0,1,1,3,1,3,7,0,0,1,1,3,3,3,0,0,0,0,0,0,0,0,0,3,88000,11.38510345703214,1617,39,39,0,0,0,0,0,0,0,1,1,2.0,0,0,0,0,0,1,0,0,0,1,0,0,0,0,0,0,0,0,0,0,0,0,0,0,1,1,1,0,0,0,1,0,0,0,1,0,0,0,0,0,1,0,0,0,0,0,0,0,0,0,0,0,1,0,0,0,0,0,1,0,0,1,0,0,0,1,0,0,1,0,0,1,0,0,0,0,0,0,1,7.427144133408616,3.091042453358316
657,72.0,10007,3,4,3,5,7,54.0,4,3,3,3,1,5,806,1,0,247,1053,5,1053,0,0,1053,1,0,1,1,3,1,4,7,0,0,2,1,3,3,3,0,0,0,0,0,0,0,3,0,8,145500,11.8879382384223,2106,49,2,1,0,0,0,0,0,0,1,1,1.0,0,0,0,1,0,0,1,1,0,0,0,1,0,0,0,0,0,0,0,0,0,0,0,1,0,1,1,0,0,0,1,0,0,0,0,0,0,0,0,0,1,0,0,0,0,0,0,0,0,0,1,0,0,0,0,0,0,0,1,0,0,1,0,0,0,1,0,0,1,0,0,0,0,0,0,0,0,0,1,9.211140052146748,4.290459441148391
658,60.0,7200,4,4,2,7,6,0.0,3,2,4,3,1,1,0,1,0,776,776,3,851,651,0,1502,0,0,1,1,3,1,3,7,1,4,2,1,3,3,2,0,0,112,0,0,0,0,3,0,2,149000,11.91170829631447,2390,77,8,1,0,0,1,0,0,0,1,1,2.0,0,0,0,1,0,1,1,0,0,0,0,0,0,0,0,1,0,0,0,0,0,0,0,1,0,1,1,0,0,0,1,0,0,0,0,0,0,0,0,0,0,0,0,0,1,0,0,0,0,0,0,0,0,0,0,0,0,1,0,1,0,0,0,0,0,1,0,0,1,0,0,0,0,0,0,0,1,0,0,8.881975184248867,4.110873864173311
659,78.0,17503,4,4,3,6,5,0.0,3,3,3,3,1,1,0,1,0,912,912,3,912,546,0,1458,0,1,1,0,3,1,3,7,1,4,1,1,3,3,3,192,0,0,0,0,0,0,0,0,1,97500,11.487617913343598,2562,62,60,1,0,0,0,0,1,0,1,1,1.5,0,0,1,0,0,0,1,1,0,0,0,0,0,1,0,0,0,0,0,0,0,0,0,1,0,1,1,0,0,0,1,0,0,0,0,0,0,0,0,0,0,0,0,0,0,1,0,0,0,0,0,0,0,0,0,1,0,0,0,1,0,1,0,0,0,1,0,0,1,0,0,0,0,0,0,0,0,0,1,9.770184705221707,4.3694478524670215
660,75.0,9937,4,4,3,5,7,0.0,3,4,3,3,1,4,637,1,0,849,1486,5,1486,0,0,1486,1,0,1,0,3,1,3,7,0,0,3,2,3,3,3,0,0,0,0,0,0,0,3,0,3,167000,12.025755079404917,2972,45,10,1,0,0,0,0,0,0,1,1,1.0,0,0,0,1,1,1,1,0,0,0,0,1,0,0,0,0,0,0,0,0,0,0,0,1,0,1,1,0,0,0,0,0,0,0,0,0,1,0,0,0,0,1,0,0,0,0,0,0,0,0,0,1,0,0,0,0,0,0,0,1,0,0,0,1,0,1,0,0,1,0,0,1,0,0,0,0,0,0,1,9.204121072162266,4.330733340286331
661,70.04995836802665,12384,4,4,3,7,7,233.0,3,3,4,3,1,1,0,1,0,793,793,3,1142,793,0,1935,0,0,2,1,3,1,3,7,1,3,2,2,3,3,3,0,113,252,0,0,0,0,0,0,11,197900,12.19552218463499,3093,31,31,0,0,0,0,0,0,0,1,1,2.0,0,0,0,1,0,1,1,1,0,0,0,0,0,0,1,0,0,0,0,0,0,0,0,1,0,1,1,0,1,0,0,0,0,0,0,0,0,0,0,0,0,0,0,1,0,0,0,0,0,0,0,0,0,1,0,0,0,0,1,0,0,1,0,0,0,1,0,0,1,0,0,0,0,0,0,0,0,0,1,9.42424134192346,4.2633832685897595
662,52.0,46589,2,4,3,8,7,528.0,4,3,4,4,1,6,1361,3,180,88,1629,5,1686,762,0,2448,1,0,2,1,4,1,4,7,1,3,2,3,3,3,3,517,76,0,0,0,0,0,0,0,7,402000,12.904209855160254,4670,15,4,1,0,0,0,0,0,0,1,1,2.0,0,0,0,1,1,1,1,1,0,0,0,0,0,0,1,0,0,0,0,0,0,0,0,1,0,1,1,0,1,0,0,0,0,0,0,0,1,0,0,0,0,0,0,0,0,1,0,0,0,0,0,0,0,0,0,1,0,0,1,0,0,0,0,1,0,1,0,0,1,0,0,0,0,0,0,0,0,0,1,10.749141204810842,3.970291913552122
663,120.0,13560,4,4,3,6,3,216.0,3,3,2,2,1,1,0,1,0,1392,1392,4,1392,0,0,1392,1,0,1,0,2,1,3,2,2,3,2,2,3,3,3,0,0,240,0,0,0,0,0,0,7,110000,11.60824473564232,3024,41,41,0,0,0,0,0,0,0,1,1,1.0,0,0,0,1,0,0,1,1,0,0,0,1,0,0,0,0,0,0,0,0,0,0,0,1,0,1,1,0,0,0,0,0,0,0,0,0,1,0,0,0,0,0,0,0,0,0,1,0,0,0,0,0,0,0,0,0,1,0,1,0,0,1,0,0,0,1,0,0,1,0,0,0,0,0,0,0,0,0,1,9.514953305087944,4.795790545596741
664,90.0,10012,4,4,3,4,5,0.0,3,3,4,3,3,4,920,3,180,38,1138,3,1181,0,0,1181,1,0,2,0,3,1,3,7,0,0,2,2,3,3,3,0,0,180,0,0,0,0,3,0,4,137500,11.83138646878959,2499,36,36,0,0,0,0,0,0,0,1,1,1.5,1,0,0,1,1,1,1,0,0,0,0,0,0,0,0,0,0,0,1,0,0,0,0,1,0,1,1,0,0,0,1,0,0,0,0,0,0,0,0,0,0,0,0,1,0,0,0,0,0,0,0,0,0,1,0,0,0,0,0,1,0,1,0,0,0,1,0,0,1,0,0,1,0,0,0,0,0,0,1,9.211639527707803,4.51085950651685
665,49.0,20896,2,4,3,8,5,0.0,4,3,5,3,2,6,1721,1,0,356,2052,5,2097,0,0,2097,1,0,1,1,1,1,5,7,1,5,3,3,3,3,3,192,267,0,0,0,0,0,0,0,1,423000,12.955129822091816,4608,1,0,1,0,0,0,0,0,1,1,1,1.0,0,1,0,0,1,0,1,0,1,0,0,1,0,0,0,0,0,0,0,0,0,0,0,1,0,1,1,0,1,0,0,0,0,0,0,0,0,0,0,0,0,0,0,0,0,1,0,0,0,0,0,0,0,0,0,1,0,0,0,1,0,0,0,1,0,1,0,0,1,0,0,0,0,0,0,0,0,0,1,9.947360886980098,3.912023005428146
666,106.0,11194,3,4,3,8,5,40.0,4,3,4,3,1,1,0,1,0,1406,1406,5,1454,482,0,1936,0,0,2,1,3,1,4,7,1,3,2,2,3,3,3,188,124,0,0,0,0,0,0,0,11,230500,12.348010479804223,3654,6,6,0,0,0,0,0,0,0,1,1,2.0,0,0,0,1,0,0,0,1,0,0,0,0,0,0,1,0,0,0,0,0,0,0,0,1,0,1,1,0,0,0,0,0,0,0,0,0,0,0,0,0,0,0,0,0,0,1,0,0,0,0,0,0,0,0,0,1,0,0,1,0,0,0,0,1,0,1,0,0,1,0,0,0,0,0,0,0,0,0,1,9.323222529032856,4.672828834461906
667,70.04995836802665,18450,3,4,3,6,5,113.0,3,4,4,3,1,2,187,3,723,111,1021,3,1465,915,0,2380,0,0,2,1,3,1,3,1,1,1,1,2,3,3,3,0,265,0,0,0,0,0,0,0,8,129000,11.767575435251748,3666,42,28,1,0,0,0,0,0,0,0,1,2.0,0,0,1,0,0,0,1,1,0,0,0,0,0,0,1,0,0,0,0,0,0,0,0,1,0,1,1,0,0,0,1,0,0,0,0,0,0,1,0,0,0,0,0,1,0,0,0,0,0,0,0,0,0,1,0,0,0,0,0,0,0,1,0,0,0,1,0,0,1,0,0,0,0,1,0,0,0,0,1,9.822873848541882,4.2633832685897595
668,65.0,8125,4,4,3,6,5,258.0,3,3,4,3,1,6,1138,1,0,270,1408,5,1679,0,0,1679,1,0,2,0,3,1,4,7,1,2,2,2,3,3,3,224,42,0,0,0,0,0,0,0,10,193500,12.173037959397275,3353,14,10,1,0,0,0,0,0,0,1,1,1.0,0,0,0,1,0,0,1,0,1,0,0,1,0,0,0,0,0,0,0,0,0,0,0,1,0,1,1,0,0,0,1,0,0,0,0,0,0,0,0,0,1,0,0,0,0,0,0,0,0,0,1,0,0,0,0,0,0,0,1,0,0,0,0,1,0,1,0,0,1,0,0,0,0,0,0,0,0,0,1,9.002824076547672,4.189654742026425
669,70.04995836802665,14175,4,4,2,5,6,0.0,3,3,3,3,1,3,988,1,0,200,1188,4,1437,0,0,1437,1,0,1,1,3,1,3,5,1,3,1,2,3,3,3,304,0,0,0,0,0,0,0,0,11,168000,12.031725210748633,2929,50,19,1,0,0,1,0,0,0,1,1,1.0,0,0,0,1,1,1,0,0,1,0,0,1,0,0,0,0,0,0,0,0,0,0,0,1,0,1,1,0,0,0,0,0,0,0,0,0,0,0,0,1,0,0,0,0,0,0,0,0,0,0,0,0,0,0,0,0,1,0,0,1,0,1,0,0,0,1,0,0,1,0,0,1,0,0,0,0,0,0,0,9.559305672844863,4.2633832685897595
670,80.0,11600,4,4,3,4,5,0.0,3,3,2,3,1,1,0,1,0,700,700,5,1180,0,0,1180,0,0,1,0,2,1,2,7,1,4,1,1,3,2,3,0,0,67,0,0,0,0,0,0,7,137500,11.83138646878959,1947,84,56,1,0,0,0,0,0,0,1,1,1.0,0,0,0,1,0,1,1,0,0,0,0,0,1,0,0,0,0,0,0,0,0,0,0,1,0,1,1,0,0,0,1,0,0,0,0,0,0,0,0,0,0,1,0,0,0,0,0,0,0,0,0,1,0,0,0,0,0,0,0,1,0,0,0,0,0,1,0,0,1,0,0,1,0,0,0,0,0,0,1,9.358846580275406,4.394449154672439
671,64.0,8633,4,4,3,6,5,0.0,4,3,4,3,1,6,193,1,0,545,738,5,738,738,0,1476,1,0,2,1,3,1,4,7,0,0,3,2,3,3,3,100,35,0,0,0,0,0,0,0,2,173500,12.0639386420412,2349,4,4,0,0,0,0,0,0,0,1,1,2.0,0,0,0,1,1,0,1,0,0,0,0,0,0,0,1,0,0,0,0,0,0,0,0,1,0,1,1,0,0,1,0,0,0,0,0,0,0,0,0,0,0,0,0,0,0,1,0,0,0,0,0,0,0,0,0,1,0,0,0,1,0,0,0,1,0,1,0,0,1,0,0,0,0,0,0,0,0,0,1,9.063463176115423,4.174387269895637
672,54.0,6629,4,4,3,6,6,0.0,3,4,3,3,1,4,551,1,0,121,672,3,697,672,0,1369,1,0,2,0,3,1,3,7,0,0,1,1,3,3,3,147,0,0,0,0,0,0,0,0,7,103600,11.548302261270589,2188,84,59,1,0,0,0,0,1,0,1,1,2.0,0,0,0,1,1,1,1,0,0,0,0,0,0,0,0,1,0,0,0,0,0,0,1,0,0,1,1,0,0,0,1,0,0,0,0,0,0,1,0,0,0,0,0,0,0,0,1,0,0,0,0,0,0,0,0,0,1,0,0,1,0,0,0,0,0,0,0,0,1,0,0,1,0,0,0,0,0,0,1,8.799360083179907,4.007333185232471
673,70.04995836802665,11250,3,4,3,6,6,0.0,4,3,4,3,1,5,767,1,0,441,1208,3,1208,0,0,1208,1,0,1,1,3,1,3,7,1,3,2,2,3,3,3,198,42,0,0,0,0,0,0,0,6,165000,12.013706813470414,2656,29,29,0,0,0,0,0,0,0,1,1,1.0,0,0,0,1,0,0,0,1,1,0,0,1,0,0,0,0,0,0,0,0,0,0,0,1,0,1,1,0,0,0,1,0,0,0,0,0,0,0,0,0,0,0,0,1,0,0,0,0,0,0,0,0,0,1,0,0,0,0,0,1,0,1,0,0,0,1,0,0,1,0,0,0,0,0,0,0,0,0,1,9.328212292571072,4.2633832685897595
674,110.0,14442,4,4,3,6,7,106.0,3,3,3,3,1,6,1186,1,0,291,1477,5,1839,0,0,1839,1,0,2,0,3,1,4,7,2,3,3,2,3,3,3,0,87,0,0,200,0,0,0,0,6,257500,12.458778882573531,3603,50,3,1,0,0,0,0,0,0,1,1,1.0,0,0,0,1,0,1,1,0,0,0,0,1,0,0,0,0,0,0,0,0,0,0,0,1,0,1,1,0,0,0,1,0,0,0,0,0,1,0,0,1,0,0,0,0,0,0,0,0,0,1,0,0,0,0,0,0,0,0,1,0,0,0,0,1,0,1,0,0,1,0,0,0,0,0,0,0,0,0,1,9.577965147101168,4.709530201312334
675,80.0,9200,4,4,3,6,6,0.0,3,3,3,3,1,3,892,1,0,244,1136,3,1136,0,0,1136,1,0,1,0,3,1,3,7,1,4,2,1,3,3,3,426,0,0,0,0,0,0,0,0,7,140000,11.849404844423074,2698,43,43,0,0,0,0,0,0,0,1,1,1.0,0,0,0,1,0,0,1,1,0,0,0,1,0,0,0,0,0,0,0,0,0,0,0,1,0,1,1,0,0,0,1,0,0,0,0,0,0,0,0,0,1,0,0,0,0,0,0,0,0,0,1,0,0,0,0,0,0,0,0,1,0,1,0,0,0,1,0,0,1,0,0,0,0,0,0,0,0,0,1,9.127067452782361,4.394449154672439
676,24.0,2289,4,4,3,6,6,0.0,3,3,3,3,1,5,311,1,0,544,855,3,855,586,0,1441,0,0,2,1,3,1,3,7,1,3,1,2,3,3,3,28,0,0,0,0,0,0,0,0,4,148500,11.908346971208951,2324,31,31,0,0,0,0,0,0,0,1,1,2.0,0,0,0,1,1,0,1,1,0,1,0,0,0,0,0,0,0,0,0,0,0,0,0,1,0,1,1,0,0,0,1,0,0,0,1,0,0,0,0,0,0,0,0,1,0,0,0,0,0,0,0,0,1,0,0,0,0,0,0,1,0,1,0,0,0,1,0,0,1,0,0,0,0,0,0,0,0,0,1,7.736307096548285,3.2188758248682006
677,60.0,9600,4,4,3,4,2,0.0,3,3,3,2,1,1,0,1,0,1095,1095,2,1095,679,0,1774,1,0,2,0,4,2,3,5,0,0,1,3,2,2,1,0,0,90,0,0,0,0,0,0,5,87000,11.373674891823535,2959,106,56,1,0,0,0,0,0,0,1,0,2.0,0,0,0,1,1,0,0,0,1,0,0,0,0,0,0,1,0,0,0,0,0,0,0,0,1,1,0,0,0,0,1,0,0,0,0,0,0,0,0,0,0,0,0,0,0,0,0,0,0,0,0,0,0,0,1,0,0,0,0,1,0,0,0,0,0,0,0,0,1,0,0,0,0,1,0,0,0,0,1,9.169622538697624,4.110873864173311
678,52.0,9022,4,4,3,5,8,0.0,4,3,3,3,1,1,0,1,0,768,768,5,792,0,0,792,0,0,1,0,2,1,4,7,0,0,1,1,2,2,1,316,0,120,0,0,0,0,0,0,5,109500,11.603688960617085,1996,85,3,1,0,0,0,0,0,0,1,1,1.0,0,0,0,1,1,0,0,0,1,0,0,0,1,0,0,0,0,0,0,0,0,0,0,1,0,1,1,0,0,0,1,0,0,0,0,0,0,0,0,0,0,0,0,0,0,1,0,0,0,0,0,0,0,0,0,1,0,0,0,1,0,0,0,0,0,1,0,0,1,0,0,1,0,0,0,0,0,0,1,9.107532151994501,3.970291913552122
679,80.0,11844,3,4,3,8,5,464.0,4,3,5,3,2,1,0,1,0,2046,2046,5,2046,0,0,2046,0,0,2,1,3,1,4,7,1,4,3,3,3,3,3,322,82,0,0,0,0,0,0,0,7,372500,12.827995001361906,4496,1,1,0,0,0,0,0,0,0,1,1,1.0,0,1,0,0,0,1,1,0,1,0,0,1,0,0,0,0,0,0,0,0,0,0,0,1,0,1,1,0,0,0,1,0,0,0,0,0,1,0,0,0,0,0,0,0,0,1,0,0,0,0,0,0,0,0,0,1,0,0,0,0,1,0,0,1,0,1,0,0,1,0,0,0,0,0,0,0,0,0,1,9.379661116592885,4.394449154672439
680,70.04995836802665,9945,3,4,3,5,5,57.0,3,3,3,3,1,3,827,1,0,161,988,3,988,0,0,988,1,0,1,0,3,1,3,7,0,0,1,2,3,3,3,0,0,0,0,0,0,0,0,0,10,128500,11.7636919653883,1976,46,46,0,0,0,0,0,0,0,1,1,1.0,0,0,0,1,1,1,0,0,1,0,0,1,0,0,0,0,0,0,0,0,0,0,0,1,0,1,1,0,0,0,1,0,0,0,0,0,1,0,0,0,0,0,0,0,0,0,1,0,0,0,0,0,0,0,0,0,1,0,1,0,0,1,0,0,0,1,0,0,1,0,0,1,0,0,0,0,0,0,1,9.204925739274683,4.2633832685897595
681,50.0,8012,4,4,3,6,5,0.0,3,3,4,3,1,4,543,4,119,261,923,3,923,0,0,923,0,0,2,0,2,1,3,7,1,3,2,1,3,3,3,80,0,0,0,0,0,0,0,0,5,143000,11.870606902224589,1926,30,30,0,0,0,0,0,0,0,1,1,1.0,0,0,0,1,0,0,1,0,1,0,0,0,0,0,0,0,0,0,0,0,0,0,0,1,0,1,1,0,0,0,1,0,0,0,0,1,0,0,0,0,0,0,0,1,0,0,0,0,0,0,0,0,0,1,0,0,0,0,0,1,0,1,0,0,0,1,0,0,1,0,0,0,0,0,0,0,0,0,1,8.98882050177807,3.9318256327243257
682,55.0,4500,2,4,3,5,5,0.0,3,3,3,3,1,3,182,1,0,611,793,5,848,672,0,1520,0,0,1,0,3,1,3,7,0,0,1,1,3,3,3,0,0,56,0,0,0,0,0,0,7,159434,11.979391594635793,2369,77,9,1,0,0,1,0,0,0,1,1,1.5,0,0,1,0,0,1,0,0,1,0,0,0,0,1,0,0,0,0,0,0,0,0,1,0,0,1,0,1,0,0,1,0,0,0,0,0,0,0,0,0,0,0,0,0,0,1,0,0,0,0,0,0,0,0,1,0,0,0,0,1,0,0,0,0,0,1,0,0,1,0,0,1,0,0,0,0,0,0,0,8.412054873292933,4.02535169073515
683,70.04995836802665,2887,4,4,3,6,5,0.0,3,3,4,3,2,6,1003,1,0,288,1291,5,1291,0,0,1291,1,0,1,0,2,1,4,7,1,4,1,2,3,3,3,307,0,0,0,0,0,0,0,0,11,173000,12.06105265381003,2889,12,11,1,0,0,1,0,0,0,1,1,1.0,0,0,0,1,0,0,1,0,0,0,0,0,0,0,0,0,0,0,0,0,0,0,0,1,0,1,1,0,0,0,1,0,0,0,0,0,0,0,0,0,0,0,0,0,0,0,1,0,0,0,0,0,0,0,0,0,1,0,0,1,0,0,0,1,0,1,0,0,1,0,0,0,0,0,0,0,1,0,0,7.968319500012717,4.2633832685897595
684,90.0,11248,3,4,3,9,5,215.0,4,3,4,3,3,6,1059,1,0,567,1626,5,1668,0,0,1668,1,0,2,0,3,1,4,7,1,3,3,3,3,3,3,257,45,0,0,0,0,0,0,0,7,285000,12.560247968016562,3596,5,5,0,0,0,0,0,0,0,1,1,1.0,0,0,0,1,1,0,1,0,0,0,0,1,0,0,0,0,0,0,0,0,0,0,0,1,0,1,1,0,0,0,0,0,0,0,0,0,1,0,0,0,0,0,0,0,0,1,0,0,0,0,0,0,0,0,0,1,0,0,0,0,1,0,0,1,0,1,0,0,1,0,0,0,0,0,0,0,0,0,1,9.328034514792826,4.51085950651685
685,58.0,16770,2,4,3,7,5,30.0,4,3,4,3,1,1,0,1,0,1195,1195,4,1195,644,0,1839,0,0,2,1,4,1,3,7,0,0,3,2,3,3,3,0,81,0,0,0,0,0,0,0,6,221000,12.30592250537653,3115,12,12,0,0,0,0,0,0,0,1,1,2.0,0,0,0,1,1,1,1,1,0,0,0,0,0,0,1,0,0,0,0,0,0,0,0,1,0,1,1,0,1,0,0,0,0,0,0,0,0,0,0,0,0,0,0,0,0,1,0,0,0,0,0,0,0,0,0,1,0,0,1,0,0,0,0,1,0,1,0,0,1,0,0,0,0,0,0,0,0,0,1,9.727406483331627,4.07753744390572
686,70.04995836802665,5062,3,4,3,7,5,0.0,4,3,4,3,2,6,828,2,182,180,1190,4,1190,900,0,2090,1,0,2,0,3,1,4,6,1,3,3,2,3,3,3,219,0,0,0,0,0,0,0,0,9,207500,12.242891437918386,3499,23,23,0,0,0,0,0,0,0,1,1,2.0,0,0,0,1,0,1,1,0,1,1,0,0,0,0,0,0,0,0,0,0,0,0,0,1,0,1,1,0,1,0,0,0,0,0,0,1,0,0,0,0,1,0,0,0,0,0,0,0,0,0,1,0,0,0,0,0,0,0,0,1,0,1,0,0,0,1,0,0,1,0,0,0,0,0,0,0,0,0,1,8.529714471969909,4.2633832685897595
687,84.0,10207,4,4,3,7,6,0.0,4,3,4,3,1,1,0,1,0,874,874,5,874,887,0,1761,0,0,3,0,3,1,4,7,0,0,3,2,3,3,3,144,105,0,0,0,0,0,0,0,8,227875,12.336556900342153,2884,0,0,0,0,0,0,0,0,0,1,1,2.0,0,1,0,0,1,0,1,0,1,0,0,0,0,0,1,0,0,0,0,0,0,0,0,0,0,1,1,0,0,0,1,0,0,0,0,0,0,0,0,0,0,0,0,0,0,1,0,0,0,0,0,0,0,0,0,1,0,0,0,1,0,0,0,1,0,1,0,0,1,0,0,0,0,0,0,0,0,0,1,9.23092700558457,4.442651256490317
688,70.04995836802665,5105,2,4,3,7,5,0.0,4,3,4,3,1,6,239,1,0,312,551,5,551,551,0,1102,0,0,2,1,2,1,4,7,0,0,1,2,3,3,3,0,60,0,0,0,0,0,0,0,3,148800,11.910365121788654,1713,3,3,0,0,0,0,0,0,0,1,1,2.0,0,0,0,1,1,0,1,0,1,1,0,0,0,0,0,0,0,0,0,0,0,0,0,0,0,1,1,0,0,1,0,0,0,0,0,1,0,0,0,0,0,1,0,0,0,0,0,0,0,0,0,1,0,0,0,0,0,0,0,1,0,0,0,1,0,1,0,0,1,0,0,1,0,0,0,0,0,0,1,8.53817159780143,4.2633832685897595
689,60.0,8089,4,4,3,8,6,0.0,4,3,4,3,3,6,945,1,0,474,1419,5,1419,0,0,1419,1,0,2,0,2,1,4,7,1,4,2,2,3,3,3,140,0,0,0,0,0,0,0,0,10,392000,12.879019669789754,2978,0,0,0,0,0,1,0,0,0,1,1,1.0,0,1,0,0,0,1,1,0,1,0,0,1,0,0,0,0,0,0,0,0,0,0,0,1,0,1,1,0,0,0,1,0,0,0,0,0,0,0,0,0,0,1,0,0,0,0,0,0,0,0,0,1,0,0,0,0,0,0,1,0,0,0,0,1,0,1,0,0,1,0,0,0,0,0,0,0,1,0,0,8.998384010052538,4.110873864173311
690,61.0,7577,3,4,3,6,5,256.0,4,3,4,3,3,5,20,1,0,1342,1362,5,1362,0,0,1362,0,0,2,0,2,1,4,7,1,4,2,2,3,3,3,192,28,0,0,0,0,0,0,0,6,194700,12.179220327453931,2944,2,1,1,0,0,0,0,0,0,1,1,1.0,0,0,0,1,0,0,0,0,1,0,0,0,0,0,0,0,0,0,0,0,0,0,0,1,0,1,1,0,0,0,0,0,0,0,0,1,0,0,0,0,0,0,0,0,0,1,0,0,0,0,0,0,0,0,0,1,0,0,0,0,1,0,0,1,0,1,0,0,1,0,0,0,0,0,0,0,0,0,1,8.933004591578547,4.127134385045092
691,70.04995836802665,4426,4,4,3,6,5,147.0,4,3,4,3,4,6,697,1,0,151,848,5,848,0,0,848,1,0,1,0,1,1,4,7,1,3,2,2,3,3,3,149,0,0,0,0,0,0,0,0,5,141000,11.856522261533735,1845,4,4,0,0,0,0,0,0,0,1,1,1.0,0,0,0,1,1,0,1,0,0,0,0,0,0,0,0,0,0,0,0,0,0,0,0,0,1,1,1,0,0,0,1,0,0,0,0,1,0,0,0,0,0,0,0,0,0,1,0,0,0,0,0,0,0,0,0,1,0,0,1,0,0,0,0,1,0,1,0,0,1,0,0,0,0,0,0,0,0,0,1,8.395477432732141,4.2633832685897595
693,42.0,26178,3,4,2,7,5,293.0,4,3,4,3,4,6,965,1,0,245,1210,5,1238,1281,0,2519,1,0,2,1,4,1,4,7,2,4,2,2,3,3,3,320,27,0,0,0,0,0,0,0,4,335000,12.721888795877376,4076,17,16,1,0,0,0,0,0,0,1,1,2.0,0,0,0,1,1,1,1,0,1,0,0,0,0,0,1,0,0,0,0,0,0,0,0,1,0,1,1,0,0,0,1,0,0,0,0,0,1,0,0,0,0,1,0,0,0,0,0,0,0,0,0,1,0,0,0,0,0,0,1,0,0,0,0,1,0,1,0,0,1,0,0,0,0,0,0,0,0,0,1,10.172712841637342,3.7612001156935624
694,60.0,5400,4,4,1,5,6,0.0,3,3,3,3,1,1,0,1,0,1073,1073,5,1073,0,0,1073,0,0,1,0,2,1,3,7,0,0,1,1,3,3,3,0,0,112,0,0,0,0,0,0,12,108480,11.59433032142082,2258,85,38,1,0,0,0,0,0,0,1,1,1.0,0,0,1,0,1,0,0,0,1,0,0,0,1,0,0,0,0,0,0,0,0,0,0,1,0,1,1,0,0,0,0,0,0,0,0,0,0,0,0,0,0,1,0,0,0,0,0,0,0,0,0,1,0,0,0,0,0,0,0,1,0,0,0,0,0,1,0,0,1,0,0,1,0,0,0,0,0,0,1,8.594339400592892,4.110873864173311
695,51.0,6120,4,4,3,5,6,0.0,3,2,3,3,1,1,0,1,0,927,927,3,1067,472,0,1539,0,0,1,1,3,1,3,7,0,0,1,2,3,3,3,112,0,0,0,0,0,0,3,0,4,141500,11.860062063178267,2578,73,59,1,0,0,0,0,0,0,1,1,1.5,0,0,0,1,1,1,0,0,0,0,0,0,0,1,0,0,0,0,0,0,0,0,0,0,1,1,1,0,0,0,0,0,0,0,0,0,0,0,0,0,0,0,0,0,0,0,1,0,0,0,0,0,0,0,0,0,1,0,0,1,0,0,0,0,0,1,0,0,1,0,0,1,0,0,0,0,0,0,1,8.71948076085107,3.9512437185814275
696,54.0,13811,3,4,3,6,6,72.0,3,3,4,4,1,6,980,2,40,92,1112,4,1137,0,0,1137,1,0,2,0,2,1,4,7,1,3,1,2,3,3,3,125,0,0,0,0,0,0,0,0,7,176000,12.07824495582233,2374,19,19,0,0,0,0,0,0,0,1,1,1.0,0,0,0,1,1,1,1,0,1,0,0,1,0,0,0,0,0,0,0,0,0,0,0,1,0,1,1,0,0,0,1,0,0,0,0,0,0,0,0,0,1,0,0,0,0,0,0,0,0,0,1,0,0,0,0,0,0,0,1,0,0,1,0,0,0,1,0,0,1,0,0,0,0,0,0,0,0,0,1,9.533293058509884,4.007333185232471
697,50.0,6000,4,4,3,5,7,0.0,3,3,3,3,1,2,616,1,0,0,616,4,616,0,0,616,0,0,1,0,2,1,3,7,0,0,1,1,3,3,3,0,0,129,0,0,0,0,0,0,6,89000,11.39640288460621,1361,85,56,1,0,0,0,0,0,0,1,1,1.0,0,0,0,1,1,1,0,0,0,0,0,0,1,0,0,0,0,0,0,0,0,0,0,0,1,1,1,0,0,0,1,0,0,0,0,0,0,0,0,0,0,0,0,0,0,0,1,0,0,0,0,0,0,0,0,0,0,1,0,1,0,1,0,0,0,1,0,0,1,0,0,1,0,0,0,0,0,0,1,8.699681400989514,3.9318256327243257
698,57.0,6420,3,4,3,5,7,0.0,3,3,5,4,2,2,210,5,551,219,980,2,1148,0,0,1148,0,1,1,0,2,1,3,7,0,0,1,1,3,3,3,0,0,0,0,0,0,0,0,0,9,123500,11.72400453218338,2128,54,54,0,0,0,0,0,0,0,1,1,1.0,0,0,0,1,1,1,1,0,0,0,0,1,0,0,0,0,0,0,0,0,0,0,0,1,0,1,1,0,0,0,1,0,0,0,0,0,0,0,0,0,0,0,0,0,0,0,1,0,0,0,0,0,0,0,0,0,1,0,0,1,0,0,0,1,0,1,0,0,0,0,0,1,0,0,0,0,0,0,1,8.76732914779405,4.060443010546419
699,65.0,8450,4,4,3,5,8,0.0,3,4,3,3,1,6,553,4,117,224,894,5,894,0,0,894,1,0,1,0,3,1,3,7,1,4,1,1,3,3,3,416,144,0,0,0,0,0,3,0,4,138500,11.83863282480007,2348,45,1,1,0,0,0,0,0,1,1,1,1.0,0,0,0,1,1,1,0,0,1,0,0,1,0,0,0,0,0,0,0,0,0,0,0,1,0,1,1,0,0,0,1,0,0,0,0,0,0,0,0,0,0,1,0,0,0,0,0,0,0,0,0,1,0,0,0,0,0,0,0,1,0,1,0,0,0,1,0,0,1,0,0,1,0,0,0,0,0,0,1,9.042040056544483,4.189654742026425
700,59.0,4282,2,4,3,7,5,0.0,4,3,4,3,2,6,16,1,0,1375,1391,5,1391,0,0,1391,0,0,2,0,2,1,4,7,0,0,2,2,3,3,3,156,158,0,0,0,0,0,0,0,7,196000,12.185875040240456,3096,4,4,0,0,0,0,0,0,0,1,1,1.0,0,0,0,1,1,0,1,0,1,0,0,0,0,0,0,0,0,0,0,0,0,0,0,0,0,1,0,1,0,0,1,0,0,0,0,1,0,0,0,0,0,1,0,0,0,0,0,0,0,0,0,1,0,0,0,0,0,0,0,1,0,0,0,1,0,1,0,0,1,0,0,0,0,0,0,0,0,0,1,8.36240897761537,4.0943445622221
701,85.0,14331,4,4,3,8,5,630.0,4,3,5,3,4,6,1274,1,0,526,1800,5,1800,0,0,1800,1,0,2,0,3,1,4,7,1,4,3,3,3,3,3,270,78,0,0,0,0,0,0,0,5,312500,12.652362948153474,3948,4,4,0,0,0,0,0,0,0,1,1,1.0,0,0,0,1,1,1,1,0,1,0,0,1,0,0,0,0,0,0,0,0,0,0,0,1,0,1,1,0,0,0,1,0,0,0,0,0,1,0,0,0,0,0,0,0,0,1,0,0,0,0,0,0,0,0,0,1,0,0,1,0,0,0,0,1,0,1,0,0,1,0,0,0,0,0,0,0,0,0,1,9.570250078424845,4.454347296253507
702,80.0,9600,4,4,3,7,5,168.0,3,3,3,3,1,1,0,1,0,1164,1164,3,1164,0,0,1164,0,0,1,1,3,1,3,7,0,0,1,2,3,3,3,0,0,0,0,0,0,0,0,0,7,140000,11.849404844423074,2328,37,37,0,0,0,0,0,0,0,1,1,1.0,0,0,0,1,0,1,1,1,0,0,0,1,0,0,0,0,0,0,0,0,0,0,0,1,0,1,1,0,0,0,1,0,0,0,0,0,1,0,0,0,1,0,0,0,0,0,0,0,0,0,1,0,0,0,0,0,0,0,1,0,0,1,0,0,0,1,0,0,1,0,0,0,0,0,0,0,0,0,1,9.169622538697624,4.394449154672439
703,82.0,12438,3,4,3,8,5,466.0,5,3,5,4,1,1,0,1,0,1234,1234,5,1264,1312,0,2576,0,0,2,1,4,1,5,7,1,4,3,3,3,3,3,324,100,0,0,0,0,0,0,0,7,361919,12.799178471909892,4234,0,0,0,0,0,0,0,0,0,1,1,2.0,0,1,0,0,0,1,1,0,1,0,0,0,0,0,1,0,0,0,0,0,0,0,0,1,0,1,1,0,0,0,1,0,0,0,0,0,1,0,0,0,0,0,0,0,0,1,0,0,0,0,0,0,0,0,0,1,0,0,1,0,0,0,0,1,0,1,0,0,1,0,1,0,0,0,0,0,0,0,1,9.428591977209965,4.418840607796598
704,76.0,7630,4,4,3,5,9,0.0,3,4,4,3,1,1,0,1,0,360,360,4,1032,780,0,1812,0,0,2,0,4,2,4,7,1,1,1,2,3,3,1,344,0,40,0,0,0,0,3,0,5,140000,11.849404844423074,2556,110,14,1,0,0,0,0,1,0,1,1,2.0,0,0,0,1,1,0,0,0,1,0,1,0,0,0,0,0,0,0,0,0,0,0,0,0,1,1,1,0,0,0,1,0,1,0,0,0,0,0,0,0,0,0,0,0,0,0,1,0,0,0,0,0,0,0,0,0,1,0,0,1,0,0,0,0,0,1,0,0,1,0,0,1,0,0,0,0,0,0,1,8.939974177289633,4.343805421853684
705,70.0,8400,4,4,3,7,5,109.0,4,3,4,3,3,6,712,1,0,761,1473,5,1484,0,0,1484,1,0,2,0,3,1,4,7,0,0,2,2,3,3,3,0,35,0,144,0,0,0,0,0,5,213000,12.269052139516225,3136,6,5,1,0,0,0,0,0,0,1,1,1.0,0,0,0,1,1,0,1,0,0,0,0,1,0,0,0,0,0,0,0,0,0,0,0,1,0,1,1,0,0,0,1,0,0,0,0,0,0,0,0,0,0,0,0,0,0,1,0,0,0,0,0,0,0,0,0,1,0,0,1,0,0,0,0,1,0,1,0,0,1,0,0,0,0,0,0,0,0,0,1,9.036106025364846,4.2626798770413155
706,70.0,5600,4,4,3,4,5,0.0,2,2,0,0,0,0,0,0,0,0,0,2,372,720,0,1092,0,0,2,0,3,2,2,4,0,0,0,0,0,0,1,0,0,0,0,0,0,0,0,3500,7,55000,10.915106645867503,1092,80,60,1,0,1,0,0,0,0,1,1,2.0,0,0,0,1,1,0,0,1,0,0,1,0,0,0,0,0,0,0,0,0,0,0,0,0,1,1,1,0,0,0,1,0,1,0,0,0,1,0,0,0,0,0,0,0,0,1,0,0,0,0,0,0,0,0,0,0,0,1,0,1,0,0,0,0,1,0,0,0,1,0,0,0,1,0,1,0,0,0,1,8.630700432209832,4.2626798770413155
707,70.04995836802665,115149,2,4,1,7,5,351.0,3,3,4,3,4,6,1219,1,0,424,1643,3,1824,0,0,1824,1,0,2,0,2,1,4,7,2,3,1,2,3,3,3,380,48,0,0,0,0,0,0,0,6,302000,12.618185607609805,3895,36,5,1,0,0,1,0,0,0,1,1,1.0,0,0,0,1,0,0,1,0,0,0,0,1,0,0,0,0,0,0,0,0,0,0,0,1,0,1,1,0,1,0,0,0,0,0,0,0,0,0,0,0,0,0,0,1,0,0,0,0,0,0,0,0,0,1,0,0,0,0,0,0,1,1,0,0,0,1,0,0,1,0,0,0,0,0,0,0,0,1,0,11.65399090524883,4.2633832685897595
708,48.0,6240,4,4,3,8,5,176.0,4,3,4,3,1,6,863,1,0,461,1324,5,1324,0,0,1324,1,0,2,0,2,1,4,7,1,4,3,2,3,3,3,192,38,0,0,0,0,0,0,0,12,254000,12.445093483000798,2878,3,3,0,0,0,0,0,0,0,1,1,1.0,0,0,0,1,0,0,0,0,1,0,0,0,0,0,0,0,0,0,0,0,0,0,0,1,0,1,1,0,0,0,1,0,0,0,0,1,1,0,0,0,0,1,0,0,0,0,0,0,0,0,0,1,0,0,0,0,0,0,1,0,0,0,0,1,0,1,0,0,1,0,0,0,0,0,0,0,0,0,1,8.738895704934043,3.8918202981106265
709,65.0,9018,3,4,3,7,5,0.0,4,3,4,3,3,1,0,1,0,728,728,5,728,728,0,1456,0,0,2,1,3,1,4,7,1,4,3,2,3,3,3,100,24,0,0,0,0,0,0,0,7,179540,12.09815887308463,2308,0,0,0,0,0,0,0,0,0,1,1,2.0,0,1,0,0,0,0,0,1,0,0,0,0,0,0,1,0,0,0,0,0,0,0,0,1,0,1,1,0,0,0,1,0,0,0,0,0,1,0,0,0,0,0,0,0,0,1,0,0,0,0,0,0,0,0,0,1,0,0,0,1,0,0,0,1,0,1,0,0,1,0,0,0,0,0,0,0,0,0,1,9.107088742165708,4.189654742026425
710,70.04995836802665,7162,3,4,3,5,7,41.0,3,3,3,3,1,1,0,1,0,876,876,3,904,0,0,904,0,0,1,0,3,1,3,7,0,0,1,1,3,3,3,0,0,0,0,0,0,0,3,0,12,109900,11.60733523953139,1780,42,42,0,0,0,0,0,0,0,1,1,1.0,0,0,1,0,1,1,0,0,1,0,0,1,0,0,0,0,0,0,0,0,0,0,0,1,0,1,1,0,0,0,1,0,0,0,0,0,0,0,0,0,1,0,0,0,0,0,0,0,0,0,1,0,0,0,0,0,0,0,0,0,0,0,0,1,0,1,0,0,1,0,0,0,0,0,0,0,0,0,1,8.876684166614451,4.2633832685897595
711,56.0,4130,3,4,3,3,6,0.0,4,3,3,3,1,1,0,1,0,270,270,4,729,0,0,729,0,0,1,0,2,1,3,2,0,0,0,0,0,0,1,0,0,0,0,0,0,0,0,0,7,52000,10.859018228147889,999,73,5,1,0,0,0,0,0,0,1,1,1.0,0,0,0,1,1,1,0,0,0,0,0,0,1,0,0,0,0,0,0,0,0,0,0,1,0,1,1,0,0,0,1,0,0,0,0,0,0,0,0,0,0,0,0,0,0,1,0,0,0,0,0,0,0,0,0,1,0,0,0,1,0,1,0,0,0,1,0,0,1,0,0,0,1,0,0,0,0,0,1,8.326274787396764,4.04305126783455
712,66.0,8712,4,4,2,4,7,0.0,3,3,3,3,2,1,0,1,0,859,859,4,859,319,0,1178,0,0,1,0,2,1,3,7,0,0,2,1,3,3,1,68,0,98,0,0,0,0,0,0,1,102776,11.54031687156214,2203,110,60,1,0,0,1,0,0,0,1,1,1.5,0,0,1,0,1,0,0,1,0,0,0,0,0,1,0,0,0,0,0,0,0,1,0,0,0,1,0,1,0,0,1,0,0,0,0,0,0,0,0,0,0,1,0,0,0,0,0,0,0,0,0,1,0,0,0,0,0,0,0,1,0,0,1,0,0,1,0,0,1,0,0,1,0,0,0,0,1,0,0,9.072571442231286,4.204692619390966
713,40.0,4671,3,4,3,8,5,0.0,4,3,4,3,2,6,767,1,0,461,1228,4,1228,0,0,1228,1,0,2,0,2,1,4,7,1,4,3,2,3,3,3,168,120,0,0,0,0,0,0,0,10,189000,12.149507585033072,2744,20,19,1,0,0,1,0,0,0,1,1,1.0,0,0,0,1,0,1,1,0,1,0,0,0,0,0,0,0,0,0,0,0,0,0,0,1,0,1,1,0,0,0,1,0,0,0,0,1,0,0,0,0,1,0,0,0,0,0,0,0,0,0,1,0,0,0,0,0,0,0,0,1,0,0,0,1,0,1,0,0,1,0,0,0,0,0,0,0,1,0,0,8.449342524508063,3.713572066704308
714,60.0,9873,4,4,3,4,5,160.0,3,3,3,3,3,5,789,1,0,171,960,3,960,0,0,960,1,0,1,0,3,1,3,7,0,0,1,2,3,3,3,0,288,0,0,0,0,0,0,0,5,129000,11.767575435251748,2208,36,36,0,0,0,0,0,0,1,1,0,1.0,0,0,0,1,1,1,0,0,0,0,1,0,0,0,0,0,0,0,0,0,0,0,0,1,0,1,1,0,0,0,1,0,1,0,0,0,0,0,0,0,1,0,0,0,0,0,0,0,0,0,1,0,0,0,0,0,0,0,1,0,0,1,0,0,0,0,0,0,1,0,0,1,0,0,0,0,0,0,1,9.197660318818809,4.110873864173311
715,70.04995836802665,13517,3,4,3,6,8,289.0,4,3,3,3,1,6,533,1,0,192,725,5,725,754,0,1479,0,0,2,1,3,1,4,7,0,0,2,2,3,3,3,0,44,0,0,0,0,0,0,0,3,130500,11.779136168550774,2248,34,5,1,0,0,0,0,0,1,1,1,2.0,0,0,0,1,1,1,0,0,1,0,0,0,0,0,1,0,0,0,0,0,0,0,0,1,0,1,1,0,1,0,0,0,0,0,0,0,0,0,0,0,1,0,0,0,0,0,0,0,0,0,0,0,0,1,0,0,0,0,1,0,0,1,0,0,0,1,0,0,1,0,0,0,0,0,0,0,0,0,1,9.511777409660299,4.2633832685897595
716,78.0,10140,4,4,3,6,5,174.0,3,3,4,3,1,1,0,1,0,1064,1064,3,1350,0,0,1350,0,0,2,0,3,1,3,7,1,3,2,2,3,3,3,0,0,0,0,0,0,0,3,0,8,165000,12.013706813470414,2414,35,35,0,0,0,0,0,0,0,1,1,1.0,0,0,0,1,0,1,1,1,0,0,0,1,0,0,0,0,0,0,0,0,0,0,0,1,0,1,1,0,0,0,1,0,0,0,0,0,1,0,0,0,1,0,0,0,0,0,0,0,0,0,1,0,0,0,0,0,0,0,1,0,0,1,0,0,0,1,0,0,1,0,0,0,0,0,0,0,0,0,1,9.224341891611996,4.3694478524670215
717,60.0,10800,4,4,3,7,8,0.0,3,4,3,3,1,1,0,1,0,718,718,5,1576,978,0,2554,0,0,1,1,3,1,3,7,0,0,1,2,3,3,2,0,48,143,0,0,0,0,0,0,7,159500,11.979805470779858,3463,117,9,1,0,0,1,0,0,0,1,1,2.0,0,0,0,1,1,0,0,0,1,0,0,0,0,0,0,1,0,0,0,0,0,0,0,0,1,1,0,0,0,0,1,0,0,0,0,0,0,0,0,0,0,0,0,0,0,0,1,0,0,0,0,0,0,0,0,1,0,0,0,1,0,0,0,0,0,1,0,0,1,0,0,1,0,0,0,0,0,0,0,9.287394001418473,4.110873864173311
718,80.0,10000,4,4,3,5,6,0.0,3,3,4,3,1,4,1084,1,0,92,1176,4,1178,0,0,1178,0,1,1,1,3,1,4,7,1,2,1,2,3,3,3,224,0,0,0,0,0,0,3,0,11,157000,11.964007453736912,2578,35,8,1,0,0,0,0,0,0,1,1,1.0,0,0,0,1,0,1,1,1,0,0,0,1,0,0,0,0,0,0,0,0,0,0,0,1,0,1,1,0,0,0,1,0,0,0,0,0,0,0,0,0,1,0,0,0,0,0,0,0,0,0,1,0,0,0,0,0,0,0,0,1,0,1,0,0,0,1,0,0,1,0,0,0,0,0,0,0,0,0,1,9.210440366976517,4.394449154672439
719,96.0,10542,4,4,3,7,5,651.0,4,3,4,3,4,6,1173,1,0,138,1311,5,1325,1093,0,2418,1,0,2,1,3,1,4,7,1,3,2,3,3,3,3,250,154,216,0,0,0,0,0,0,8,341000,12.739640688812674,4349,15,14,1,0,0,0,0,0,0,1,1,2.0,0,0,0,1,1,1,1,1,0,0,0,0,0,0,1,0,0,0,0,0,0,0,0,1,0,1,1,0,0,0,1,0,0,0,0,0,1,0,0,0,0,0,0,0,0,0,1,0,0,0,0,0,1,0,0,0,0,0,1,0,0,0,0,1,0,1,0,0,1,0,0,0,0,0,0,0,0,0,1,9.26321741157695,4.574710978503383
720,69.0,9920,3,4,3,5,6,0.0,3,3,4,3,4,5,523,1,0,448,971,3,971,0,0,971,0,0,1,1,3,1,3,7,1,1,1,1,3,3,3,0,0,0,0,0,0,0,0,0,5,128500,11.7636919653883,1942,37,37,0,0,0,0,0,0,0,1,1,1.0,0,0,0,1,1,0,1,0,0,0,0,1,0,0,0,0,0,0,0,0,0,0,0,1,0,1,1,0,0,0,1,0,0,0,0,0,0,0,0,0,1,0,0,0,0,0,0,0,0,0,0,0,0,1,0,0,0,0,0,1,0,1,0,0,0,1,0,0,1,0,0,0,0,0,0,0,0,0,1,9.202409001649903,4.248495242049359
721,70.04995836802665,6563,3,4,2,8,5,0.0,4,3,4,3,4,6,1148,1,0,594,1742,3,1742,0,0,1742,1,0,2,0,2,1,4,7,1,3,2,2,3,3,3,114,28,234,0,0,0,0,0,0,12,275000,12.524530013005734,3860,21,21,0,0,0,1,0,0,0,1,1,1.0,0,0,0,1,0,1,1,0,1,0,0,0,0,0,0,0,0,0,0,0,0,0,0,1,0,1,1,0,1,0,0,0,0,0,0,0,0,0,0,0,1,0,0,0,0,0,0,0,0,0,1,0,0,0,0,0,0,0,0,1,0,0,0,1,0,1,0,0,1,0,0,0,0,0,0,0,0,1,0,8.789355452209982,4.2633832685897595
722,70.04995836802665,4426,4,4,3,6,5,169.0,4,3,4,3,3,6,662,1,0,186,848,5,848,0,0,848,1,0,1,0,1,1,4,7,0,0,2,2,3,3,3,160,0,0,0,0,0,0,0,0,5,143000,11.870606902224589,1856,6,6,0,0,0,0,0,0,0,1,1,1.0,0,0,0,1,1,0,1,0,0,0,0,0,0,0,0,0,0,0,0,0,0,0,0,0,1,1,1,0,0,0,1,0,0,0,0,1,0,0,0,0,0,0,0,0,0,1,0,0,0,0,0,0,0,0,0,1,0,0,1,0,0,0,0,1,0,1,0,0,1,0,0,0,0,0,0,0,0,0,1,8.395477432732141,4.2633832685897595
723,70.0,8120,4,4,3,4,7,0.0,3,4,3,3,1,5,191,1,0,673,864,5,864,0,0,864,0,0,1,0,3,1,3,7,0,0,1,2,3,3,3,0,0,0,0,0,0,0,0,0,7,124500,11.732069026983156,1728,39,39,0,0,0,0,0,0,0,1,1,1.0,0,0,0,1,0,0,1,1,0,0,0,1,0,0,0,0,0,0,0,0,0,0,0,1,0,1,1,0,0,0,1,0,0,0,0,0,0,0,0,0,0,1,0,0,0,0,0,0,0,0,0,1,0,0,0,0,0,0,0,1,0,1,0,0,0,1,0,0,1,0,0,1,0,0,0,0,0,0,1,9.002208578282412,4.2626798770413155
724,60.0,8172,4,4,3,4,6,0.0,3,3,3,3,1,1,0,1,0,941,941,5,997,473,0,1470,0,0,2,0,4,1,3,7,0,0,1,1,3,3,3,0,0,0,0,156,0,0,0,0,5,135000,11.81303746480054,2567,54,36,1,0,0,0,0,0,0,1,1,1.5,0,0,0,1,1,1,1,0,0,0,0,0,0,1,0,0,0,0,0,0,0,0,0,1,0,1,1,0,0,0,1,0,0,0,0,0,0,0,0,0,0,1,0,0,0,0,0,0,0,0,0,1,0,0,0,0,0,0,0,1,0,0,0,1,0,1,0,0,1,0,0,1,0,0,0,0,0,0,1,9.00859131751613,4.110873864173311
725,86.0,13286,3,4,3,9,5,340.0,5,3,5,3,1,6,1234,1,0,464,1698,5,1698,0,0,1698,1,0,2,0,3,1,5,7,1,4,3,3,3,3,3,327,64,0,0,0,0,0,0,0,2,320000,12.676079399771028,3787,2,1,1,0,0,0,0,0,0,1,1,1.0,0,0,0,1,1,1,1,0,0,0,0,1,0,0,0,0,0,0,0,0,0,0,0,1,0,1,1,0,0,0,1,0,0,0,0,0,1,0,0,1,0,0,0,0,0,0,0,0,0,1,0,0,0,0,0,0,0,0,0,0,1,0,0,1,0,1,0,0,1,0,0,0,0,0,0,0,0,0,1,9.494541392591309,4.465908118654584
726,60.0,6960,4,4,3,4,6,0.0,3,3,3,3,1,5,375,4,239,250,864,3,864,0,0,864,0,0,1,0,3,1,4,7,0,0,1,2,3,3,3,96,0,0,0,0,0,0,0,500,11,120500,11.6994133306336,1824,39,39,0,0,1,0,0,0,0,1,1,1.0,0,0,0,1,0,0,1,1,0,0,0,1,0,0,0,0,0,0,0,0,0,0,0,1,0,1,1,0,0,0,1,0,0,0,0,0,0,0,0,0,1,0,0,0,0,0,0,0,0,0,0,0,0,1,0,0,0,0,0,1,0,1,0,0,0,1,0,0,1,0,0,1,0,0,0,1,0,0,1,8.848078421168667,4.110873864173311
727,70.04995836802665,21695,3,4,3,6,9,260.0,4,4,4,3,1,6,808,1,0,72,880,5,1680,0,0,1680,1,0,2,0,3,1,4,7,1,4,3,2,3,3,3,292,44,0,182,0,0,0,0,0,12,222000,12.310437165348777,3078,21,2,1,0,0,0,0,0,0,1,1,1.0,0,0,0,1,0,1,1,0,0,0,0,1,0,0,0,0,0,0,0,0,0,0,0,1,0,1,1,0,0,0,0,0,0,0,0,0,1,0,0,0,0,0,0,0,0,0,1,0,0,0,0,0,0,1,0,0,0,0,1,0,0,1,0,0,0,1,0,0,1,0,0,0,0,0,0,0,0,0,1,9.984883190740122,4.2633832685897595
728,64.0,7314,4,4,3,7,5,82.0,4,3,4,3,3,6,724,1,0,508,1232,5,1232,0,0,1232,1,0,2,0,2,1,4,7,0,0,2,2,3,3,3,132,0,0,0,0,0,0,0,0,2,194500,12.178192583415596,2596,2,2,0,0,0,0,0,0,0,1,1,1.0,0,0,0,1,1,0,1,0,0,0,0,1,0,0,0,0,0,0,0,0,0,0,0,1,0,1,1,0,0,0,1,0,0,0,0,0,0,0,0,0,0,0,0,0,0,1,0,0,0,0,0,0,0,0,0,1,0,0,0,0,1,0,0,1,0,1,0,0,1,0,0,0,0,0,0,0,0,0,1,8.897682313454224,4.174387269895637
729,85.0,11475,4,4,3,5,5,95.0,3,3,3,3,1,1,0,1,0,1584,1584,3,1776,0,0,1776,1,0,2,0,4,2,3,7,0,0,1,3,3,3,3,0,25,0,0,0,0,0,0,0,7,110000,11.60824473564232,3385,51,51,0,0,0,0,0,0,0,1,1,1.0,0,0,1,0,0,0,1,1,0,0,0,0,0,0,0,0,0,0,0,1,0,0,0,1,0,1,1,0,0,0,0,0,0,1,0,0,0,0,0,0,0,0,0,0,0,1,0,0,0,0,0,0,0,0,0,1,0,0,1,0,0,1,0,0,0,1,0,0,1,0,0,1,0,0,0,0,0,0,1,9.348013177101256,4.454347296253507
730,52.0,6240,4,4,3,4,5,0.0,3,3,3,3,1,4,152,1,0,628,780,3,848,0,360,1208,0,0,1,0,2,1,3,7,0,0,1,2,3,3,3,0,23,112,0,0,0,0,0,0,1,103000,11.542493975902508,2123,84,59,1,0,0,0,0,0,0,1,1,1.5,0,0,0,1,1,0,0,1,0,0,0,0,1,0,0,0,0,0,0,0,0,0,0,0,1,1,0,0,0,0,1,0,0,0,0,0,0,0,0,0,0,1,0,0,0,0,0,0,0,0,0,1,0,0,0,0,0,0,0,1,0,1,0,0,0,1,0,0,0,0,0,1,0,0,0,0,0,0,1,8.738895704934043,3.970291913552122
731,39.0,5389,3,4,3,8,5,0.0,4,3,4,3,1,6,1180,1,0,415,1595,5,1616,0,0,1616,1,0,2,0,2,1,4,7,1,3,2,2,3,3,3,237,152,0,0,0,0,0,0,0,3,236500,12.373707715234994,3600,15,14,1,0,0,0,0,0,0,1,1,1.0,0,0,0,1,0,1,1,0,1,0,0,0,0,0,0,0,0,0,0,0,0,0,0,1,0,1,1,0,0,0,1,0,0,0,0,1,0,0,0,1,0,0,0,0,0,0,0,0,0,1,0,0,0,0,0,0,0,0,0,1,0,0,0,1,0,1,0,0,1,0,0,0,0,0,0,0,0,0,1,8.592300663903043,3.6888794541139363
732,73.0,9590,3,4,3,7,5,442.0,4,3,5,3,3,6,786,1,0,82,868,5,1146,0,0,1146,1,0,2,0,3,1,4,7,1,4,3,2,3,3,3,160,22,0,0,0,0,0,0,0,5,187500,12.141539457711714,2196,4,4,0,0,0,0,0,0,0,1,1,1.5,1,0,0,1,1,1,1,0,1,0,0,0,0,0,0,0,0,1,0,0,0,0,0,1,0,1,1,0,0,0,0,0,0,0,0,0,0,0,0,0,0,0,0,0,0,1,0,0,0,0,0,0,0,0,0,1,0,0,1,0,0,0,0,1,0,1,0,0,1,0,0,0,0,0,0,0,0,0,1,9.16858043772795,4.30406509320417
733,75.0,11404,3,4,3,7,5,202.0,4,3,4,3,3,5,252,1,0,901,1153,5,1153,878,0,2031,0,0,2,1,3,1,4,7,1,3,3,2,3,3,3,192,84,0,0,0,0,0,0,0,7,222500,12.312686874960354,3460,10,9,1,0,0,0,0,0,0,1,1,2.0,0,0,0,1,1,0,1,0,0,0,0,0,0,0,1,0,0,0,0,0,0,0,0,1,0,1,1,0,0,0,1,0,0,0,0,0,0,0,0,0,0,0,0,0,0,1,0,0,0,0,0,0,0,0,0,1,0,0,1,0,0,0,0,1,0,1,0,0,1,0,0,0,0,0,0,0,0,0,1,9.341807134718488,4.330733340286331
734,80.0,10000,4,4,3,5,6,0.0,3,3,3,3,1,4,594,1,0,270,864,5,1144,0,0,1144,1,0,1,0,3,1,3,7,1,3,2,1,3,3,3,165,0,0,0,0,0,0,2,400,3,131400,11.786008995353765,2173,48,26,1,0,1,0,0,1,0,1,1,1.0,0,0,0,1,1,1,0,0,1,0,0,1,0,0,0,0,0,0,0,0,0,0,0,1,0,1,1,0,0,0,0,0,0,0,0,0,1,0,0,0,1,0,0,0,0,0,0,0,0,0,1,0,0,0,0,0,0,0,0,1,0,1,0,0,0,1,0,0,1,0,0,0,0,0,0,1,0,0,1,9.210440366976517,4.394449154672439
735,70.04995836802665,8978,3,4,3,5,5,0.0,3,3,3,3,1,1,0,1,0,948,948,3,948,0,0,948,0,0,1,0,3,1,3,7,0,0,1,1,3,3,3,147,0,0,0,0,0,0,0,0,5,108000,11.58989576532275,2043,39,39,0,0,0,0,0,0,0,1,1,1.0,0,0,0,0,1,1,0,0,1,0,0,1,0,0,0,0,0,0,0,0,0,0,0,1,0,1,1,0,0,0,0,0,0,0,0,0,0,0,0,0,0,0,0,1,0,0,0,0,0,0,0,0,0,1,0,0,0,0,0,1,0,0,0,1,0,1,0,0,1,0,0,0,0,0,0,0,0,0,1,9.102643796520809,4.2633832685897595
736,60.0,10800,4,4,3,7,7,0.0,3,3,4,3,2,3,390,1,0,490,880,2,880,888,0,1768,0,0,1,1,2,1,3,7,2,3,1,2,3,3,1,0,341,0,0,0,0,0,0,0,10,163000,12.001511614739403,2989,92,36,1,0,0,0,0,0,0,1,0,2.25,0,0,0,1,1,0,0,0,1,0,0,0,0,0,0,0,1,0,0,0,0,0,0,0,1,1,1,0,0,0,1,0,0,0,0,0,0,0,0,0,0,0,0,0,0,0,1,0,0,0,0,0,0,0,0,0,1,0,0,1,0,0,0,0,0,0,0,0,1,0,0,1,0,0,0,0,0,0,1,9.287394001418473,4.110873864173311
737,60.0,8544,4,4,3,3,4,0.0,3,3,0,0,0,0,0,0,0,0,0,4,1040,0,0,1040,0,0,2,0,2,2,3,7,0,0,1,2,3,3,3,0,0,0,0,0,0,0,0,0,7,93500,11.445727410406752,1040,56,56,0,0,0,0,0,0,0,1,1,1.0,0,0,0,1,0,0,1,1,0,0,0,0,0,0,0,0,0,0,0,1,0,0,0,1,0,1,1,0,0,0,1,0,0,1,0,0,0,0,0,0,0,0,0,0,1,0,0,0,0,0,0,0,1,0,0,0,0,0,0,1,0,1,0,0,0,0,1,0,0,0,0,1,0,0,0,0,0,0,1,9.053101595549691,4.110873864173311
738,72.0,10463,3,4,3,8,5,0.0,4,3,4,3,1,1,0,1,0,893,893,5,901,900,0,1801,0,0,2,1,3,1,4,7,1,4,3,3,3,3,3,0,116,0,0,0,0,0,0,0,6,239900,12.3879816172226,2810,1,1,0,0,0,1,0,0,0,1,1,2.0,0,0,0,1,0,0,0,1,0,0,0,0,0,0,1,0,0,0,0,0,0,0,0,1,0,1,1,0,1,0,0,0,0,0,0,0,0,0,0,0,0,0,0,0,0,1,0,0,0,0,0,0,0,0,0,1,0,0,0,1,0,0,0,1,0,1,0,0,1,0,0,0,0,0,0,0,1,0,0,9.25569607369698,4.290459441148391
739,60.0,10800,4,4,3,5,5,0.0,3,3,4,4,4,6,1200,1,0,0,1200,3,1200,0,0,1200,3,0,3,0,3,1,3,7,0,0,0,0,0,0,3,120,0,0,0,0,0,0,0,0,3,179000,12.095146671399466,2520,22,21,1,0,0,0,0,0,0,1,1,1.0,0,0,1,0,1,1,1,0,0,0,0,0,0,0,0,0,0,0,0,1,0,0,0,1,0,1,1,0,0,0,1,0,0,1,0,0,0,0,0,0,0,0,0,1,0,0,0,0,0,0,0,0,0,1,0,0,0,0,0,1,0,1,0,0,0,1,0,0,1,0,0,0,1,0,0,0,0,0,1,9.287394001418473,4.110873864173311
740,65.0,9313,3,4,3,7,5,0.0,4,3,4,3,1,1,0,1,0,864,864,5,864,864,0,1728,0,0,2,1,3,1,4,7,0,0,2,2,3,3,3,187,56,0,0,0,0,0,0,0,4,190000,12.154784614286667,2835,5,5,0,0,0,0,0,0,0,1,1,2.0,0,0,0,1,1,0,1,0,0,0,0,0,0,0,1,0,0,0,0,0,0,0,0,1,0,1,1,0,0,0,1,0,0,0,0,0,0,0,0,0,0,0,0,0,0,1,0,0,0,0,0,0,0,0,0,1,0,0,0,1,0,0,0,1,0,1,0,0,1,0,0,0,0,0,0,0,0,0,1,9.139273923542323,4.189654742026425
741,60.0,9600,4,4,3,5,7,0.0,3,4,2,2,1,1,0,1,0,264,264,5,768,664,0,1432,0,0,2,0,2,1,3,7,0,0,1,2,3,4,3,270,0,112,0,0,0,0,4,0,5,132000,11.790564777297387,2078,97,5,1,0,0,0,0,0,0,1,1,2.0,0,0,1,0,1,0,0,0,1,0,0,0,0,0,0,1,0,0,0,0,0,0,0,0,1,1,0,0,0,0,1,0,0,0,0,0,0,0,0,0,0,0,0,0,0,0,1,0,0,0,0,0,0,0,0,0,0,1,0,1,0,0,0,0,0,1,0,0,1,0,0,1,0,0,0,0,0,0,1,9.169622538697624,4.110873864173311
742,65.0,6768,3,4,3,6,8,0.0,3,4,3,3,2,6,832,1,0,80,912,4,912,0,0,912,1,1,1,0,3,1,4,7,0,0,1,1,3,3,3,168,0,0,0,0,0,0,4,0,5,142000,11.863589378812122,1992,47,12,1,0,0,0,0,1,0,1,1,1.0,0,0,0,1,1,1,0,0,1,0,0,1,0,0,0,0,0,0,0,0,0,0,0,1,0,1,1,0,0,0,1,0,0,0,0,0,1,0,0,0,1,0,0,0,0,0,0,0,0,0,1,0,0,0,0,0,0,0,0,1,0,1,0,0,0,1,0,0,1,0,0,1,0,0,0,0,0,0,1,8.820108644508608,4.189654742026425
743,65.0,8450,4,4,3,7,5,108.0,3,3,4,3,1,1,0,1,0,1349,1349,5,1349,0,0,1349,0,0,2,0,3,1,3,7,0,0,1,2,3,3,3,120,55,0,0,0,0,0,4,0,12,179000,12.095146671399466,2873,7,6,1,0,0,0,0,0,0,1,1,1.0,0,0,0,1,0,0,1,0,1,0,0,1,0,0,0,0,0,0,0,0,0,0,0,1,0,1,1,0,0,0,1,0,0,0,0,0,0,0,0,0,0,0,0,0,0,1,0,0,0,0,0,0,0,0,0,1,0,0,1,0,0,0,0,1,0,1,0,0,1,0,0,0,0,0,0,0,0,0,1,9.042040056544483,4.189654742026425
744,70.0,12886,3,4,3,5,6,0.0,3,3,4,3,3,5,444,1,0,76,520,5,1464,0,0,1464,0,1,2,0,3,1,3,5,1,3,2,2,3,3,3,302,0,0,0,100,0,0,0,0,10,175000,12.07254696717504,2386,46,10,1,0,0,0,0,0,0,1,1,1.5,1,0,0,1,1,1,0,0,1,0,0,0,0,0,0,0,0,1,0,0,0,0,0,1,0,1,1,0,0,0,1,0,0,0,0,0,0,0,0,0,1,0,0,0,0,0,0,0,0,0,1,0,0,0,0,0,0,0,0,1,0,1,0,0,0,1,0,0,1,0,0,0,0,0,0,0,0,0,1,9.46397433028839,4.2626798770413155
745,41.0,5395,3,4,3,8,5,0.0,4,3,4,3,1,6,733,1,0,604,1337,4,1337,0,0,1337,1,0,2,0,2,1,4,7,1,3,2,2,3,3,3,96,0,70,168,0,0,0,0,0,10,180000,12.100717685412471,3008,15,15,0,0,0,1,0,0,0,1,1,1.0,0,0,0,1,0,1,1,0,1,0,0,0,0,0,0,0,0,0,0,0,0,0,0,1,0,1,1,0,0,0,1,0,0,0,0,1,0,0,0,0,1,0,0,0,0,0,0,0,0,0,1,0,0,0,0,0,0,0,0,1,0,0,0,1,0,1,0,0,1,0,0,0,0,0,0,0,1,0,0,8.593413217327646,3.7376696182833684
746,70.04995836802665,8963,3,4,3,8,9,289.0,5,4,3,4,1,6,575,5,80,487,1142,5,1175,1540,0,2715,0,1,3,1,4,1,4,7,2,3,3,2,3,3,3,0,204,0,0,0,0,0,0,0,7,299800,12.61087420020211,4061,32,12,1,0,0,0,0,0,0,1,1,2.0,0,0,0,1,0,1,1,1,0,0,0,0,0,0,1,0,0,0,0,0,0,0,0,1,0,1,1,0,0,0,1,0,0,0,0,0,1,0,0,0,0,0,0,0,0,1,0,0,0,0,0,0,0,0,0,1,0,0,1,0,0,1,0,0,0,1,0,0,1,0,1,0,0,0,0,0,0,0,1,9.100971834920818,4.2633832685897595
747,70.04995836802665,8795,3,4,3,7,5,0.0,4,3,4,3,1,6,300,1,0,652,952,5,980,1276,0,2256,0,0,2,1,4,1,4,7,1,3,3,2,3,3,3,224,54,0,0,0,0,0,0,0,4,236000,12.371591321286903,3486,9,9,0,0,0,0,0,0,0,1,1,2.0,0,0,0,1,0,0,0,1,0,0,0,0,0,0,1,0,0,0,0,0,0,0,0,1,0,1,1,0,0,0,1,0,0,0,0,0,0,0,0,0,0,0,0,0,0,1,0,0,0,0,0,0,0,0,0,1,0,0,0,1,0,0,0,1,0,1,0,0,1,0,1,0,0,0,0,0,0,0,1,9.082052351674651,4.2633832685897595
748,65.0,11700,3,4,3,7,7,0.0,4,3,3,2,1,1,0,1,0,1240,1240,3,1320,1320,0,2640,0,0,1,1,4,1,4,7,1,4,1,4,3,3,1,181,0,386,0,0,0,0,0,0,5,265979,12.491176396967154,4447,129,6,1,0,0,0,0,0,0,1,0,2.0,0,0,0,1,1,0,0,0,1,0,0,0,0,0,0,1,0,0,0,0,0,0,0,0,1,1,0,1,0,0,0,0,0,0,0,0,0,1,0,0,0,0,0,0,1,0,0,0,0,0,0,0,0,0,1,0,0,0,0,1,0,0,1,0,0,0,0,0,1,0,0,1,0,0,0,0,0,0,1,9.367429587218957,4.189654742026425
749,59.0,10593,3,4,3,7,5,338.0,4,3,4,3,1,6,919,1,0,801,1720,5,1720,0,0,1720,1,0,2,0,3,1,4,7,1,3,3,2,3,3,3,240,56,154,0,0,0,0,0,0,3,260400,12.469978029554952,3890,14,14,0,0,0,0,0,0,0,1,1,1.0,0,0,0,1,1,1,1,1,0,0,0,1,0,0,0,0,0,0,0,0,0,0,0,1,0,1,1,0,0,0,1,0,0,0,0,0,1,0,0,0,0,0,0,0,0,1,0,0,0,0,0,0,0,0,0,1,0,0,1,0,0,0,0,1,0,1,0,0,1,0,0,0,0,0,0,0,0,0,1,9.268043082104471,4.0943445622221
750,50.0,8405,4,4,3,4,3,0.0,3,3,0,0,0,0,0,0,0,0,0,3,1088,441,0,1529,0,0,2,0,4,1,3,4,0,0,1,1,3,3,1,92,0,185,0,0,0,0,0,0,4,98000,11.49273296168228,1806,64,59,1,0,0,0,0,0,0,1,0,1.5,0,0,0,1,1,1,1,0,0,0,0,0,0,1,0,0,0,0,0,0,0,0,0,1,0,1,1,0,0,0,1,0,0,0,0,0,0,0,0,0,0,0,0,0,0,0,0,1,0,0,0,0,0,0,0,0,0,1,0,1,0,0,0,0,1,0,1,0,0,0,0,1,0,0,0,0,0,0,1,9.036701015565063,3.9318256327243257
751,55.0,8800,4,4,3,4,7,0.0,3,3,3,2,1,1,0,1,0,576,576,4,792,348,0,1140,0,0,1,0,3,1,3,5,0,0,0,0,0,0,1,0,160,0,0,0,0,0,0,0,6,96500,11.477308649967686,1876,100,6,1,0,0,0,0,0,0,1,1,1.5,0,0,0,1,1,0,0,0,1,0,0,0,0,1,0,0,0,0,0,0,0,0,0,0,1,1,0,0,0,0,0,0,0,0,0,0,0,0,0,0,0,0,0,0,0,0,1,0,0,0,0,0,0,0,0,0,1,0,0,1,0,0,0,0,0,1,0,0,1,0,0,0,1,0,0,0,0,0,1,9.082620630373812,4.02535169073515
752,70.04995836802665,7750,4,4,3,7,5,0.0,4,3,4,3,1,1,0,1,0,660,660,5,660,660,0,1320,0,0,2,1,3,1,4,7,0,0,3,2,3,3,3,0,48,0,0,0,0,0,0,0,8,162000,11.995357787034976,2028,4,4,0,0,0,0,0,0,1,1,1,2.0,0,0,0,1,0,0,0,1,0,0,0,0,0,0,1,0,0,0,0,0,0,0,0,1,0,1,1,0,0,0,1,0,0,0,0,0,0,0,0,0,0,0,0,0,0,1,0,0,0,0,0,0,0,0,0,1,0,0,0,1,0,0,0,1,0,1,0,0,1,0,0,0,0,0,0,0,0,0,1,8.955577146281511,4.2633832685897595
753,79.0,9236,3,4,3,6,5,0.0,3,4,4,3,4,6,1200,1,0,279,1479,5,1494,0,0,1494,1,0,2,0,3,1,4,7,0,0,2,2,3,3,3,168,27,0,0,0,0,0,0,0,7,217000,12.28765724080691,3168,9,9,0,0,0,0,0,0,0,1,1,1.0,0,0,0,1,1,0,1,0,0,0,0,1,0,0,0,0,0,0,0,0,0,0,0,1,0,1,1,0,0,0,1,0,0,0,0,0,0,0,0,0,0,0,0,0,0,1,0,0,0,0,0,0,0,0,0,1,0,0,0,1,0,0,0,1,0,1,0,0,1,0,0,0,0,0,0,0,0,0,1,9.13097243659261,4.382026634673881
754,80.0,10240,4,4,3,8,5,178.0,4,3,4,3,2,1,0,1,0,1030,1030,4,1038,1060,0,2098,0,0,2,1,3,1,5,7,1,4,2,3,3,3,3,192,52,0,0,0,0,0,0,0,3,275500,12.526346537332584,3372,1,1,0,0,0,0,0,0,0,1,1,2.0,0,0,0,1,0,0,0,0,1,0,0,0,0,0,1,0,0,0,0,0,0,0,0,1,0,1,1,0,0,0,1,0,0,0,0,0,0,0,0,0,0,0,0,0,0,1,0,0,0,0,0,0,0,0,0,1,0,0,1,0,0,0,0,1,0,1,0,0,1,0,0,0,0,0,0,0,0,0,1,9.234154550075438,4.394449154672439
755,61.0,7930,4,4,3,6,8,0.0,3,3,3,3,1,6,439,2,472,115,1026,4,1026,0,0,1026,1,0,1,0,3,1,4,7,0,0,2,2,3,3,3,171,48,0,0,0,0,0,0,0,7,156000,11.95761769646754,2271,40,4,1,0,0,0,0,0,0,1,1,1.0,0,0,0,1,0,0,1,1,0,0,0,1,0,0,0,0,0,0,0,0,0,0,0,1,0,1,1,0,0,0,1,0,0,0,0,0,0,0,0,0,0,0,0,1,0,0,0,0,0,0,0,0,0,1,0,0,0,0,0,1,0,1,0,0,0,1,0,0,1,0,0,1,0,0,0,0,0,0,1,8.97853441008332,4.127134385045092
756,34.0,3230,4,4,3,6,5,894.0,3,3,4,3,1,6,381,1,0,348,729,4,742,729,0,1471,0,0,2,1,3,1,3,7,0,0,1,2,3,3,3,0,24,0,0,0,0,0,0,0,3,172500,12.058158312538197,2224,10,10,0,0,0,0,0,0,0,1,1,2.0,0,0,0,1,1,0,1,0,1,1,0,0,0,0,0,0,0,0,0,0,0,0,0,0,0,1,0,1,0,0,1,0,0,0,0,1,0,0,0,0,0,1,0,0,0,0,0,0,0,0,0,1,0,0,0,0,0,0,1,0,0,0,0,1,0,1,0,0,1,0,0,1,0,0,0,0,0,0,1,8.080546965824498,3.5553480614894135
757,68.0,10769,3,4,3,8,5,0.0,4,3,4,3,3,6,20,1,0,846,866,5,866,902,0,1768,0,0,2,1,3,1,4,7,0,0,2,2,3,3,3,144,105,0,0,0,0,0,0,0,4,212000,12.264346270624156,2883,2,2,0,0,0,0,0,0,0,1,1,2.0,0,0,0,1,1,0,1,0,0,0,0,0,0,0,1,0,0,0,0,0,0,0,0,1,0,1,1,0,0,0,1,0,0,0,0,0,0,0,0,0,0,0,0,0,0,1,0,0,0,0,0,0,0,0,0,1,0,0,0,1,0,0,0,1,0,1,0,0,1,0,0,0,0,0,0,0,0,0,1,9.284519770150434,4.23410650459726
758,70.04995836802665,11616,3,4,3,6,5,328.0,3,3,3,3,2,3,438,1,0,234,672,3,672,714,0,1386,0,0,2,1,3,1,3,7,1,3,3,2,3,3,3,335,0,0,0,0,0,0,4,0,4,158900,11.97603664577121,2393,32,32,0,0,0,0,0,0,0,1,1,2.0,0,0,1,0,1,1,0,0,1,0,0,0,0,0,1,0,0,0,0,0,0,0,0,1,0,1,1,0,1,0,0,0,0,0,0,0,1,0,0,0,1,0,0,0,0,0,0,0,0,0,1,0,0,0,0,0,0,0,0,0,0,1,0,0,0,1,0,0,1,0,0,0,0,0,0,0,0,0,1,9.360224821513475,4.2633832685897595
759,24.0,2280,4,4,3,7,5,360.0,3,3,4,3,1,5,549,1,0,195,744,4,757,744,0,1501,0,0,2,1,3,1,3,7,0,0,1,2,3,3,3,0,0,0,0,0,0,0,0,0,8,179400,12.097378802727306,2245,9,9,0,0,0,0,0,0,0,1,1,2.0,0,0,0,1,1,0,1,0,1,1,0,0,0,0,0,0,0,0,0,0,0,0,0,0,0,1,0,1,0,0,1,0,0,0,1,0,0,0,0,0,0,1,0,0,0,0,0,0,0,0,0,1,0,0,0,0,0,0,1,0,0,0,0,1,0,1,0,0,1,0,0,1,0,0,0,0,0,0,1,7.732369222284388,3.2188758248682006
760,65.0,12257,3,4,3,8,5,513.0,4,3,4,3,3,2,56,5,64,1198,1318,5,1328,1203,0,2531,0,0,2,1,4,1,4,7,1,3,2,3,3,3,3,222,98,0,0,0,0,0,0,0,11,290000,12.577639650232571,4169,12,12,0,0,0,0,0,0,0,1,1,2.0,0,0,0,1,1,1,1,1,0,0,0,0,0,0,1,0,0,0,0,0,0,0,0,1,0,1,1,0,0,0,1,0,0,0,0,0,0,0,0,0,0,0,0,0,0,1,0,0,0,0,0,0,0,0,0,1,0,0,1,0,0,0,0,1,0,1,0,0,1,0,0,0,0,0,0,0,0,0,1,9.413934064045677,4.189654742026425
761,70.0,9100,4,4,3,6,6,0.0,3,3,3,3,1,3,612,1,0,252,864,5,864,0,0,864,0,0,1,0,2,1,3,7,0,0,1,1,5,5,3,0,0,0,0,0,0,0,0,450,10,127500,11.755879486687116,1728,50,50,0,0,1,0,0,0,0,1,1,1.0,0,0,0,1,0,0,1,1,0,0,0,1,0,0,0,0,0,0,0,0,0,0,0,1,0,1,1,0,0,0,1,0,0,0,0,0,1,0,0,0,0,0,0,0,0,0,1,0,0,0,0,0,0,0,0,0,1,0,0,1,0,1,0,0,0,1,0,0,1,0,0,1,0,0,0,1,0,0,1,9.116139576577355,4.2626798770413155
762,60.0,6911,4,4,3,5,5,0.0,3,3,3,3,2,2,405,1,0,740,1145,3,1301,0,0,1301,0,0,1,0,2,1,2,6,0,0,1,2,3,3,3,0,0,0,0,0,0,0,0,0,10,100000,11.51293546492023,2446,85,59,1,0,0,0,0,1,0,1,1,1.0,0,0,0,1,1,1,0,0,0,0,0,0,1,0,0,0,0,0,0,0,0,0,0,0,1,1,1,0,0,1,0,0,0,0,0,0,0,0,0,0,0,0,0,0,0,0,1,0,0,0,0,0,0,0,0,0,1,0,0,1,0,0,0,1,0,1,0,0,1,0,0,1,0,0,0,0,0,0,1,8.841014310483892,4.110873864173311
763,72.0,8640,4,4,3,7,5,0.0,3,3,4,3,2,6,24,1,0,732,756,5,764,783,0,1547,0,0,2,1,3,1,4,7,0,0,1,2,3,3,3,169,45,0,0,0,0,0,0,0,6,215200,12.279327754099118,2517,1,1,0,0,0,0,0,0,0,1,1,2.0,0,0,0,1,1,0,1,0,1,0,0,0,0,0,1,0,0,0,0,0,0,0,0,0,0,1,1,0,0,0,1,0,0,0,0,0,0,0,0,0,0,0,0,0,0,1,0,0,0,0,0,0,0,0,0,1,0,0,0,1,0,0,0,1,0,1,0,0,1,0,0,0,0,0,0,0,0,0,1,9.0642735958414,4.290459441148391
764,82.0,9430,4,4,3,8,5,673.0,4,3,4,3,2,6,1163,1,0,89,1252,5,1268,1097,0,2365,1,0,2,1,3,1,4,7,1,4,2,3,3,3,3,0,128,0,0,180,0,0,0,0,7,337000,12.727841176689148,3925,10,10,0,0,0,0,0,0,0,1,1,2.0,0,0,0,1,1,1,1,1,0,0,0,0,0,0,1,0,0,0,0,0,0,0,0,1,0,1,1,0,0,0,1,0,0,0,0,0,0,0,0,0,0,0,0,0,0,1,0,0,0,0,0,0,0,0,0,1,0,0,1,0,0,0,0,1,0,1,0,0,1,0,0,0,0,0,0,0,0,0,1,9.151757414543885,4.418840607796598
765,30.0,9549,3,4,3,8,5,0.0,4,4,4,4,3,2,437,6,1057,0,1494,5,1494,0,0,1494,1,0,1,1,2,1,5,7,1,4,3,2,3,3,3,0,30,0,0,216,0,0,0,0,4,270000,12.506180941677355,3234,11,10,1,0,0,0,0,0,0,1,1,1.0,0,0,0,1,0,0,0,1,1,0,0,0,0,0,0,0,0,0,0,0,0,0,0,1,0,1,1,0,1,0,0,0,0,0,0,1,1,0,1,0,0,0,0,0,0,0,0,0,1,0,0,0,0,0,0,0,0,0,0,1,0,0,0,1,0,1,0,0,1,0,0,0,0,0,0,0,0,0,1,9.164296433474776,3.4339872044851463
766,75.0,14587,3,4,3,9,5,284.0,4,3,4,3,1,1,0,1,0,1498,1498,5,1506,0,0,1506,0,0,2,0,2,1,5,7,1,4,3,2,3,3,3,0,174,0,0,0,0,0,0,0,8,264132,12.484208043148731,3178,0,0,0,0,0,0,0,0,0,1,1,1.0,0,1,0,0,1,0,1,0,1,0,0,1,0,0,0,0,0,0,0,0,0,0,0,1,0,1,1,0,0,0,1,0,0,0,0,0,0,0,0,0,0,0,0,0,0,1,0,0,0,0,0,0,0,0,0,1,0,0,0,0,1,0,0,1,0,1,0,0,1,0,0,0,0,0,0,0,0,0,1,9.58795455192857,4.330733340286331
767,80.0,10421,4,4,3,7,5,42.0,3,3,4,3,1,6,394,1,0,586,980,3,980,734,0,1714,0,0,2,1,3,1,3,7,1,3,1,2,3,3,3,228,66,156,0,0,0,0,3,500,3,196500,12.188422799337028,3144,22,22,0,0,1,0,0,0,0,1,1,2.0,0,0,0,1,0,1,1,1,0,0,0,0,0,0,1,0,0,0,0,0,0,0,0,1,0,1,1,0,0,0,1,0,0,0,0,0,0,0,0,0,1,0,0,0,0,0,0,0,0,0,1,0,0,0,0,0,0,0,1,0,0,1,0,0,0,1,0,0,1,0,0,0,0,0,0,1,0,0,1,9.25167423546916,4.394449154672439
768,75.0,12508,3,4,3,6,7,0.0,3,3,4,3,2,5,660,1,0,323,983,5,983,767,0,1750,1,0,2,0,4,1,3,4,0,0,1,1,3,3,3,245,0,156,0,0,0,0,0,1300,7,160000,11.982935344196433,3134,68,23,1,0,1,0,0,0,0,1,1,1.5,0,0,0,1,1,1,0,1,0,0,0,0,0,1,0,0,0,0,0,0,0,0,0,1,0,1,1,0,0,0,1,0,0,0,0,0,0,0,0,0,0,0,0,0,0,1,0,0,0,0,0,0,0,0,0,1,0,0,0,1,0,1,0,0,0,1,0,0,1,0,0,0,0,0,0,1,0,0,1,9.434203664214742,4.330733340286331
769,70.0,9100,4,4,3,7,5,0.0,4,3,4,3,1,6,24,1,0,1836,1860,5,1836,0,0,1836,0,0,2,0,3,1,4,7,1,4,3,2,3,3,3,120,33,0,0,0,0,0,0,0,10,216837,12.28690580994122,3849,2,1,1,0,0,0,0,0,0,1,1,1.0,0,0,0,1,1,0,1,0,0,0,0,1,0,0,0,0,0,0,0,0,0,0,0,1,0,1,1,0,0,0,1,0,0,0,0,0,1,0,0,0,0,0,0,0,0,1,0,0,0,0,0,0,0,0,0,1,0,0,0,1,0,0,0,1,0,1,0,0,1,0,0,0,0,0,0,0,0,0,1,9.116139576577355,4.2626798770413155
770,47.0,53504,2,4,2,8,5,603.0,5,3,4,3,4,5,1416,1,0,234,1650,5,1690,1589,0,3279,1,0,3,1,4,1,5,4,1,4,3,3,3,3,3,503,36,0,0,210,0,0,0,0,6,538000,13.195615697878251,5678,7,7,0,0,0,1,0,0,0,1,1,2.0,0,0,0,1,0,1,1,0,1,0,0,0,0,0,1,0,0,0,0,0,0,0,0,1,0,1,1,0,1,0,0,0,0,0,0,0,1,0,0,1,0,0,0,0,0,0,0,0,0,0,0,0,0,0,0,0,0,1,1,0,0,0,0,1,0,1,0,0,1,0,1,0,0,0,0,0,1,0,0,10.887530386461101,3.871201010907891
771,70.04995836802665,7252,3,4,3,5,5,0.0,3,3,4,3,3,6,685,1,0,173,858,3,858,0,0,858,1,0,1,0,2,1,3,7,0,0,1,2,3,3,3,120,0,0,0,0,0,0,0,0,4,134900,11.812296455066814,1836,27,27,0,0,0,0,0,0,0,1,1,1.5,1,0,0,1,1,1,0,0,1,0,0,0,0,0,0,0,0,0,1,0,0,0,0,1,0,1,1,0,1,0,0,0,0,0,0,0,1,0,0,0,0,0,0,0,0,0,1,0,0,0,0,0,0,0,0,0,1,0,0,1,0,1,0,0,0,1,0,0,1,0,0,1,0,0,0,0,0,0,1,8.889170455363413,4.2633832685897595
772,67.0,8877,4,4,3,4,5,0.0,3,3,2,2,1,2,836,1,0,0,836,3,1220,0,0,1220,0,0,1,0,2,1,3,7,0,0,1,2,3,3,3,0,0,0,0,0,0,0,0,0,4,102000,11.53273789613992,2056,55,55,0,0,0,0,0,0,0,1,1,1.0,0,0,0,1,1,1,1,0,0,0,0,1,0,0,0,0,0,0,0,0,0,0,0,1,0,1,1,0,0,0,1,0,0,0,0,0,0,0,0,0,0,0,0,0,0,0,1,0,0,0,0,0,0,0,0,0,1,0,0,1,0,1,0,0,0,1,1,0,0,0,0,1,0,0,0,0,0,0,1,9.09133158539398,4.219507705176107
773,94.0,7819,4,4,3,6,5,0.0,3,3,3,3,3,5,422,4,127,480,1029,3,1117,0,0,1117,1,0,1,0,3,1,3,7,1,3,1,2,3,3,3,144,0,0,0,0,0,0,3,0,3,107000,11.580593459194764,2290,34,34,0,0,0,0,0,0,0,1,1,1.5,1,0,1,0,1,1,1,0,0,0,0,0,0,0,0,0,0,1,0,0,0,0,0,1,0,1,1,0,0,0,1,0,0,0,0,0,0,0,0,0,0,0,0,1,0,0,0,0,0,0,0,0,0,1,0,0,0,0,0,1,0,1,0,0,0,1,0,0,1,0,0,1,0,0,0,0,0,0,1,8.964439833539357,4.553876891600541
774,70.0,10150,4,4,3,5,5,1.0,3,3,3,3,1,3,456,1,0,456,912,5,912,0,0,912,0,0,1,0,2,1,3,7,0,0,2,1,3,3,3,0,0,0,0,0,0,0,0,0,7,114500,11.648338835562749,1824,49,49,0,0,0,0,0,1,0,1,1,1.0,0,0,0,1,0,0,1,1,0,0,0,1,0,0,0,0,0,0,0,0,0,0,0,1,0,1,1,0,0,0,1,0,0,0,0,0,0,0,0,0,0,0,0,0,0,0,1,0,0,0,0,0,0,0,0,0,1,0,0,1,0,1,0,0,0,1,0,0,0,0,0,0,0,0,0,0,0,0,1,9.225327501784431,4.2626798770413155
775,110.0,14226,4,4,3,8,5,375.0,4,3,4,3,3,1,0,1,0,1935,1935,4,1973,0,0,1973,0,0,2,0,3,1,4,7,1,4,3,3,3,3,3,315,45,0,0,0,0,0,0,0,7,395000,12.886643575525625,4268,1,1,0,0,0,0,0,0,0,1,1,1.0,0,1,0,0,0,0,0,0,1,0,0,1,0,0,0,0,0,0,0,0,0,0,0,1,0,1,1,0,0,0,0,0,0,0,0,0,1,0,0,0,0,0,0,0,0,1,0,0,0,0,0,0,0,0,0,1,0,0,1,0,0,0,0,1,0,1,0,0,1,0,0,0,0,0,0,0,0,0,1,9.562896846651167,4.709530201312334
776,32.0,4500,4,4,3,6,5,320.0,3,3,5,3,1,6,866,1,0,338,1204,5,1204,0,0,1204,1,0,2,0,2,1,3,7,0,0,3,2,3,3,3,0,247,0,0,0,0,0,0,0,6,162000,11.995357787034976,2655,11,11,0,0,0,0,0,0,0,1,1,1.0,0,0,0,1,1,1,0,1,0,0,0,0,0,0,0,0,0,0,0,0,0,0,0,0,1,1,1,0,0,1,0,0,0,0,0,1,1,0,0,0,0,0,0,0,0,1,0,0,0,0,0,0,0,0,0,1,0,0,1,0,0,0,0,1,0,1,0,0,1,0,0,0,0,0,0,0,0,0,1,8.412054873292933,3.4965075614664802
777,86.0,11210,3,4,3,7,5,240.0,4,3,4,3,3,6,20,1,0,1594,1614,5,1614,0,0,1614,0,0,2,0,3,1,4,7,0,0,2,3,3,3,3,144,59,0,0,0,0,0,0,0,7,221500,12.308182383129823,3431,1,0,1,0,0,0,0,0,0,1,1,1.0,0,1,0,0,1,0,1,0,0,0,0,1,0,0,0,0,0,0,0,0,0,0,0,1,0,1,1,0,0,0,1,0,0,0,0,0,0,0,0,0,0,0,0,0,0,1,0,0,0,0,0,0,0,0,0,1,0,0,1,0,0,0,0,1,0,1,0,0,1,0,0,0,0,0,0,0,0,0,1,9.324650718153594,4.465908118654584
778,100.0,13350,3,4,3,5,5,0.0,3,3,3,3,1,5,762,1,0,102,864,3,894,0,0,894,1,0,1,0,3,1,3,7,1,2,1,2,3,3,3,241,0,0,0,0,0,0,3,0,6,142500,11.86710429621008,1999,32,32,0,0,0,0,0,0,0,1,1,1.0,0,0,0,1,1,1,0,0,1,0,0,1,0,0,0,0,0,0,0,0,0,0,0,1,0,1,1,0,0,0,1,0,0,0,0,0,1,0,0,0,1,0,0,0,0,0,0,0,0,0,0,0,0,1,0,0,0,0,0,1,0,1,0,0,0,1,0,0,1,0,0,0,0,0,0,0,0,0,1,9.499346567390095,4.61512051684126
779,60.0,8400,4,4,3,5,5,320.0,3,3,0,0,0,0,0,0,0,0,0,3,2020,0,0,2020,0,0,2,0,4,2,3,7,2,3,1,2,3,3,3,0,0,0,0,0,0,0,0,0,10,144000,11.87757552297847,2020,30,30,0,0,0,0,0,1,0,1,1,1.0,0,0,0,1,0,0,1,0,1,0,0,0,0,0,0,0,0,0,0,1,0,0,1,0,0,1,1,0,0,0,1,0,0,1,0,0,0,0,0,0,0,0,0,1,0,0,0,0,0,0,0,0,0,1,0,0,0,0,1,0,0,0,0,0,1,1,0,0,1,0,0,1,0,0,0,0,0,0,1,9.036106025364846,4.110873864173311
780,78.0,10530,4,4,3,6,5,90.0,3,3,4,3,4,6,975,1,0,0,975,3,1004,0,0,1004,1,0,1,0,2,1,3,7,0,0,1,2,3,3,3,0,0,0,0,0,0,0,0,0,5,135000,11.81303746480054,1979,29,29,0,0,0,0,0,0,0,1,1,1.5,1,0,0,1,1,1,0,1,0,0,0,0,0,0,0,0,0,0,0,1,0,0,0,1,0,1,1,0,0,0,1,0,0,1,0,0,0,0,0,0,0,0,0,1,0,0,0,0,0,0,0,0,1,0,0,0,0,0,1,0,0,1,0,0,0,1,0,0,1,0,0,0,0,0,0,0,0,0,1,9.262078567380597,4.3694478524670215
781,63.0,7875,4,4,3,7,5,38.0,3,3,4,4,1,1,0,1,0,1237,1237,4,1253,0,0,1253,0,0,2,0,3,1,3,7,1,3,3,2,3,3,3,220,21,0,0,0,0,0,0,0,6,176000,12.07824495582233,2731,12,11,1,0,0,0,0,0,0,1,1,1.0,0,0,0,1,0,0,0,1,0,0,0,1,0,0,0,0,0,0,0,0,0,0,0,1,0,1,1,0,0,0,1,0,0,0,0,0,0,0,0,0,1,0,0,0,0,0,0,0,0,0,1,0,0,0,0,0,0,0,1,0,0,0,0,1,0,1,0,0,1,0,0,0,0,0,0,0,0,0,1,8.971575439759016,4.1588830833596715
782,65.0,7153,4,4,3,6,5,0.0,4,4,4,3,1,5,387,1,0,374,761,5,810,793,0,1603,0,0,2,1,3,1,4,7,0,0,2,2,3,3,3,0,124,0,0,0,0,0,0,0,7,175900,12.077676615757811,2488,14,14,0,0,0,0,0,0,0,1,1,2.0,0,0,0,1,0,0,1,0,1,0,0,0,0,0,1,0,0,0,0,0,0,0,0,1,0,1,1,0,0,0,1,0,0,0,0,0,0,0,0,0,0,0,0,0,0,1,0,0,0,0,0,0,0,0,0,1,0,0,0,1,0,0,0,1,0,1,0,0,1,0,0,0,0,0,0,0,0,0,1,8.875426919818963,4.189654742026425
783,67.0,16285,2,4,3,7,5,0.0,4,3,4,3,1,1,0,1,0,1413,1413,5,1430,0,0,1430,0,0,2,0,3,1,4,7,0,0,2,2,3,3,3,0,33,0,0,0,0,0,0,0,6,187100,12.139403856983334,2876,8,7,1,0,0,0,0,0,0,1,1,1.0,0,0,0,1,1,0,1,0,0,0,0,1,0,0,0,0,0,0,0,0,0,0,0,1,0,1,1,0,0,0,1,0,0,0,0,0,0,0,0,0,0,0,0,0,0,1,0,0,0,0,0,0,0,0,0,1,0,0,0,1,0,0,0,1,0,1,0,0,1,0,0,0,0,0,0,0,0,0,1,9.698061122027077,4.219507705176107
784,70.04995836802665,9101,3,4,3,5,6,104.0,3,4,4,3,3,6,1097,1,0,0,1097,5,1110,0,0,1110,1,0,1,0,1,1,4,7,1,3,3,2,3,3,3,303,30,0,0,0,0,0,0,0,7,165500,12.016732516077072,2540,31,31,0,0,0,0,0,0,0,1,1,1.5,1,0,0,1,1,1,0,1,0,0,0,0,0,0,0,0,0,0,1,0,0,0,0,1,0,1,1,0,0,0,0,0,0,0,0,0,0,0,0,0,0,0,0,1,0,0,0,0,0,0,0,0,0,1,0,0,0,0,1,0,0,0,0,1,0,1,0,0,1,0,0,0,0,0,0,0,0,0,1,9.116249448576587,4.2633832685897595
785,35.0,6300,4,4,3,6,6,0.0,3,3,3,3,1,1,0,1,0,742,742,5,742,742,0,1484,0,0,2,0,3,1,3,7,1,4,0,0,0,0,3,0,291,134,0,0,0,0,0,0,6,128000,11.759793355371237,2651,94,7,1,0,0,0,0,0,0,1,1,2.25,0,0,0,1,1,0,0,0,1,0,0,0,0,0,0,0,1,0,0,0,0,0,0,0,1,1,0,0,0,0,1,0,0,0,0,0,0,0,0,0,0,0,0,0,0,0,1,0,0,0,0,0,0,0,0,0,0,1,0,1,0,1,0,0,0,1,0,0,1,0,0,0,1,0,0,0,0,0,1,8.748463629942055,3.58351893845611
786,70.04995836802665,9790,4,4,3,6,5,0.0,3,3,3,3,1,3,251,2,630,491,1372,3,1342,0,0,1342,0,0,2,0,3,1,3,7,1,4,1,2,3,3,3,0,0,0,0,197,0,0,0,0,9,161500,11.992266613576142,2911,42,42,0,0,0,0,0,1,0,1,1,1.0,0,0,0,1,0,1,1,1,0,0,0,1,0,0,0,0,0,0,0,0,0,0,0,1,0,1,1,0,0,0,1,0,0,0,0,0,0,0,1,0,0,0,0,0,0,0,0,0,0,0,0,0,0,0,0,0,1,0,0,1,0,1,0,0,0,1,0,0,1,0,0,0,0,0,0,0,0,0,1,9.189218875354072,4.2633832685897595
787,60.0,10800,4,4,3,5,6,0.0,3,4,2,3,1,2,686,1,0,0,686,3,966,686,0,1652,1,0,2,0,4,1,3,7,0,0,1,1,3,3,3,0,0,196,0,0,0,0,0,1200,6,139000,11.842236406331557,2534,95,60,1,0,1,0,0,1,0,1,1,1.5,0,0,0,1,1,0,0,0,1,0,0,0,0,1,0,0,0,0,0,0,0,0,0,0,1,1,1,0,0,0,1,0,0,0,0,0,0,0,0,0,0,1,0,0,0,0,0,0,0,0,0,1,0,0,0,0,0,0,0,1,0,0,0,1,0,1,0,0,1,0,0,1,0,0,0,1,0,0,1,9.287394001418473,4.110873864173311
788,76.0,10142,3,4,3,7,5,0.0,4,3,4,3,1,6,656,1,0,300,956,5,956,1128,0,2084,1,0,2,1,4,1,4,7,0,0,2,2,3,3,3,0,45,0,0,0,0,0,0,0,1,233000,12.358798024384122,3085,6,6,0,0,0,0,0,0,0,1,1,2.0,0,0,0,1,0,0,1,0,1,0,0,0,0,0,1,0,0,0,0,0,0,0,0,1,0,1,1,0,0,0,1,0,0,0,0,0,0,0,0,0,0,0,0,0,0,1,0,0,0,0,0,0,0,0,0,1,0,0,0,1,0,0,0,1,0,1,0,0,1,0,1,0,0,0,0,0,0,0,1,9.224539091375995,4.343805421853684
789,50.0,6000,4,4,3,4,7,0.0,3,3,3,3,1,1,0,1,0,901,901,5,901,0,0,901,0,0,1,0,2,1,3,7,0,0,1,1,2,3,3,0,0,0,0,0,0,0,0,0,8,107900,11.588969419043872,1802,54,8,1,0,0,0,0,0,0,1,1,1.0,0,0,0,1,1,0,0,0,1,0,0,1,0,0,0,0,0,0,0,0,0,0,0,0,1,1,1,0,0,0,0,0,0,0,0,0,0,0,0,0,0,1,0,0,0,0,0,0,0,0,0,1,0,0,0,0,0,0,0,1,0,1,0,0,0,1,0,0,1,0,0,1,0,0,0,0,0,0,1,8.699681400989514,3.9318256327243257
790,70.04995836802665,12205,3,4,3,6,8,157.0,3,3,3,2,4,2,568,1,0,264,832,4,976,1111,0,2087,0,0,2,1,5,1,4,7,0,0,3,2,3,3,3,133,168,0,0,0,0,0,0,0,7,187500,12.141539457711714,3220,41,0,1,0,0,1,0,0,0,1,1,2.0,0,0,0,1,0,0,1,0,0,0,0,0,0,0,1,0,0,0,0,0,0,0,0,1,0,1,1,0,0,0,1,0,0,0,0,0,0,0,0,0,1,0,0,0,0,0,0,0,0,0,1,0,0,0,0,0,0,0,1,0,0,1,0,0,0,1,0,0,1,0,0,0,0,0,0,0,0,1,0,9.40968291310444,4.2633832685897595
791,43.0,3182,4,4,3,7,5,11.0,4,3,4,3,1,6,16,1,0,1129,1145,5,1145,0,0,1145,0,0,2,0,2,1,4,7,1,4,3,2,3,3,3,100,16,0,0,0,0,0,0,0,9,160200,11.984184555794169,2406,4,3,1,0,0,0,0,0,0,1,1,1.0,0,0,0,1,0,0,0,0,0,0,0,0,0,0,0,0,0,0,0,0,0,0,0,1,0,1,1,0,0,0,1,0,0,0,0,1,0,0,0,0,0,0,0,0,0,1,0,0,0,0,0,0,0,0,0,1,0,0,1,0,0,0,0,1,0,1,0,0,1,0,0,0,0,0,0,0,0,0,1,8.065579427282092,3.784189633918261
792,70.04995836802665,11333,3,4,3,6,5,0.0,3,3,4,3,3,5,539,1,0,490,1029,3,1062,0,0,1062,1,0,1,0,3,1,3,7,2,3,2,2,3,3,3,120,0,0,0,0,0,0,0,0,5,146800,11.896833207128452,2211,31,31,0,0,0,0,0,0,0,1,1,1.5,1,0,0,1,1,1,0,1,0,0,0,0,0,0,0,0,0,1,0,0,0,0,0,1,0,1,1,0,0,0,0,0,0,0,0,0,0,0,0,0,1,0,0,0,0,0,0,0,0,0,1,0,0,0,0,0,0,0,0,1,0,0,0,1,0,1,0,0,1,0,0,0,0,0,0,0,0,0,1,9.335562336729565,4.2633832685897595
793,92.0,9920,3,4,3,7,5,0.0,4,3,4,3,3,6,862,1,0,255,1117,5,1127,886,0,2013,1,0,2,1,3,1,3,7,1,3,1,2,3,3,3,180,130,0,0,0,0,0,0,0,6,269790,12.505402864156403,3440,11,10,1,0,0,0,0,0,0,1,1,2.0,0,0,0,1,1,1,1,1,0,0,0,0,0,0,1,0,0,0,0,0,0,0,0,1,0,1,1,0,1,0,0,0,0,0,0,0,0,0,0,0,0,1,0,0,0,0,0,0,0,0,0,1,0,0,0,0,0,0,0,1,0,0,0,1,0,1,0,0,1,0,0,0,0,0,0,0,0,0,1,9.202409001649903,4.532599493153256
794,76.0,9158,4,4,3,8,5,140.0,4,3,4,3,3,1,0,1,0,1496,1496,5,1496,0,0,1496,0,0,2,0,3,1,4,7,0,0,3,2,3,3,3,168,130,0,0,0,0,0,0,0,6,225000,12.323860125621126,3290,0,0,0,0,0,0,0,0,0,1,1,1.0,0,1,0,0,1,0,1,0,1,0,0,1,0,0,0,0,0,0,0,0,0,0,0,1,0,1,1,0,0,0,1,0,0,0,0,0,0,0,0,1,0,0,0,0,0,0,0,0,0,1,0,0,0,0,0,0,0,0,0,0,1,0,0,1,0,1,0,0,1,0,0,0,0,0,0,0,0,0,1,9.122492281402987,4.343805421853684
795,70.04995836802665,10832,3,4,3,7,5,0.0,4,3,4,3,1,1,0,1,0,712,712,5,1086,809,0,1895,0,0,2,1,3,1,4,7,1,3,3,2,3,3,3,143,46,0,0,0,0,0,0,500,10,194500,12.178192583415596,2796,14,12,1,0,1,0,0,0,0,1,1,2.0,0,0,0,1,0,0,0,1,0,0,0,0,0,0,1,0,0,0,0,0,0,0,0,1,0,1,1,0,0,0,0,0,0,0,0,0,0,0,0,0,0,1,0,0,0,0,0,0,0,0,0,1,0,0,0,0,0,0,0,1,0,0,0,1,0,1,0,0,1,0,0,0,0,0,0,1,0,0,1,9.290352309945568,4.2633832685897595
796,70.0,8400,4,4,3,6,6,130.0,3,3,4,3,1,1,0,1,0,650,650,3,888,676,0,1564,0,0,2,1,3,1,3,7,1,3,1,2,3,3,3,0,50,0,0,204,0,0,3,0,4,171000,12.049424683420916,2468,30,29,1,0,0,0,0,0,0,1,1,2.0,0,0,0,1,0,0,1,0,1,0,0,0,0,0,1,0,0,0,0,0,0,0,0,1,0,1,1,0,0,0,1,0,0,0,0,0,0,0,0,0,1,0,0,0,0,0,0,0,0,0,1,0,0,0,0,0,0,0,1,0,0,1,0,0,0,1,0,0,1,0,0,0,0,0,0,0,0,0,1,9.036106025364846,4.2626798770413155
797,71.0,8197,4,4,3,6,5,148.0,3,3,3,3,1,1,0,1,0,660,660,5,1285,0,0,1285,0,0,1,1,3,1,3,7,1,3,2,2,3,3,3,138,0,0,0,0,0,0,3,0,4,143500,11.874097282798648,2083,30,30,0,0,0,0,0,0,0,1,1,1.0,0,0,0,1,1,1,0,0,1,0,0,1,0,0,0,0,0,0,0,0,0,0,0,1,0,1,1,0,0,0,1,0,0,0,0,0,0,0,0,0,0,0,0,1,0,0,0,0,0,0,0,0,0,1,0,0,0,0,1,0,0,1,0,0,0,1,0,0,1,0,0,0,0,0,0,0,0,0,1,9.011645501064283,4.276666119016055
798,57.0,7677,4,4,3,5,5,0.0,3,3,3,3,1,4,570,1,0,203,773,4,773,0,0,773,0,0,1,0,2,1,3,7,0,0,1,1,3,3,3,0,0,0,0,0,0,0,0,0,4,110000,11.60824473564232,1546,55,55,0,0,0,0,0,0,0,1,1,1.0,0,0,1,0,0,0,1,1,0,0,0,1,0,0,0,0,0,0,0,0,0,0,0,1,0,1,1,0,0,0,1,0,0,0,0,0,0,0,0,0,0,0,0,0,0,1,0,0,0,0,0,0,0,0,0,1,0,0,0,1,0,1,0,0,0,1,0,0,1,0,0,0,0,0,0,0,0,0,1,8.946114375560743,4.060443010546419
799,104.0,13518,4,4,3,9,5,860.0,5,3,5,3,1,1,0,1,0,1926,1926,5,1966,1174,0,3140,0,0,3,1,4,1,5,7,2,4,3,3,3,3,3,144,78,0,0,0,0,0,0,0,7,485000,13.091906231773164,5288,1,0,1,0,0,0,0,0,0,1,1,2.0,0,1,0,0,0,0,0,0,1,0,0,0,0,0,1,0,0,0,0,0,0,0,0,1,0,1,1,0,0,0,1,0,0,0,0,0,1,0,0,0,0,0,0,0,0,1,0,0,0,0,0,0,0,0,0,1,0,0,0,0,1,0,0,1,0,1,0,0,1,0,1,0,0,0,0,0,0,0,1,9.511851382364405,4.653960350157523
800,60.0,7200,4,4,3,5,7,252.0,3,3,4,3,1,5,569,1,0,162,731,5,981,787,0,1768,1,0,1,1,3,1,4,7,2,3,1,1,3,3,3,0,0,264,0,0,0,0,3,0,6,175000,12.07254696717504,2763,70,57,1,0,0,0,0,1,0,1,1,1.5,0,0,0,1,0,1,0,0,1,0,0,0,0,1,0,0,0,0,0,0,0,0,0,1,0,1,1,0,0,0,0,0,0,0,0,0,0,0,0,0,0,0,0,0,0,0,1,0,0,0,0,0,0,0,0,0,1,0,1,0,0,0,0,0,0,1,0,0,1,0,0,1,0,0,0,0,0,0,1,8.881975184248867,4.110873864173311
801,79.0,12798,3,4,2,6,5,0.0,3,3,4,3,4,6,462,1,0,154,616,4,616,1072,0,1688,1,0,2,1,4,1,4,7,0,0,2,2,3,3,3,403,114,185,0,0,0,0,0,400,5,200000,12.206077645517674,3006,11,11,0,0,1,1,0,1,0,1,1,2.0,0,0,0,1,0,0,1,0,0,0,0,0,0,0,1,0,0,0,0,0,0,0,0,1,0,1,1,0,0,0,1,0,0,0,0,0,0,0,0,0,0,0,0,0,0,1,0,0,0,0,0,0,0,0,0,1,0,0,0,1,0,0,0,1,0,1,0,0,1,0,0,0,0,0,0,1,1,0,0,9.457122321855792,4.382026634673881
802,40.0,4800,4,4,3,4,7,0.0,3,3,3,3,1,2,197,1,0,999,1196,5,1196,0,0,1196,1,0,1,0,2,1,3,7,0,0,1,2,3,3,3,0,0,0,0,0,0,0,0,0,7,109900,11.60733523953139,2392,91,17,1,0,0,0,0,0,0,1,1,1.0,0,0,0,1,1,0,0,1,0,0,0,0,1,0,0,0,0,0,0,0,0,0,0,0,1,1,1,0,0,0,1,0,0,0,0,0,0,0,0,0,0,1,0,0,0,0,0,0,0,0,0,1,0,0,0,0,0,0,0,1,0,1,0,0,0,1,0,0,0,0,0,1,0,0,0,0,0,0,1,8.476579508530941,3.713572066704308
803,63.0,8199,4,4,3,7,5,0.0,4,3,4,3,3,6,648,1,0,80,728,5,728,728,0,1456,1,0,2,1,3,1,4,7,1,4,3,2,3,3,3,36,18,0,0,0,0,0,0,0,10,189000,12.149507585033072,2238,3,3,0,0,0,0,0,0,0,1,1,2.0,0,0,0,1,1,0,1,0,0,0,0,0,0,0,1,0,0,0,0,0,0,0,0,1,0,1,1,0,0,0,1,0,0,0,0,0,0,0,0,0,0,0,0,0,0,0,0,1,0,0,0,0,0,0,0,0,0,1,0,1,0,0,0,1,0,1,0,0,1,0,0,0,0,0,0,0,0,0,1,9.011889433252344,4.1588830833596715
804,107.0,13891,4,4,3,9,5,424.0,5,3,5,3,4,1,0,1,0,1734,1734,5,1734,1088,0,2822,0,0,3,1,4,1,5,7,1,4,2,3,3,3,3,52,170,0,0,192,0,0,0,0,1,582933,13.275829251377,4970,1,0,1,0,0,0,0,0,0,1,1,2.0,0,1,0,0,0,0,0,0,1,0,0,0,0,0,1,0,0,0,0,0,0,0,0,1,0,1,1,0,0,0,1,0,0,0,0,0,1,0,0,0,0,0,0,0,0,1,0,0,0,0,0,0,0,0,0,1,0,0,0,0,1,0,0,1,0,1,0,0,1,0,1,0,0,0,0,0,0,0,1,9.539068413863964,4.68213122712422
805,75.0,9000,4,4,3,5,5,0.0,3,3,3,3,1,2,812,1,0,124,936,3,1128,0,0,1128,0,0,1,0,2,1,3,6,0,0,1,1,3,3,3,0,0,0,0,0,0,0,2,0,6,118000,11.678448377988165,2064,52,52,0,0,0,0,0,0,0,1,1,1.0,0,0,0,0,0,0,1,1,0,0,0,1,0,0,0,0,0,0,0,0,0,0,0,1,0,1,1,0,0,0,1,0,0,0,0,0,0,0,0,0,0,0,0,0,0,0,1,0,0,0,0,0,0,0,0,0,1,0,0,1,0,1,0,0,0,1,0,0,1,0,0,0,0,0,0,0,0,0,1,9.105090961257085,4.330733340286331
806,91.0,12274,3,4,3,7,5,256.0,4,3,4,3,1,1,0,1,0,1417,1417,5,1428,0,0,1428,0,0,2,0,3,1,5,7,0,0,2,2,3,3,3,0,60,0,0,0,0,0,0,0,7,227680,12.335700805443338,2905,0,0,0,0,0,0,0,0,0,1,1,1.0,0,1,0,0,1,0,1,0,1,0,0,1,0,0,0,0,0,0,0,0,0,0,0,1,0,1,1,0,0,1,0,0,0,0,0,0,0,0,0,0,0,0,0,0,0,1,0,0,0,0,0,0,0,0,0,1,0,0,0,0,1,0,0,1,0,1,0,0,1,0,0,0,0,0,0,0,0,0,1,9.41531995266272,4.5217885770490405
807,75.0,9750,4,4,3,5,5,0.0,3,3,3,3,3,5,400,3,480,100,980,4,980,0,0,980,0,0,2,0,3,1,3,7,0,0,3,1,3,3,3,68,0,0,0,0,0,0,0,0,10,135500,11.81673429934846,2028,39,39,0,0,0,0,0,0,0,1,1,1.5,1,0,0,1,0,0,1,1,0,0,0,0,0,0,0,0,0,1,0,0,0,0,0,1,0,1,1,0,0,0,1,0,0,0,0,0,0,0,0,0,0,0,0,0,0,1,0,0,0,0,0,0,0,0,0,1,0,0,0,1,0,0,0,1,0,1,0,0,1,0,0,0,0,0,0,0,0,0,1,9.18512512283512,4.330733340286331
808,144.0,21384,4,4,3,5,6,0.0,3,3,3,3,4,6,1309,1,0,15,1324,5,1072,504,0,1576,2,0,1,1,3,1,4,7,1,3,2,2,3,3,3,0,312,0,0,0,0,0,0,0,5,223500,12.317171167298682,3212,86,5,1,0,0,0,0,0,0,1,1,2.0,0,0,0,1,1,1,0,0,0,0,0,0,0,0,0,1,0,0,0,0,0,0,0,1,0,1,1,0,0,0,1,0,0,0,0,0,0,0,0,0,0,0,0,0,0,0,1,0,0,0,0,0,0,0,0,0,1,0,0,1,0,1,0,0,0,1,0,0,1,0,0,0,0,0,0,0,0,0,1,9.970445020661009,4.976733742420574
809,85.0,13400,4,4,3,5,5,1047.0,3,3,3,3,3,5,516,4,128,380,1024,3,1086,0,0,1086,1,0,1,0,3,1,3,7,1,4,2,2,3,3,3,0,0,0,0,0,0,0,2,0,6,159950,11.982622797311857,2110,40,40,0,0,0,0,0,0,0,1,1,1.5,1,0,0,1,0,0,1,1,0,0,0,0,0,0,0,0,0,1,0,0,0,0,0,1,0,1,1,0,0,0,1,0,0,0,0,0,0,0,0,0,0,0,0,0,0,1,0,0,0,0,0,0,0,0,0,1,0,0,1,0,0,1,0,0,0,1,0,0,1,0,0,0,0,0,0,0,0,0,1,9.503084610020228,4.454347296253507
810,90.0,8100,4,4,3,5,5,0.0,3,3,3,3,1,1,0,1,0,849,849,3,1075,1063,0,2138,0,0,2,0,2,3,3,7,0,0,1,2,2,1,1,40,156,0,0,0,0,0,3,0,11,106000,11.571203807011967,3183,111,44,1,0,0,0,0,0,0,1,1,2.25,0,0,0,1,1,0,0,0,1,0,0,0,0,0,0,0,1,0,0,0,0,0,0,0,1,1,1,0,0,0,0,0,0,0,0,0,1,0,0,0,0,0,0,0,0,0,0,0,0,0,0,0,0,0,0,0,0,0,0,1,0,0,0,1,0,0,0,0,0,0,0,1,0,0,0,0,0,0,1,8.999742789830492,4.51085950651685
811,78.0,10140,4,4,3,6,6,99.0,3,3,3,3,1,5,663,2,377,0,1040,2,1309,0,0,1309,1,0,1,1,3,1,4,7,1,2,2,2,3,3,3,265,0,0,0,0,648,2,4,0,1,181000,12.10625783509458,2614,32,7,1,1,0,0,0,0,0,1,1,1.0,0,0,0,1,0,1,1,1,0,0,0,1,0,0,0,0,0,0,0,0,0,0,0,1,0,1,1,0,0,0,1,0,0,0,0,0,1,0,0,0,1,0,0,0,0,0,0,0,0,0,1,0,0,0,0,0,0,0,1,0,0,1,0,0,0,1,0,0,1,0,0,0,0,0,0,0,0,0,1,9.224341891611996,4.3694478524670215
812,70.04995836802665,4438,4,4,3,6,5,169.0,4,3,4,3,4,6,662,1,0,186,848,5,848,0,0,848,1,0,1,0,1,1,4,7,1,4,3,2,3,3,3,140,0,0,0,0,0,0,0,0,6,144500,11.881041706925902,1836,4,4,0,0,0,0,0,0,0,1,1,1.0,0,0,0,1,1,0,1,0,0,0,0,0,0,0,0,0,0,0,0,0,0,0,0,0,1,1,1,0,0,0,1,0,0,0,0,1,0,0,0,0,0,0,0,0,0,1,0,0,0,0,0,0,0,0,0,1,0,0,1,0,0,0,0,1,0,1,0,0,1,0,0,0,0,0,0,0,0,0,1,8.398184404834035,4.2633832685897595
813,66.0,8712,4,4,2,5,5,0.0,2,3,3,3,3,1,0,1,0,540,540,3,1044,0,0,1044,0,0,1,0,2,1,2,7,0,0,1,2,3,3,1,0,0,0,0,0,0,0,0,54,6,55993,10.932999821119935,1584,58,58,0,0,1,1,0,0,0,1,1,1.0,0,0,1,0,1,0,0,1,0,0,0,1,0,0,0,0,0,0,0,0,0,1,0,0,0,0,1,0,0,0,1,0,0,0,0,0,1,0,0,0,0,0,0,0,0,0,1,0,0,0,0,0,0,0,0,0,1,0,0,1,0,1,0,0,0,0,0,0,0,1,0,0,0,0,0,1,0,0,0,9.072571442231286,4.204692619390966
814,75.0,9750,4,4,3,6,6,243.0,3,3,3,3,1,3,608,1,0,834,1442,4,1442,0,0,1442,0,0,1,1,4,1,3,7,0,0,2,1,3,3,3,0,0,275,0,0,0,0,0,500,4,157900,11.969723533345908,3159,49,49,0,0,1,0,0,0,0,1,1,1.0,0,0,0,1,0,0,1,1,0,0,0,1,0,0,0,0,0,0,0,0,0,0,0,1,0,1,1,0,0,0,1,0,0,0,0,0,0,0,0,0,0,1,0,0,0,0,0,0,0,0,0,1,0,0,0,0,0,0,1,0,0,1,0,0,0,1,0,0,1,0,0,0,0,0,0,1,0,0,1,9.18512512283512,4.330733340286331
815,45.0,8248,4,4,3,5,7,0.0,3,3,3,3,1,1,0,1,0,686,686,4,686,564,0,1250,0,1,1,1,3,1,2,7,0,0,1,1,3,3,2,207,0,96,0,0,0,0,0,0,7,116000,11.661354090741,2239,88,56,1,0,0,0,0,0,0,1,0,1.5,0,0,0,1,1,1,1,0,0,0,0,0,0,1,0,0,0,0,0,0,0,0,0,1,0,1,0,0,0,0,1,0,0,0,0,0,0,0,0,0,0,0,0,0,1,0,0,0,0,0,0,0,0,0,1,0,0,0,0,1,0,0,0,0,0,1,0,0,1,0,0,1,0,0,0,0,0,0,1,9.017847259860732,3.828641396489095
816,48.0,12137,2,4,3,7,5,442.0,3,3,4,3,1,1,0,1,0,1649,1649,5,1661,0,0,1661,0,0,2,0,3,1,4,7,0,0,2,2,3,3,3,0,34,0,0,0,0,0,0,0,5,224900,12.323415584358154,3344,12,12,0,0,0,0,0,0,0,1,1,1.0,0,0,0,1,1,0,1,0,0,0,0,1,0,0,0,0,0,0,0,0,0,0,0,1,0,1,1,0,1,0,0,0,0,0,0,0,0,0,0,0,0,0,0,0,0,1,0,0,0,0,0,0,0,0,0,1,0,0,1,0,0,0,0,1,0,1,0,0,1,0,0,0,0,0,0,0,0,0,1,9.4040963063958,3.8918202981106265
817,70.04995836802665,11425,3,4,3,5,6,0.0,3,3,3,3,1,4,486,1,0,522,1008,4,1008,0,0,1008,0,0,1,0,2,1,3,7,1,4,2,1,3,3,3,0,0,120,0,0,0,0,0,0,7,137000,11.827743504053696,2136,52,52,0,0,0,0,0,0,0,1,1,1.0,0,0,0,1,0,0,1,1,0,0,0,1,0,0,0,0,0,0,0,0,0,0,0,1,0,1,1,0,0,0,0,0,0,0,0,0,0,0,1,0,0,0,0,0,0,0,0,0,1,0,0,0,0,0,0,0,0,0,0,1,0,1,0,0,0,1,0,0,1,0,0,0,0,0,0,0,0,0,1,9.343646739284408,4.2633832685897595
818,70.04995836802665,13265,3,4,3,8,5,148.0,4,3,4,3,1,6,1218,1,0,350,1568,5,1689,0,0,1689,1,0,2,0,3,1,4,7,2,4,2,3,3,3,3,150,59,0,0,0,0,0,0,0,7,271000,12.509877789891933,3466,6,6,0,0,0,0,0,0,0,1,1,1.0,0,0,0,1,1,1,0,1,0,0,0,1,0,0,0,0,0,0,0,0,0,0,0,1,0,1,1,0,1,0,0,0,0,0,0,0,1,0,0,1,0,0,0,0,0,0,0,0,0,1,0,0,0,0,0,0,0,0,1,0,0,0,0,1,0,1,0,0,1,0,0,0,0,0,0,0,0,0,1,9.492959650085501,4.2633832685897595
819,80.0,8816,4,4,3,6,7,80.0,3,3,3,3,3,6,504,1,0,506,1010,4,1052,0,0,1052,1,0,1,0,3,1,3,7,0,0,1,2,3,3,3,0,0,0,0,0,0,0,3,0,6,155000,11.951186847493476,2062,39,39,0,0,0,0,0,0,0,1,1,1.5,1,0,0,1,0,0,1,0,0,0,0,0,0,0,0,0,0,1,0,0,0,0,0,1,0,1,1,0,0,0,1,0,0,0,0,0,0,0,0,0,1,0,0,0,0,0,0,0,0,0,1,0,0,0,0,0,0,0,1,0,0,1,0,0,0,1,0,0,1,0,0,0,0,0,0,0,0,0,1,9.084436955087027,4.394449154672439
820,44.0,6371,3,4,3,7,5,128.0,4,3,4,3,2,6,733,1,0,625,1358,5,1358,0,0,1358,1,0,2,0,2,1,4,7,1,4,2,2,3,3,3,192,35,0,0,0,0,0,0,0,6,224000,12.319405795112926,2943,1,0,1,0,0,0,0,0,0,1,1,1.0,0,1,0,0,0,0,0,0,1,0,0,0,0,0,0,0,0,0,0,0,0,0,0,1,0,1,1,0,0,0,1,0,0,0,0,1,0,0,0,0,0,0,0,0,0,1,0,0,0,0,0,0,0,0,0,1,0,0,0,0,1,0,0,1,0,1,0,0,1,0,0,0,0,0,0,0,0,0,1,8.759668671029939,3.8066624897703196
821,72.0,7226,3,4,3,7,5,0.0,4,3,4,3,1,1,0,1,0,798,798,5,798,842,0,1640,0,0,2,1,3,1,4,7,0,0,2,2,3,3,3,0,45,0,0,0,0,0,0,0,6,183000,12.117246896289505,2483,5,5,0,0,0,0,0,0,0,1,1,2.0,0,0,0,1,1,0,1,0,0,0,0,0,0,0,1,0,0,0,0,0,0,0,0,1,0,1,1,0,1,0,0,0,0,0,0,0,0,0,0,0,0,0,0,0,0,1,0,0,0,0,0,0,0,0,0,1,0,0,0,1,0,0,0,1,0,1,0,0,1,0,0,0,0,0,0,0,0,0,1,8.885579291282982,4.290459441148391
822,60.0,6000,4,4,2,4,4,0.0,2,3,2,3,1,1,0,1,0,936,936,3,936,0,0,936,0,0,1,0,2,1,3,5,0,0,1,2,3,3,3,0,32,112,0,0,0,0,0,0,2,93000,11.440365524765756,2016,56,56,0,0,0,1,0,0,0,1,1,1.0,0,0,0,1,1,0,0,0,1,0,0,1,0,0,0,0,0,0,0,0,0,0,0,0,1,1,0,1,0,0,1,0,1,0,0,0,0,0,0,0,0,1,0,0,0,0,0,0,0,0,0,1,0,0,0,0,0,0,0,1,0,1,0,0,0,0,0,0,1,0,0,1,0,0,0,0,0,0,0,8.699681400989514,4.110873864173311
823,70.04995836802665,12394,3,4,3,7,5,0.0,4,3,4,3,4,1,0,1,0,847,847,5,847,886,0,1733,0,0,2,1,3,1,4,7,1,4,3,2,3,3,3,100,48,0,0,0,0,0,0,0,10,225000,12.323860125621126,2728,4,4,0,0,0,0,0,0,0,1,1,2.0,0,0,0,0,0,0,0,1,0,0,0,0,0,0,1,0,0,0,0,0,0,0,0,1,0,1,1,0,0,0,0,0,0,0,0,0,0,0,0,0,0,0,0,0,0,1,0,0,0,0,0,0,0,0,0,1,0,0,0,1,0,0,0,1,0,1,0,0,1,0,1,0,0,0,0,0,0,0,1,9.42504844446929,4.2633832685897595
824,60.0,9900,4,4,3,6,7,0.0,3,3,3,3,1,1,0,1,0,778,778,3,944,545,0,1489,0,0,2,0,3,1,3,7,1,4,1,1,3,3,3,335,0,0,0,0,0,0,2,0,7,139500,11.845827048676645,2602,69,59,1,0,0,0,0,0,0,1,1,1.5,0,0,0,1,0,1,0,0,1,0,0,0,0,1,0,0,0,0,0,0,0,0,0,1,0,1,1,0,0,0,1,0,0,0,0,0,0,0,0,0,0,0,0,0,0,1,0,0,0,0,0,0,0,0,0,1,0,0,0,1,0,0,0,0,0,1,0,0,1,0,0,1,0,0,0,0,0,0,1,9.200391041122515,4.110873864173311
825,81.0,11216,4,4,3,8,5,0.0,4,3,4,4,1,1,0,1,0,1489,1489,5,1489,0,0,1489,0,0,2,0,3,1,4,7,1,4,2,2,3,3,3,0,140,0,0,0,0,0,0,0,6,232600,12.357079818283598,3118,0,0,0,0,0,0,0,0,0,1,1,1.0,0,1,0,0,1,0,1,0,1,0,0,1,0,0,0,0,0,0,0,0,0,0,0,0,0,1,1,0,0,0,1,0,0,0,0,0,0,0,0,0,0,0,0,0,0,1,0,0,0,0,0,0,0,0,0,1,0,0,0,1,0,0,0,1,0,1,0,0,1,0,0,0,0,0,0,0,0,0,1,9.325185763645223,4.406719247264253
826,114.0,14803,4,4,3,10,5,816.0,5,3,5,3,3,6,1636,1,0,442,2052,5,2084,0,0,2084,1,0,2,0,2,1,5,7,1,4,3,3,3,3,3,188,45,0,0,0,0,0,0,0,6,385000,12.861001210669146,4369,1,0,1,0,0,0,1,0,0,1,1,1.0,0,1,0,0,0,0,0,0,1,0,0,1,0,0,0,0,0,0,0,0,0,0,0,1,0,1,1,0,0,0,1,0,0,0,0,0,1,0,0,1,0,0,0,0,0,0,0,0,0,1,0,0,0,0,0,0,0,0,1,0,0,0,0,1,0,1,0,0,1,0,0,0,0,0,0,0,0,0,1,9.602652693506046,4.74493212836325
827,50.0,6130,4,4,3,5,6,0.0,3,3,3,3,1,5,784,1,0,0,784,4,784,0,0,784,1,0,1,0,2,1,4,7,0,0,0,0,0,0,3,0,0,116,0,0,0,0,0,0,5,109500,11.603688960617085,1684,84,58,1,0,0,0,0,0,0,1,1,1.25,0,0,0,1,1,1,0,0,0,0,0,0,0,0,0,0,0,0,0,0,1,0,0,0,1,1,1,0,0,0,1,0,0,0,0,0,0,0,0,0,0,1,0,0,0,0,0,0,0,0,0,1,0,0,0,0,0,0,0,1,0,0,0,0,0,1,0,0,1,0,0,0,1,0,0,0,0,0,1,8.721113147762688,3.9318256327243257
828,65.0,8529,3,4,3,7,5,0.0,4,3,4,3,1,6,20,1,0,1434,1454,5,1434,0,0,1434,0,0,2,0,3,1,4,7,1,3,2,2,3,3,3,290,39,0,0,0,0,0,0,0,4,189000,12.149507585033072,3217,8,8,0,0,0,0,0,0,0,1,1,1.0,0,0,0,1,0,0,1,0,1,0,0,1,0,0,0,0,0,0,0,0,0,0,0,1,0,1,1,0,0,0,1,0,0,0,0,0,0,0,0,0,0,0,0,0,0,1,0,0,0,0,0,0,0,0,0,1,0,0,0,1,0,0,0,1,0,1,0,0,1,0,0,0,0,0,0,0,0,0,1,9.051344640485725,4.189654742026425
829,70.04995836802665,28698,2,4,1,5,5,0.0,3,3,3,4,4,2,249,5,764,0,1013,3,1160,966,0,2126,0,1,2,1,3,1,3,5,0,0,3,2,3,3,3,486,0,0,0,225,0,0,0,0,6,185000,12.128116509451258,3850,42,42,0,0,0,1,0,0,0,0,1,2.0,0,0,1,0,0,0,1,0,0,0,0,0,0,0,1,0,0,0,0,0,0,0,0,1,0,1,1,0,1,0,0,0,0,0,0,0,0,1,0,0,0,0,0,1,0,0,0,0,0,0,0,0,0,1,0,0,0,0,0,1,0,0,0,1,0,1,0,0,1,0,0,0,0,0,0,0,0,1,0,10.264617557935098,4.2633832685897595
830,24.0,2544,4,4,3,7,5,0.0,4,3,4,3,1,1,0,1,0,600,600,5,520,623,80,1223,0,0,2,1,2,1,4,7,0,0,2,2,3,3,3,0,166,0,0,0,0,0,0,0,7,147400,11.900912042974875,1989,1,1,0,0,0,0,0,0,0,1,1,2.0,0,0,0,1,1,0,1,0,1,1,0,0,0,0,0,0,0,0,0,0,0,0,0,0,0,1,0,1,0,0,1,0,0,0,1,0,0,0,0,0,0,1,0,0,0,0,0,0,0,0,0,1,0,0,0,0,0,0,0,1,0,0,0,1,0,1,0,0,1,0,0,1,0,0,0,0,0,0,1,7.841885928984623,3.2188758248682006
831,80.0,11900,3,4,3,6,5,387.0,3,3,3,3,1,3,1040,1,0,352,1392,3,1392,0,0,1392,1,0,1,1,3,1,3,7,2,4,2,2,3,3,3,0,0,0,0,192,0,0,0,0,6,166000,12.01974909141692,2976,51,51,0,0,0,0,0,0,0,1,1,1.0,0,0,0,1,0,0,1,1,0,0,0,1,0,0,0,0,0,0,0,0,0,0,0,1,0,1,1,0,0,0,0,0,0,0,0,0,0,0,0,0,1,0,0,0,0,0,0,0,0,0,1,0,0,0,0,0,0,0,1,0,0,1,0,0,0,1,0,0,0,0,0,0,0,0,0,0,0,0,1,9.38437770918244,4.394449154672439
832,30.0,3180,4,4,3,7,5,0.0,3,3,4,3,1,1,0,1,0,600,600,5,520,600,80,1200,0,0,2,1,2,1,4,7,0,0,2,2,3,3,3,0,166,0,0,0,0,0,0,0,6,151000,11.92504173829169,1966,1,1,0,0,0,0,0,0,0,1,1,2.0,0,0,0,1,1,0,1,0,1,1,0,0,0,0,0,0,0,0,0,0,0,0,0,0,0,1,0,1,0,0,1,0,0,0,0,1,0,0,0,0,0,1,0,0,0,0,0,0,0,0,0,1,0,0,0,0,0,0,0,1,0,0,0,1,0,1,0,0,1,0,0,1,0,0,0,0,0,0,1,8.064950891749143,3.4339872044851463
833,44.0,9548,3,4,3,7,6,223.0,4,3,4,3,1,6,483,1,0,458,941,5,941,888,0,1829,1,0,2,1,3,1,4,7,1,3,2,2,3,3,3,192,39,0,0,0,0,0,0,0,1,237000,12.37581963951765,3001,7,7,0,0,0,0,0,0,0,1,1,2.0,0,0,0,1,1,0,1,0,0,0,0,0,0,0,1,0,0,0,0,0,0,0,0,1,0,1,1,0,1,0,0,0,0,0,0,0,0,0,0,0,0,0,0,0,0,1,0,0,0,0,0,0,0,0,0,1,0,0,1,0,0,0,0,1,0,1,0,0,1,0,0,0,0,0,0,0,0,0,1,9.164191715950203,3.8066624897703196
834,100.0,10004,4,4,3,6,6,180.0,3,3,3,3,1,3,196,4,345,975,1516,3,1516,0,0,1516,0,0,1,1,3,1,3,7,0,0,2,2,3,3,3,0,0,0,0,152,0,0,0,0,2,167000,12.025755079404917,3184,45,45,0,0,0,0,0,0,0,1,1,1.0,0,0,0,1,0,0,1,1,0,0,0,1,0,0,0,0,0,0,0,0,0,0,0,1,0,1,1,0,0,0,1,0,0,0,0,0,0,0,0,0,1,0,0,0,0,0,0,0,0,0,0,0,0,1,0,0,0,0,1,0,0,1,0,0,0,1,0,0,1,0,0,0,0,0,0,0,0,0,1,9.210840247017833,4.61512051684126
835,75.0,7875,4,4,3,5,6,136.0,3,3,3,3,1,3,572,1,0,572,1144,4,1144,0,0,1144,1,0,1,0,3,1,3,7,0,0,1,2,3,3,3,0,0,0,0,0,0,0,2,0,9,139950,11.849047640327148,2288,47,47,0,0,0,0,0,0,0,1,1,1.0,0,0,0,1,0,0,1,1,0,0,0,1,0,0,0,0,0,0,0,0,0,0,0,1,0,1,1,0,0,0,1,0,0,0,0,0,0,0,0,0,0,0,0,0,0,1,0,0,0,0,0,0,0,0,0,1,0,0,1,0,0,1,0,0,0,1,0,0,1,0,0,0,0,0,0,0,0,0,1,8.971575439759016,4.330733340286331
836,60.0,9600,4,4,3,4,7,0.0,3,3,4,3,1,4,442,1,0,625,1067,3,1067,0,0,1067,0,0,2,0,2,1,4,5,0,0,1,2,3,3,3,290,0,0,0,0,0,0,0,0,2,128000,11.759793355371237,2424,60,15,1,0,0,0,0,0,0,1,1,1.0,0,0,0,1,1,1,0,0,1,0,0,1,0,0,0,0,0,0,0,0,0,0,0,1,0,1,1,0,0,0,1,0,0,0,0,0,0,0,0,0,0,0,0,0,0,1,0,0,0,0,1,0,0,0,0,0,0,0,0,1,0,1,0,0,0,1,0,0,1,0,0,0,0,0,0,0,0,0,1,9.169622538697624,4.110873864173311
837,90.0,8100,4,4,3,5,6,0.0,3,3,3,3,1,3,338,1,0,1221,1559,4,1559,0,0,1559,1,0,1,0,2,1,3,5,0,0,1,2,3,3,3,0,116,230,0,0,0,0,2,0,6,153500,11.941462360646147,3464,59,34,1,0,0,0,0,0,0,1,1,1.0,0,0,0,1,1,0,0,0,1,0,0,0,1,0,0,0,0,0,0,0,0,0,0,0,1,1,0,1,0,0,1,0,0,0,0,0,0,0,0,0,0,0,0,0,0,1,0,0,0,0,0,0,0,0,0,1,0,0,0,1,0,0,0,0,0,1,0,0,1,0,0,1,0,0,0,0,0,0,1,8.999742789830492,4.51085950651685
838,21.0,1680,4,4,3,6,5,158.0,3,3,3,3,1,4,330,1,0,153,483,3,483,504,0,987,1,0,1,1,2,1,3,7,0,0,1,1,3,3,3,0,0,0,0,0,0,0,0,0,11,100000,11.51293546492023,1470,35,35,0,0,0,0,0,0,0,1,1,2.0,0,0,0,1,0,1,0,0,0,1,0,0,0,0,0,0,0,0,0,0,0,0,0,0,1,1,1,0,0,0,1,0,0,0,1,0,0,0,0,0,1,0,0,0,0,0,0,0,0,0,1,0,0,0,0,0,0,0,1,0,0,1,0,0,0,1,0,0,1,0,0,1,0,0,0,0,0,0,1,7.427144133408616,3.091042453358316
839,75.0,9525,4,4,3,5,6,0.0,3,3,4,3,1,1,0,1,0,1099,1099,5,1099,0,0,1099,0,0,1,1,3,1,4,7,0,0,1,1,3,3,3,278,0,0,0,0,0,0,0,0,6,144000,11.87757552297847,2476,13,2,1,0,0,0,0,0,0,1,1,1.0,0,0,0,1,1,0,1,0,0,0,0,1,0,0,0,0,0,0,0,0,0,0,0,1,0,1,1,0,0,0,1,0,0,0,0,0,0,0,0,0,0,0,0,0,0,1,0,0,0,0,0,0,0,0,0,1,0,0,0,1,0,0,0,1,0,1,0,0,1,0,0,0,0,0,0,0,0,0,1,9.161780181360806,4.330733340286331
840,70.0,11767,4,4,3,5,6,0.0,3,3,3,3,1,4,352,1,0,416,768,5,768,432,0,1200,0,0,1,0,3,1,3,7,0,0,1,1,3,3,3,0,0,0,0,0,0,0,0,0,5,130500,11.779136168550774,1968,62,13,1,0,0,0,0,0,0,1,1,1.5,0,0,0,1,1,1,1,0,0,0,0,0,0,1,0,0,0,0,0,0,0,0,0,1,0,1,1,0,0,0,1,0,0,0,0,0,0,0,0,0,0,1,0,0,0,0,0,0,0,0,0,1,0,0,0,0,0,0,0,1,0,1,0,0,0,1,0,0,1,0,0,1,0,0,0,0,0,0,1,9.373139262281274,4.2626798770413155
841,70.04995836802665,12155,3,4,3,6,8,0.0,3,3,3,3,1,4,156,1,0,516,672,3,810,672,0,1482,0,0,2,0,4,1,2,7,0,0,1,1,3,3,2,0,0,254,0,0,0,0,0,0,3,140000,11.849404844423074,2408,83,58,1,0,0,0,0,0,0,1,1,2.0,0,0,0,1,0,1,0,0,1,0,0,0,0,0,0,1,0,0,0,0,0,0,1,0,0,1,1,0,0,0,1,0,0,0,0,0,0,0,0,0,0,0,0,0,0,0,1,0,0,0,0,0,0,0,0,0,1,0,0,1,0,0,0,0,0,0,0,0,1,0,0,1,0,0,0,0,0,0,1,9.405578154036684,4.2633832685897595
842,60.0,10440,4,4,3,5,8,0.0,3,3,3,3,1,1,0,1,0,650,650,4,958,581,0,1539,0,0,2,0,3,1,4,7,1,1,1,2,4,3,2,70,78,68,0,0,0,0,0,0,6,157500,11.967187086434018,2405,104,6,1,0,0,0,0,0,0,1,1,2.0,0,0,0,1,1,0,0,0,1,0,0,0,0,0,0,1,0,0,0,0,0,0,0,0,1,1,0,0,0,0,1,0,0,0,0,0,0,0,0,0,0,1,0,0,0,0,0,0,0,0,0,1,0,0,0,0,0,0,0,1,0,0,0,1,0,1,0,0,1,0,0,1,0,0,0,0,0,0,1,9.25349564229011,4.110873864173311
843,82.0,9020,4,4,3,6,7,183.0,3,3,3,3,4,3,312,5,539,276,1127,3,1165,0,0,1165,1,0,1,1,3,1,3,7,0,0,2,2,4,4,3,0,129,0,0,0,0,0,4,0,5,174900,12.071975378543236,2421,42,42,0,0,0,0,0,0,0,1,1,1.5,1,0,0,1,0,0,1,1,0,0,0,0,0,0,0,0,0,1,0,0,0,0,0,1,0,1,1,0,0,0,1,0,0,0,0,0,0,0,0,0,1,0,0,0,0,0,0,0,0,0,1,0,0,0,0,0,0,0,1,0,0,1,0,0,0,1,0,0,1,0,0,0,0,0,0,0,0,0,1,9.107310471656639,4.418840607796598
844,80.0,8000,4,4,3,5,4,0.0,3,3,3,3,1,1,0,1,0,1800,1800,5,1800,0,0,1800,0,0,2,0,6,2,3,7,0,0,0,0,0,0,3,0,0,0,0,0,0,0,0,0,7,141000,11.856522261533735,3600,46,46,0,0,0,0,0,1,0,1,1,1.0,0,0,0,1,0,0,1,1,0,0,0,0,0,0,0,0,0,0,0,1,0,0,0,1,0,1,1,0,0,0,0,0,0,1,0,0,0,0,1,0,0,0,0,0,0,0,0,0,1,0,0,0,0,0,0,0,0,0,0,1,0,1,0,0,0,0,0,0,1,0,0,0,1,0,0,0,0,0,1,8.987321812850125,4.394449154672439
845,100.0,12665,3,4,3,5,8,0.0,3,3,3,3,2,1,0,1,0,876,876,4,876,540,0,1416,0,0,1,1,4,1,3,7,1,4,1,3,3,3,3,418,0,194,0,0,0,0,0,0,6,153900,11.944064817531656,2904,93,58,1,0,0,0,0,1,0,1,1,1.5,0,0,0,1,1,0,0,0,1,0,0,0,0,1,0,0,0,0,0,0,0,0,0,0,1,1,0,0,0,0,1,0,0,0,0,0,0,0,0,0,0,0,0,0,0,0,1,0,0,0,0,0,0,0,0,0,1,0,0,1,0,0,0,0,0,1,0,0,1,0,0,1,0,0,0,0,0,0,1,9.446676517076376,4.61512051684126
846,70.04995836802665,16647,3,4,3,5,5,0.0,3,3,4,3,4,5,1390,1,0,0,1390,3,1701,0,0,1701,1,0,2,0,3,1,3,5,2,3,3,2,3,3,3,0,0,0,0,0,0,0,0,0,1,171000,12.049424683420916,3091,32,26,1,0,0,0,0,0,1,1,1,1.5,1,0,0,1,1,1,0,0,1,0,0,0,0,0,0,0,0,0,1,0,0,0,0,1,0,1,1,0,1,0,0,0,0,0,0,0,0,0,0,0,1,0,0,0,0,0,0,0,0,0,1,0,0,0,0,0,0,0,0,1,0,1,0,0,0,1,0,0,1,1,0,0,0,0,0,0,0,0,1,9.720045368073471,4.2633832685897595
847,75.0,9317,4,4,3,7,5,137.0,4,3,4,3,1,5,513,1,0,227,740,5,1006,769,0,1775,1,0,2,1,3,1,4,7,1,3,1,2,3,3,3,234,72,192,0,0,0,0,0,0,7,213000,12.269052139516225,3013,16,16,0,0,0,0,0,0,0,1,1,2.0,0,0,0,1,0,0,1,0,1,0,0,0,0,0,1,0,0,0,0,0,0,0,0,1,0,1,1,0,0,0,1,0,0,0,0,0,0,0,0,0,1,0,0,0,0,0,0,0,0,0,1,0,0,0,0,0,0,0,1,0,0,0,0,1,0,1,0,0,1,0,0,0,0,0,0,0,0,0,1,9.139703292376742,4.330733340286331
848,36.0,15523,3,4,3,5,6,0.0,3,3,3,3,3,4,460,1,0,404,864,5,864,0,0,864,1,0,1,0,3,1,3,7,1,2,1,1,3,3,3,0,0,0,0,0,0,0,0,0,8,133500,11.80186424743109,1728,37,37,0,0,0,0,0,0,0,1,1,1.0,0,0,0,1,1,0,1,0,0,0,0,1,0,0,0,0,0,0,0,0,0,0,0,1,0,1,1,0,1,0,0,0,0,0,0,0,0,0,0,0,1,0,0,0,0,0,0,0,0,0,0,0,0,1,0,0,0,0,0,1,0,1,0,0,0,1,0,0,1,0,0,0,0,0,0,0,0,0,1,9.650142492488797,3.6109179126442243
849,75.0,45600,2,4,3,6,8,0.0,3,3,3,3,1,1,0,1,0,907,907,3,1307,1051,0,2358,0,0,3,0,5,1,3,7,1,4,1,2,2,3,3,486,40,0,0,175,0,0,0,0,9,240000,12.388398368982116,3966,100,11,1,0,0,1,0,0,0,1,1,1.5,0,0,0,1,0,0,1,0,0,0,0,0,0,1,0,0,0,0,0,0,0,0,0,1,0,1,1,0,0,0,1,0,0,0,0,0,0,0,0,0,0,0,0,0,0,0,1,0,0,0,0,0,0,0,0,0,1,0,0,1,0,0,0,0,0,1,0,0,1,0,0,1,0,0,0,0,0,0,0,10.727684925086583,4.330733340286331
850,80.0,9600,4,4,3,6,7,360.0,4,4,3,3,1,1,0,1,0,528,528,5,1094,761,0,1855,0,0,2,1,3,1,3,7,1,3,2,2,3,3,3,113,100,0,0,0,0,0,0,0,8,187000,12.138869243416009,2596,31,13,1,0,0,0,0,1,0,1,1,1.5,1,0,0,1,0,0,0,1,1,0,0,0,0,0,0,0,0,1,0,0,0,0,0,1,0,1,1,0,0,1,0,0,0,0,0,0,1,0,0,0,0,0,0,1,0,0,0,0,0,0,0,0,0,1,0,0,0,0,1,0,0,1,0,0,0,1,0,0,1,0,0,0,0,0,0,0,0,0,1,9.169622538697624,4.394449154672439
851,36.0,4435,4,4,3,6,5,170.0,4,3,4,3,3,6,659,1,0,189,848,5,848,0,0,848,1,0,1,0,1,1,4,7,0,0,3,2,3,3,3,140,0,0,0,0,0,0,0,0,11,131500,11.78676973513378,1836,4,4,0,0,0,0,0,0,0,1,1,1.0,0,0,0,1,1,0,1,0,0,0,0,0,0,0,0,0,0,0,0,0,0,0,0,0,1,1,1,0,0,0,1,0,0,0,0,1,0,0,0,0,0,0,0,0,0,1,0,0,0,0,0,0,0,0,0,1,0,0,1,0,0,0,0,1,0,1,0,0,1,0,0,0,0,0,0,0,0,0,1,8.397508348470257,3.6109179126442243
852,70.04995836802665,3196,4,4,3,8,5,40.0,4,3,4,3,4,1,0,1,0,1273,1273,5,1456,0,0,1456,0,0,2,0,2,1,4,7,1,3,3,2,3,3,3,143,20,0,0,0,0,0,0,0,5,215000,12.278397958261774,2892,3,3,0,0,0,0,0,0,0,1,1,1.0,0,0,0,1,0,0,0,0,0,0,0,0,0,0,0,0,0,0,0,0,0,0,0,1,0,1,1,0,0,0,1,0,0,0,0,1,0,0,0,0,0,0,0,0,0,1,0,0,0,0,0,0,0,0,0,1,0,0,1,0,0,0,0,1,0,1,0,0,1,0,0,0,0,0,0,0,0,0,1,8.069968149059841,4.2633832685897595
853,53.0,7128,4,4,3,7,5,0.0,3,4,3,3,1,3,364,1,0,554,918,4,918,728,0,1646,0,0,2,0,4,1,3,7,2,4,1,1,3,3,3,0,0,0,0,126,0,0,3,0,8,164000,12.00762780434872,2690,66,57,1,0,0,0,0,0,0,1,1,2.25,0,0,0,1,0,1,1,0,0,0,0,0,0,0,0,0,1,0,0,0,0,0,0,1,0,1,1,0,0,0,1,0,0,0,0,0,0,0,0,0,0,1,0,0,0,0,0,0,0,0,0,1,0,0,0,0,0,0,0,1,0,1,0,0,0,1,0,0,1,0,0,1,0,0,0,0,0,0,1,8.871926251117628,3.9889840465642745
854,70.04995836802665,12095,3,4,3,6,6,115.0,3,4,3,3,4,3,564,1,0,563,1127,3,1445,0,0,1445,0,0,1,1,3,1,3,7,1,2,2,2,3,3,3,180,0,0,0,0,0,0,3,0,8,158000,11.970356641103,2752,45,45,0,0,0,0,0,0,0,1,1,1.5,1,0,0,1,0,0,1,1,0,0,0,0,0,0,0,0,0,1,0,0,0,0,0,1,0,1,1,0,0,0,0,0,0,0,0,0,0,0,0,0,0,1,0,0,0,0,0,0,0,0,1,0,0,0,0,0,0,0,1,0,0,1,0,0,0,1,0,0,1,0,0,0,0,0,0,0,0,0,1,9.400630098419315,4.2633832685897595
855,102.0,17920,4,4,3,5,4,0.0,3,3,3,3,2,5,306,3,1085,372,1763,3,1779,0,0,1779,1,0,1,1,3,1,3,7,1,4,1,2,3,3,3,0,418,0,0,312,0,0,0,0,7,170000,12.04355959836804,4272,51,32,1,0,0,0,0,0,0,1,1,1.0,0,0,1,0,1,1,0,0,1,0,0,1,0,0,0,0,0,0,0,0,0,0,0,1,0,1,1,0,0,0,1,0,0,0,0,0,1,0,0,0,0,0,0,0,0,0,1,0,0,0,0,0,0,1,0,0,0,0,0,1,0,1,0,0,0,1,0,0,1,0,0,0,0,0,0,0,0,0,1,9.793728488543389,4.634728988229636
856,70.04995836802665,6897,3,4,3,5,8,0.0,3,4,3,3,1,5,659,1,0,381,1040,5,1040,0,0,1040,1,0,1,1,3,1,3,7,0,0,1,1,3,3,3,0,104,0,0,0,0,0,0,0,4,127000,11.751950239425476,2184,48,0,1,0,0,0,0,0,0,1,1,1.0,0,0,0,1,1,1,0,0,1,0,0,1,0,0,0,0,0,0,0,0,0,0,0,1,0,1,1,0,0,0,0,0,0,0,0,0,0,0,0,0,1,0,0,0,0,0,0,0,0,0,1,0,0,0,0,0,0,0,0,1,0,1,0,0,0,1,0,0,1,0,0,1,0,0,0,0,0,0,1,8.838986793496787,4.2633832685897595
857,70.04995836802665,10970,3,4,2,6,6,0.0,3,3,4,4,4,6,505,2,435,0,940,3,1026,0,0,1026,1,0,1,0,3,1,3,7,0,0,1,2,3,2,3,0,0,34,0,0,0,0,3,0,10,147000,11.898194668458824,2000,30,30,0,0,0,1,0,0,0,1,1,1.5,1,0,0,1,1,0,1,0,0,0,0,0,0,0,0,0,0,1,0,0,0,0,0,1,0,1,1,0,0,0,1,0,0,0,0,0,0,0,0,0,0,0,0,1,0,0,0,0,0,0,1,0,0,0,0,0,0,0,0,1,0,1,0,0,0,1,0,0,1,0,0,1,0,0,0,0,0,1,0,9.30301070681749,4.2633832685897595
858,65.0,8125,4,4,3,6,5,0.0,3,3,4,3,1,1,0,1,0,702,702,4,702,779,0,1481,0,0,2,1,3,1,3,7,1,3,3,2,3,3,3,0,36,0,0,0,0,0,0,0,3,174000,12.066816325306588,2219,15,14,1,0,0,0,0,0,0,1,1,2.0,0,0,0,1,0,0,0,1,0,0,0,0,0,0,1,0,0,0,0,0,0,0,0,1,0,1,1,0,0,0,1,0,0,0,0,0,0,0,0,0,1,0,0,0,0,0,0,0,0,0,1,0,0,0,0,0,0,0,0,1,0,0,0,1,0,1,0,0,1,0,0,0,0,0,0,0,0,0,1,9.002824076547672,4.189654742026425
859,80.0,10400,4,4,3,7,5,189.0,3,3,4,3,1,1,0,1,0,1090,1090,3,1370,0,0,1370,0,0,2,0,3,1,3,7,1,3,2,2,3,3,3,0,0,0,0,0,0,0,3,0,6,152000,11.93164237875414,2460,33,33,0,0,0,0,0,0,0,1,1,1.0,0,0,0,0,0,1,1,1,0,0,0,1,0,0,0,0,0,0,0,0,0,0,0,1,0,1,1,0,0,0,1,0,0,0,0,0,0,0,0,0,1,0,0,0,0,0,0,0,0,0,1,0,0,0,0,0,0,0,1,0,0,1,0,0,0,1,0,0,1,0,0,0,0,0,0,0,0,0,1,9.249657234353133,4.394449154672439
860,70.04995836802665,11029,3,4,3,6,7,220.0,3,3,3,3,2,4,619,1,0,435,1054,3,1512,1142,0,2654,1,0,2,1,4,1,4,7,1,4,1,2,3,3,3,0,65,0,0,222,0,0,0,0,8,250000,12.429220196836384,3995,38,22,1,0,0,0,1,0,0,1,1,2.0,0,0,0,1,0,1,1,1,0,0,0,0,0,0,1,0,0,0,0,0,0,0,0,1,0,1,1,0,0,0,0,0,0,0,0,0,0,0,0,0,1,0,0,0,0,0,0,0,0,0,1,0,0,0,0,0,0,0,1,0,0,1,0,0,0,1,0,0,1,0,0,0,0,0,0,0,0,0,1,9.308374112247549,4.2633832685897595
861,55.0,7642,4,4,3,7,8,0.0,4,3,3,3,1,1,0,1,0,912,912,4,912,514,0,1426,0,0,1,1,3,1,4,7,1,4,1,1,3,3,3,0,240,0,0,0,0,0,4,0,6,189950,12.154521423145216,2578,89,9,1,0,0,0,0,0,0,1,1,1.5,0,0,0,1,0,1,1,0,0,0,0,0,0,1,0,0,0,0,0,0,0,0,0,1,0,1,1,0,0,0,0,0,0,0,0,0,0,0,0,0,0,0,0,0,0,0,1,0,0,0,0,0,0,0,0,0,1,0,0,1,0,0,0,0,0,1,0,0,1,0,0,1,0,0,0,0,0,0,1,8.941545475242885,4.02535169073515
862,75.0,11625,4,4,3,5,4,0.0,3,3,3,3,2,4,841,1,0,198,1039,5,1039,0,0,1039,1,0,1,1,3,1,3,7,0,0,1,2,3,3,3,0,0,0,0,0,0,0,0,0,4,131500,11.78676973513378,2078,45,45,0,0,0,0,0,0,0,1,1,1.0,0,0,0,1,1,1,0,0,1,0,1,0,0,0,0,0,0,0,0,0,0,0,0,1,0,1,1,0,0,0,1,0,1,0,0,0,1,0,0,0,0,0,0,1,0,0,0,0,0,0,1,0,0,0,0,0,0,0,0,1,0,0,0,1,0,1,0,0,1,0,0,0,0,0,0,0,0,0,1,9.360999248261296,4.330733340286331
863,81.0,9672,4,4,3,6,5,0.0,3,3,4,3,1,6,338,1,0,702,1040,3,1097,0,0,1097,0,0,2,0,3,1,3,7,0,0,1,2,3,3,3,0,0,0,0,0,0,0,4,0,5,152000,11.93164237875414,2137,26,25,1,0,0,0,0,0,0,1,1,1.0,0,0,0,1,0,0,1,0,1,0,0,1,0,0,0,0,0,0,0,0,0,0,0,1,0,1,1,0,0,0,0,0,0,0,0,0,1,0,0,0,1,0,0,0,0,0,0,0,0,0,0,0,0,1,0,0,0,0,0,1,0,0,0,1,0,1,0,0,1,0,0,0,0,0,0,0,0,0,1,9.177093778182547,4.406719247264253
864,70.0,7931,4,4,3,5,5,0.0,3,3,3,3,1,4,1148,1,0,0,1148,3,1148,0,0,1148,1,0,1,0,3,1,3,7,0,0,1,1,3,3,3,0,0,0,0,0,0,0,4,0,7,132500,11.794345471549745,2296,50,50,0,0,0,0,0,0,0,1,1,1.0,0,0,0,1,0,0,1,1,0,0,0,1,0,0,0,0,0,0,0,0,0,0,0,1,0,1,1,0,0,0,1,0,0,0,0,0,1,0,1,0,0,0,0,0,0,0,0,0,0,0,0,0,0,1,0,0,0,0,0,1,0,1,0,0,0,1,0,0,1,0,0,0,0,0,0,0,0,0,1,8.978660489639687,4.2626798770413155
865,72.0,8640,4,4,3,7,5,0.0,4,3,5,3,1,1,0,1,0,1372,1372,5,1372,0,0,1372,0,0,2,0,3,1,4,7,0,0,3,2,3,3,3,0,140,0,0,0,0,0,0,0,5,250580,12.43153750053306,2884,1,0,1,0,0,0,0,0,0,1,1,1.0,0,1,0,0,1,0,1,0,1,0,0,1,0,0,0,0,0,0,0,0,0,0,0,0,0,1,1,0,0,0,1,0,0,0,0,0,0,0,0,0,0,0,0,0,0,1,0,0,0,0,0,0,0,0,0,1,0,0,0,1,0,0,0,1,0,1,0,0,1,0,0,0,0,0,0,0,0,0,1,9.0642735958414,4.290459441148391
866,70.04995836802665,8750,3,4,3,5,6,76.0,3,3,3,3,1,4,828,1,0,174,1002,3,1002,0,0,1002,1,0,1,0,3,1,3,7,0,0,1,2,3,3,3,0,0,0,0,0,0,0,3,0,8,148500,11.908346971208951,2004,39,39,0,0,0,0,0,0,0,1,1,1.0,0,0,0,1,0,0,1,1,0,0,0,1,0,0,0,0,0,0,0,0,0,0,0,1,0,1,1,0,0,0,1,0,0,0,0,0,0,0,0,0,0,1,0,0,0,0,0,0,0,0,0,1,0,0,0,0,0,0,1,0,0,1,0,0,0,1,0,0,1,0,0,1,0,0,0,0,0,0,1,9.076923258535832,4.2633832685897595
867,67.0,10656,3,4,3,8,5,274.0,4,3,4,3,3,1,0,1,0,1638,1638,5,1646,0,0,1646,0,0,2,0,3,1,4,7,1,4,2,3,3,3,3,192,80,0,0,0,0,0,0,0,11,248900,12.424810506025397,3556,1,0,1,0,0,1,0,0,0,1,1,1.0,0,1,0,0,1,1,1,0,1,0,0,1,0,0,0,0,0,0,0,0,0,0,0,1,0,1,1,0,0,0,1,0,0,0,0,0,0,0,0,0,0,0,0,0,0,1,0,0,0,0,0,0,0,0,0,1,0,0,0,0,1,0,0,1,0,1,0,0,1,0,0,0,0,0,0,0,1,0,0,9.273972232220956,4.219507705176107
868,85.0,6970,4,4,3,4,5,0.0,3,3,3,3,1,5,932,1,0,108,1040,3,1120,0,0,1120,1,0,1,1,3,1,2,7,0,0,2,2,3,3,3,168,0,0,0,0,0,0,0,400,5,129000,11.767575435251748,2328,46,46,0,0,1,0,0,1,0,1,1,1.0,0,0,0,1,1,1,0,0,1,0,0,1,0,0,0,0,0,0,0,0,0,0,0,1,0,1,1,0,0,0,0,0,0,0,0,0,0,0,0,0,0,0,0,0,0,1,0,0,0,0,0,0,0,0,0,1,0,0,0,1,0,1,0,0,0,1,0,0,1,0,0,0,0,0,0,1,0,0,1,8.849513965486398,4.454347296253507
869,70.04995836802665,14762,2,4,3,5,6,0.0,3,3,0,0,0,0,0,0,0,0,0,4,1547,720,53,2320,0,0,2,0,2,1,3,7,1,3,1,2,3,3,2,120,144,0,0,0,0,0,0,0,5,169000,12.037659911047468,2584,58,56,1,0,0,0,0,1,0,1,1,2.0,0,0,0,1,0,0,0,1,0,0,0,0,0,0,1,0,0,0,0,0,0,0,0,1,0,1,1,0,0,0,0,0,0,0,0,0,0,0,0,0,0,0,0,1,0,0,0,0,0,0,0,0,0,1,0,0,0,0,0,1,0,0,0,0,1,1,0,0,1,0,0,0,0,0,0,0,0,0,1,9.599879329534089,4.2633832685897595
870,80.0,9938,4,4,3,7,5,246.0,4,3,4,3,1,6,750,1,0,300,1050,5,1062,887,0,1949,1,0,2,1,3,1,4,7,1,3,3,2,3,3,3,156,90,0,0,0,0,0,4,0,6,236000,12.371591321286903,3245,17,16,1,0,0,0,0,0,0,1,1,2.0,0,0,0,1,0,0,1,0,1,0,0,0,0,0,1,0,0,0,0,0,0,0,0,1,0,1,1,0,0,0,1,0,0,0,0,0,0,0,0,0,0,1,0,0,0,0,0,0,0,0,0,1,0,0,0,0,0,0,1,0,0,0,0,1,0,1,0,0,1,0,0,0,0,0,0,0,0,0,1,9.204221690968005,4.394449154672439
871,60.0,6600,4,4,3,5,5,0.0,3,3,3,3,1,1,0,1,0,894,894,4,894,0,0,894,0,0,1,0,2,1,3,7,0,0,1,1,3,3,3,0,0,0,0,0,0,0,0,0,8,109500,11.603688960617085,1788,47,47,0,0,0,0,1,0,0,1,1,1.0,0,0,0,1,0,0,1,1,0,0,0,1,0,0,0,0,0,0,0,0,0,0,0,1,0,1,1,0,0,0,1,0,0,0,0,0,1,0,0,0,0,1,0,0,0,0,0,0,0,0,0,1,0,0,0,0,0,0,0,1,0,1,0,0,0,0,0,0,1,0,0,1,0,0,0,0,0,0,1,8.79497643168877,4.110873864173311
872,70.0,8750,4,4,3,6,5,116.0,3,3,4,3,1,6,505,1,0,299,804,5,804,878,0,1682,0,0,2,1,3,1,4,7,0,0,2,2,3,3,3,0,77,0,0,0,0,0,0,0,6,200500,12.208574513247497,2563,12,12,0,0,0,0,0,0,0,1,1,2.0,0,0,0,1,1,0,1,0,0,0,0,0,0,0,1,0,0,0,0,0,0,0,0,1,0,1,1,0,0,0,1,0,0,0,0,0,0,0,0,0,0,0,0,0,0,1,0,0,0,0,0,0,0,0,0,1,0,0,1,0,0,0,0,1,0,1,0,0,1,0,0,0,0,0,0,0,0,0,1,9.076923258535832,4.2626798770413155
873,74.0,8892,4,4,3,5,7,0.0,4,3,3,3,3,1,0,1,0,105,105,4,910,0,0,910,0,0,1,0,3,1,4,7,0,0,1,2,3,3,3,196,0,150,0,0,0,0,2,0,10,116000,11.661354090741,1361,55,12,1,0,0,0,0,0,0,1,1,1.0,0,0,0,1,0,0,1,1,0,0,0,1,0,0,0,0,0,0,0,0,0,0,0,1,0,1,1,0,0,0,0,0,0,0,0,0,0,0,0,0,0,0,0,0,0,0,0,1,0,0,0,0,0,0,0,0,0,1,0,1,0,0,1,0,0,1,0,0,1,0,0,0,0,0,0,0,0,0,1,9.09301972939964,4.31748811353631
874,60.0,12144,4,4,3,5,7,0.0,4,3,3,3,1,3,375,1,0,457,832,4,1036,0,232,1268,0,0,1,0,3,1,3,7,1,4,1,1,3,3,3,0,28,0,0,0,0,0,0,0,9,133000,11.798111925972618,2128,60,59,1,0,0,0,0,0,0,1,1,1.0,0,0,0,1,0,0,1,1,0,0,0,0,0,0,0,0,0,0,0,0,1,0,0,1,0,1,1,0,0,0,1,0,0,0,0,0,0,0,0,0,1,0,0,0,0,0,0,0,0,0,1,0,0,0,0,0,0,0,0,1,0,1,0,0,0,1,0,0,1,0,0,0,0,0,1,0,0,0,1,9.404672841436273,4.110873864173311
875,52.0,5720,4,4,3,5,6,0.0,3,3,3,3,1,1,0,1,0,676,676,5,676,455,0,1131,0,0,1,1,3,1,3,7,0,0,1,1,3,3,3,26,0,0,0,0,0,0,0,0,8,66500,11.104972264124868,1833,68,59,1,0,0,0,0,1,0,1,1,1.5,0,0,1,0,1,0,0,0,1,0,0,0,0,1,0,0,0,0,0,0,0,0,0,0,1,1,1,0,0,0,1,0,0,0,0,0,0,0,0,0,0,0,0,0,0,0,1,0,0,0,0,0,0,0,0,0,1,0,0,1,0,1,0,0,0,1,0,0,1,0,0,1,0,0,0,0,0,0,1,8.651898894268529,3.970291913552122
876,75.0,9000,4,4,3,8,5,0.0,4,3,4,3,3,6,64,1,0,1120,1184,5,1184,1426,0,2610,0,0,2,1,4,1,5,7,1,4,3,2,3,3,3,208,364,0,0,0,0,0,0,0,8,303477,12.623064399210184,4366,0,0,0,0,0,0,0,0,0,1,1,2.0,0,1,0,0,1,0,1,0,1,0,0,0,0,0,1,0,0,0,0,0,0,0,0,0,0,1,1,0,0,0,1,0,0,0,0,0,0,0,0,1,0,0,0,0,0,0,0,0,0,1,0,0,0,0,0,0,0,0,0,1,0,0,0,1,0,1,0,0,1,0,1,0,0,0,0,0,0,0,1,9.105090961257085,4.330733340286331
877,94.0,25286,4,4,2,4,5,0.0,3,3,3,3,4,5,633,1,0,431,1064,4,1040,0,0,1040,1,0,1,0,3,1,3,7,0,0,1,2,3,3,3,0,0,0,0,0,0,0,0,0,1,132250,11.792456911128632,2104,44,44,0,0,0,1,0,0,0,1,1,1.0,0,0,0,1,1,1,0,1,0,0,0,1,0,0,0,0,0,0,0,0,0,0,0,1,0,1,1,0,0,0,1,0,0,0,0,0,0,0,0,0,1,0,0,0,0,0,0,0,0,0,0,0,0,1,0,0,0,0,0,1,0,0,0,1,0,1,0,0,1,0,0,0,0,0,0,0,1,0,0,10.138045708665592,4.553876891600541
878,74.0,8834,4,4,3,9,5,216.0,4,3,5,3,1,6,1170,1,0,292,1462,5,1462,762,0,2224,1,0,2,1,4,1,5,7,1,4,3,3,3,3,3,184,0,0,0,0,0,0,0,0,6,350000,12.765691290604371,3870,5,4,1,0,0,0,0,0,0,1,1,2.0,0,0,0,1,0,0,0,0,1,0,0,0,0,0,1,0,0,0,0,0,0,0,0,1,0,1,1,0,0,0,1,0,0,0,0,0,1,0,0,0,0,0,0,0,0,1,0,0,0,0,0,0,0,0,0,1,0,0,0,0,1,0,0,1,0,1,0,0,1,0,0,0,0,0,0,0,0,0,1,9.086476384753796,4.31748811353631
879,88.0,11782,3,4,3,5,7,0.0,3,3,3,3,3,5,899,1,0,210,1109,3,1155,0,0,1155,1,0,1,0,3,1,4,5,0,0,1,2,3,3,3,192,0,0,0,0,0,0,3,400,6,148000,11.904974309480185,2456,49,15,1,0,1,0,0,0,0,1,1,1.5,1,0,0,1,1,1,0,0,1,0,0,0,0,0,0,0,0,0,1,0,0,0,0,1,0,1,1,0,0,0,1,0,0,0,0,0,0,0,0,0,1,0,0,0,0,0,0,0,0,0,1,0,0,0,0,0,0,0,0,1,0,1,0,0,0,1,0,0,1,0,0,1,0,0,0,1,0,0,1,9.37441309371334,4.48863636973214
880,70.04995836802665,7000,3,4,3,5,8,90.0,4,4,3,3,1,5,646,1,0,218,864,5,864,0,0,864,1,0,1,0,3,1,3,7,0,0,1,1,3,3,3,0,0,0,0,0,0,0,2,0,7,136500,11.824087219587645,1728,31,4,1,0,0,0,0,0,0,1,1,1.0,0,0,0,1,1,0,1,0,0,0,0,1,0,0,0,0,0,0,0,0,0,0,0,1,0,1,1,0,1,0,0,0,0,0,0,0,0,0,0,0,0,0,0,0,0,1,0,0,0,0,0,0,0,0,0,1,0,0,1,0,0,1,0,0,0,1,0,0,1,0,0,0,0,0,0,0,0,0,1,8.853808274977197,4.2633832685897595
881,60.0,7024,4,4,3,5,5,0.0,3,3,5,4,1,5,980,1,0,110,1090,4,1090,0,0,1090,1,0,1,1,2,1,3,7,0,0,3,2,3,3,3,0,49,0,0,0,0,0,0,0,6,157000,11.964007453736912,2229,2,1,1,0,0,0,0,0,0,1,1,1.0,0,0,0,1,1,1,1,0,0,0,0,1,0,0,0,0,0,0,0,0,0,0,0,1,0,1,1,0,0,0,1,0,0,0,0,0,0,0,0,0,0,0,0,0,0,1,0,0,0,0,0,0,0,0,0,1,0,0,0,1,0,0,0,1,0,1,0,0,1,0,0,0,0,0,0,0,0,0,1,8.857230494201946,4.110873864173311
882,44.0,13758,3,4,3,7,5,117.0,4,4,4,3,2,2,902,1,0,254,1156,5,1187,530,0,1717,0,0,2,1,3,1,4,7,1,3,2,2,3,3,3,168,36,0,0,0,0,0,0,0,4,187500,12.141539457711714,3077,17,16,1,0,0,0,0,0,0,1,1,1.5,0,0,0,1,1,1,1,0,1,0,0,0,0,1,0,0,0,0,0,0,0,0,0,1,0,1,1,0,1,0,0,0,0,0,0,0,0,0,0,0,1,0,0,0,0,0,0,0,0,0,1,0,0,0,0,0,0,0,1,0,0,1,0,0,0,1,0,0,1,0,0,0,0,0,0,0,0,0,1,9.529448434427817,3.8066624897703196
883,70.04995836802665,9636,3,4,3,6,5,0.0,3,3,4,3,1,1,0,1,0,808,808,4,808,785,0,1593,0,0,2,1,3,1,3,7,1,3,2,2,3,3,3,342,40,0,0,0,0,0,3,0,12,178000,12.08954444723597,2783,17,16,1,0,0,0,0,0,0,1,1,2.0,0,0,0,1,0,0,0,1,0,0,0,0,0,0,1,0,0,0,0,0,0,0,0,1,0,1,1,0,0,0,0,0,0,0,0,0,0,0,0,0,0,0,0,0,0,1,0,0,0,0,0,0,0,0,0,1,0,0,0,1,0,0,0,1,0,1,0,0,1,0,1,0,0,0,0,0,0,0,1,9.173365135851288,4.2633832685897595
884,60.0,6204,4,4,3,4,5,0.0,4,3,3,2,1,1,0,1,0,795,795,3,954,795,481,2230,1,0,1,0,5,1,3,7,0,0,1,1,3,4,3,0,188,0,0,0,0,0,0,0,3,118500,11.682676678340282,3213,94,56,1,0,0,1,0,0,0,1,1,2.5,0,0,0,1,0,1,0,0,1,0,0,0,0,0,0,0,1,0,0,0,0,0,0,1,0,1,1,0,0,0,1,0,0,0,0,0,0,0,0,0,0,0,0,0,0,0,1,0,0,0,0,0,0,0,0,0,1,0,0,1,0,0,0,1,0,0,0,0,1,0,0,1,0,0,0,0,0,0,0,8.733110697638708,4.110873864173311
885,65.0,7150,4,4,3,5,5,60.0,3,3,3,3,1,4,432,1,0,460,892,3,892,0,0,892,0,0,1,0,3,1,3,7,0,0,2,1,3,3,3,0,0,0,0,0,0,0,2,0,7,100000,11.51293546492023,1784,42,42,0,0,0,0,0,0,0,1,1,1.0,0,0,0,1,0,0,1,1,0,0,0,1,0,0,0,0,0,0,0,0,0,0,0,1,0,1,1,0,0,0,1,0,0,0,0,0,0,0,0,0,1,0,0,0,0,0,0,0,0,0,1,0,0,0,0,0,0,0,1,0,0,1,0,0,0,1,0,0,1,0,0,0,0,0,0,0,0,0,1,8.875007486048396,4.189654742026425
886,50.0,5119,3,4,3,9,5,60.0,4,3,5,3,3,6,1238,1,0,460,1698,5,1709,0,0,1709,1,0,2,0,2,1,4,7,1,3,3,2,3,3,3,97,65,0,0,0,0,0,0,0,1,328900,12.70351207261035,3569,9,8,1,0,0,0,0,0,0,1,1,1.0,0,0,1,0,1,0,1,0,1,0,0,0,0,0,0,0,0,0,0,0,0,0,0,0,0,1,1,0,1,0,0,0,0,0,0,1,0,0,0,0,0,1,0,0,0,0,0,0,0,0,0,1,0,0,0,0,0,0,1,0,0,0,0,1,0,1,0,0,1,0,0,0,0,0,0,0,0,0,1,8.540909718033554,3.9318256327243257
887,70.0,8393,4,4,3,5,5,122.0,3,3,3,3,1,2,528,1,0,1098,1626,5,1712,0,0,1712,0,0,2,0,4,2,3,7,0,0,3,2,3,3,3,272,54,0,0,0,0,0,0,0,6,145000,11.884495917930655,3664,47,1,1,0,0,0,0,0,0,1,1,1.0,0,0,0,0,0,0,1,1,0,0,0,0,0,0,0,0,0,0,0,1,0,0,0,1,0,1,1,0,0,0,0,0,0,1,0,0,0,0,0,0,0,1,0,0,0,0,0,0,0,0,0,1,0,0,0,0,0,0,1,0,0,1,0,0,0,1,0,0,1,0,0,0,0,0,0,0,0,0,1,9.035272443893536,4.2626798770413155
888,59.0,16466,3,4,3,5,7,0.0,3,4,3,3,1,1,0,1,0,816,816,3,872,521,0,1393,0,0,1,1,3,1,3,7,0,0,1,1,3,3,3,121,0,0,0,265,0,0,0,0,4,135500,11.81673429934846,2595,53,53,0,0,0,0,0,0,0,1,1,1.5,0,0,0,1,1,1,1,0,0,0,0,0,0,1,0,0,0,0,0,0,0,0,0,1,0,1,1,0,0,0,1,0,0,0,0,0,0,0,0,0,0,1,0,0,0,0,0,0,0,0,0,1,0,0,0,0,0,0,0,1,0,0,0,1,0,1,0,0,1,0,0,0,0,0,0,0,0,0,1,9.709113657218,4.0943445622221
889,95.0,15865,3,4,2,8,6,0.0,4,4,3,4,4,5,351,3,823,1043,2052,5,2217,0,0,2217,1,0,2,0,4,1,4,7,1,3,1,2,3,3,3,81,207,0,0,224,0,0,0,0,10,268000,12.498745990829317,4781,37,37,0,0,0,0,0,0,0,0,1,1.0,0,0,0,1,0,0,1,1,0,0,0,1,0,0,0,0,0,0,0,0,0,0,0,1,0,1,1,0,0,0,1,0,0,0,0,0,0,1,0,0,0,0,0,0,0,0,1,0,0,0,0,0,0,0,0,0,1,0,0,1,0,0,0,1,0,1,0,0,1,0,0,0,0,0,0,0,0,0,1,9.671933733861948,4.564348191467836
890,128.0,12160,4,4,3,6,4,90.0,3,3,3,3,1,4,1024,1,0,481,1505,5,1505,0,0,1505,1,0,1,0,2,1,3,7,1,3,2,2,3,3,3,0,0,0,162,0,0,0,0,0,2,149500,11.91505836075372,3172,56,56,0,0,0,0,0,1,0,1,1,1.0,0,0,0,1,0,0,1,1,0,0,0,1,0,0,0,0,0,0,0,0,0,0,0,1,0,1,1,0,0,0,1,0,0,0,0,0,1,0,0,0,0,0,0,0,0,0,1,0,0,0,0,0,0,0,0,0,1,0,1,0,0,1,0,0,0,1,0,0,1,0,0,0,0,0,0,0,0,0,1,9.405989388981,4.859812404361672
891,60.0,8064,4,4,3,5,7,0.0,3,4,3,3,2,1,0,1,0,672,672,5,672,252,0,924,0,0,1,0,3,1,3,7,1,1,1,2,3,3,3,0,0,0,0,0,0,0,3,2000,7,122900,11.719134432217524,1596,58,1,1,0,1,0,0,1,0,1,1,1.5,0,0,0,1,0,0,1,1,0,0,0,0,0,1,0,0,0,0,0,0,0,0,0,1,0,1,1,0,0,0,0,0,0,0,0,0,0,0,0,0,0,1,0,0,0,0,0,0,0,0,0,1,0,0,0,0,0,0,0,1,0,1,0,0,0,1,0,0,1,0,0,1,0,0,0,1,0,0,1,8.99528899055931,4.110873864173311
892,70.0,11184,4,4,3,6,5,92.0,3,3,3,3,1,2,226,3,500,192,918,4,918,765,0,1683,0,0,2,1,3,1,3,7,1,3,2,2,3,3,3,243,0,0,0,0,0,0,0,0,7,172500,12.058158312538197,2844,31,31,0,0,0,0,0,0,0,1,1,2.0,0,0,0,1,1,1,0,0,1,0,0,0,0,0,1,0,0,0,0,0,0,0,0,1,0,1,1,0,0,0,1,0,0,0,0,0,1,0,0,0,1,0,0,0,0,0,0,0,0,0,1,0,0,0,0,0,0,0,1,0,0,1,0,0,0,1,0,0,1,0,0,0,0,0,0,0,0,0,1,9.32232887392423,4.2626798770413155
893,70.0,8414,4,4,3,6,8,0.0,3,3,3,3,1,6,663,1,0,396,1059,3,1068,0,0,1068,0,1,1,0,3,1,3,7,0,0,2,1,3,3,3,192,0,0,0,0,0,0,3,0,2,154500,11.9479558477909,2319,43,3,1,0,0,0,0,0,0,1,1,1.0,0,0,0,1,1,1,0,0,1,0,0,1,0,0,0,0,0,0,0,0,0,0,0,1,0,1,1,0,0,0,1,0,0,0,0,0,1,0,0,0,1,0,0,0,0,0,0,0,0,0,1,0,0,0,0,0,0,0,0,1,0,1,0,0,0,1,0,0,1,0,0,0,0,0,0,0,0,0,1,9.037771106624906,4.2626798770413155
894,70.04995836802665,13284,4,4,3,5,5,0.0,3,3,4,3,2,4,1064,1,0,319,1383,3,1383,0,0,1383,1,0,1,0,3,1,3,7,1,4,1,1,3,3,3,511,116,0,0,0,0,0,4,0,6,165000,12.013706813470414,3393,54,54,0,0,0,0,1,0,0,1,1,1.0,0,0,0,1,1,1,0,0,1,0,0,1,0,0,0,0,0,0,0,0,0,0,0,1,0,1,1,0,0,0,1,0,0,0,0,0,0,0,0,0,0,0,0,0,0,0,1,0,0,0,0,0,0,1,0,0,0,0,0,1,0,0,0,1,0,1,0,0,1,0,0,0,0,0,0,0,0,0,1,9.494390858193913,4.2633832685897595
895,64.0,7018,4,4,3,5,5,0.0,3,3,0,0,0,0,0,0,0,0,0,3,1535,0,0,1535,0,0,2,0,4,2,3,7,0,0,1,2,3,3,3,0,0,0,0,0,0,0,0,0,6,118858,11.685693195625964,1535,30,30,0,0,0,1,0,0,0,1,1,1.0,0,0,1,0,0,0,1,0,1,0,0,0,0,0,0,0,0,0,0,1,0,0,0,1,0,1,1,0,0,0,1,0,0,1,0,0,0,0,0,0,0,0,0,1,0,0,0,0,0,0,0,0,0,1,0,0,0,0,0,1,0,0,0,0,1,1,0,0,1,0,0,0,0,0,0,0,0,0,0,8.856376036730422,4.174387269895637
896,71.0,7056,4,4,3,6,5,415.0,3,3,3,3,1,4,400,1,0,380,780,3,983,813,0,1796,1,0,1,1,4,1,3,7,1,3,2,2,3,3,3,0,50,0,0,0,0,0,0,0,10,140000,11.849404844423074,2626,45,45,0,0,0,0,0,0,0,1,1,2.0,0,0,0,1,0,0,1,1,0,0,0,0,0,0,1,0,0,0,0,0,0,0,0,1,0,1,1,0,0,0,1,0,0,0,0,0,1,0,0,0,1,0,0,0,0,0,0,0,0,0,1,0,0,0,0,0,0,0,1,0,0,1,0,0,0,1,0,0,1,0,0,0,0,0,0,0,0,0,1,8.86177531100083,4.276666119016055
897,50.0,8765,4,4,3,4,6,0.0,3,3,3,3,1,5,285,1,0,666,951,5,951,0,0,951,0,0,1,0,2,1,3,7,0,0,1,1,3,3,3,0,28,0,0,0,0,0,0,0,4,106500,11.575909653758895,1930,70,56,1,0,0,0,0,0,0,1,1,1.0,0,0,1,0,1,0,0,1,0,0,0,0,1,0,0,0,0,0,0,0,0,0,0,0,1,1,0,0,0,0,1,0,0,0,0,0,0,0,0,0,0,0,0,0,0,0,1,0,0,0,0,0,0,0,0,0,1,0,0,1,0,0,0,0,0,0,0,0,1,0,0,1,0,0,0,0,0,0,1,9.078635880978755,3.9318256327243257
898,64.0,7018,4,4,3,5,5,0.0,3,3,0,0,0,0,0,0,0,0,0,3,1120,1120,0,2240,0,0,2,0,6,2,3,7,0,0,1,2,3,3,3,154,0,0,0,0,0,0,0,0,6,142953,11.870278179170796,2394,30,30,0,0,0,0,0,1,0,1,1,2.0,0,0,1,0,0,0,1,0,1,0,0,0,0,0,0,0,0,0,0,1,0,0,0,1,0,1,1,0,0,0,1,0,0,1,0,0,0,0,0,0,0,0,0,1,0,0,0,0,0,0,0,0,0,1,0,0,0,0,0,1,0,0,0,0,1,1,0,0,1,0,0,1,0,0,0,0,0,0,1,8.856376036730422,4.174387269895637
899,100.0,12919,3,4,3,9,5,760.0,5,3,5,3,4,6,2188,1,0,142,2052,5,2364,0,0,2364,1,0,2,1,2,1,5,7,2,4,3,3,3,3,3,0,67,0,0,0,0,0,0,0,3,611657,13.323928581764989,4483,1,0,1,0,0,0,0,0,0,1,1,1.0,0,1,0,0,0,0,0,0,1,0,0,1,0,0,0,0,0,0,0,0,0,0,0,1,0,1,1,0,0,0,1,0,0,0,0,0,1,0,0,0,0,0,0,0,0,1,0,0,0,0,0,0,0,0,0,1,0,0,0,0,1,0,0,1,0,1,0,0,1,0,0,0,0,0,0,0,0,0,1,9.466531777336593,4.61512051684126
900,65.0,6993,4,4,3,5,7,0.0,3,3,3,3,1,4,465,1,0,447,912,3,1236,0,0,1236,0,0,1,0,3,1,3,7,1,3,1,1,3,3,3,0,0,0,0,0,0,0,0,0,6,135000,11.81303746480054,2148,45,12,1,0,0,0,0,1,0,1,1,1.0,0,0,0,1,1,1,0,0,1,0,0,1,0,0,0,0,0,0,0,0,0,0,0,1,0,1,1,0,0,0,1,0,0,0,0,0,0,0,0,0,1,0,0,0,0,0,0,0,0,0,0,0,0,1,0,0,0,0,0,1,0,1,0,0,0,1,0,0,1,0,0,0,0,0,0,0,0,0,1,8.852807917623322,4.189654742026425
901,70.04995836802665,7340,3,4,3,4,6,0.0,3,3,3,3,1,5,322,1,0,536,858,3,858,0,0,858,0,0,1,0,2,1,3,7,0,0,1,1,3,3,3,0,0,0,0,0,0,0,0,0,6,110000,11.60824473564232,1716,36,36,0,0,0,0,0,0,0,1,1,1.0,0,0,0,1,0,0,1,1,0,0,0,1,0,0,0,0,0,0,0,0,0,0,0,1,0,1,1,0,0,0,1,0,0,0,0,0,0,0,0,0,1,0,0,0,0,0,0,0,0,0,1,0,0,0,0,0,0,0,0,1,0,1,0,0,0,1,0,0,1,0,0,1,0,0,0,0,0,0,1,8.901230352110781,4.2633832685897595
902,64.0,8712,3,4,3,5,7,0.0,3,4,3,3,2,4,860,1,0,132,992,3,1306,0,0,1306,1,0,1,0,2,1,3,7,0,0,1,1,3,3,3,0,0,0,0,0,0,0,0,0,5,153000,11.938199736300923,2298,52,9,1,0,0,0,0,0,0,1,1,1.0,0,0,0,1,0,0,1,1,0,0,0,1,0,0,0,0,0,0,0,0,0,0,0,1,0,1,1,0,0,0,1,0,0,0,0,0,1,0,0,0,0,1,0,0,0,0,0,0,0,0,0,1,0,0,0,0,0,0,0,1,0,1,0,0,0,1,0,0,1,0,0,1,0,0,0,0,0,0,1,9.072571442231286,4.174387269895637
903,63.0,7875,4,4,3,7,5,0.0,4,3,4,3,1,1,0,1,0,783,783,5,807,702,0,1509,0,0,2,1,3,1,4,7,1,4,3,2,3,3,3,0,75,0,0,0,0,0,0,0,7,180000,12.100717685412471,2367,3,3,0,0,0,0,0,0,0,1,1,2.0,0,0,0,1,0,0,0,1,0,0,0,0,0,0,1,0,0,0,0,0,0,0,0,1,0,1,1,0,0,0,1,0,0,0,0,0,0,0,0,0,0,0,0,0,0,1,0,0,0,0,0,0,0,0,0,1,0,0,0,1,0,0,0,1,0,1,0,0,1,0,0,0,0,0,0,0,0,0,1,8.971575439759016,4.1588830833596715
904,50.0,14859,3,4,3,7,5,27.0,4,3,4,3,1,1,0,1,0,1670,1670,5,1670,0,0,1670,0,0,2,0,3,1,4,7,1,4,2,3,3,3,3,144,60,0,0,0,0,0,0,0,8,240000,12.388398368982116,3544,0,0,0,0,0,1,0,0,0,1,1,1.0,0,1,0,0,0,0,0,1,0,0,0,1,0,0,0,0,0,0,0,0,0,0,0,1,0,1,1,0,1,0,0,0,0,0,0,0,1,0,0,0,0,0,0,0,0,1,0,0,0,0,0,0,0,0,0,1,0,0,1,0,0,0,0,1,0,1,0,0,1,0,0,0,0,0,0,0,1,0,0,9.60642831827175,3.9318256327243257
905,70.04995836802665,6173,3,4,3,5,6,75.0,3,3,3,3,1,6,599,1,0,277,876,3,902,0,0,902,0,0,1,0,3,1,3,7,0,0,1,1,3,3,3,0,0,0,0,0,0,0,3,0,8,125500,11.74006900564972,1778,40,40,0,0,0,0,0,0,0,1,1,1.0,0,0,0,1,1,1,0,0,1,0,0,1,0,0,0,0,0,0,0,0,0,0,0,1,0,1,1,0,0,0,1,0,0,0,0,0,0,0,0,0,1,0,0,0,0,0,0,0,0,0,0,0,0,0,0,0,1,0,1,0,0,1,0,0,0,1,0,0,1,0,0,0,0,0,0,0,0,0,1,8.728102205062104,4.2633832685897595
906,80.0,9920,4,4,3,5,5,110.0,3,3,3,3,1,3,354,2,290,412,1056,3,1063,0,0,1063,1,0,1,0,3,1,3,7,0,0,2,1,3,3,3,0,0,164,0,0,0,0,3,0,2,128000,11.759793355371237,2283,56,56,0,0,0,0,0,0,0,1,1,1.0,0,0,0,1,0,0,1,1,0,0,0,1,0,0,0,0,0,0,0,0,0,0,0,1,0,1,1,0,0,0,1,0,0,0,0,0,0,0,0,0,1,0,0,0,0,0,0,0,0,0,1,0,0,0,0,0,0,0,0,0,1,1,0,0,0,1,0,0,1,0,0,0,0,0,0,0,0,0,1,9.202409001649903,4.394449154672439
907,116.0,13501,3,4,3,8,5,208.0,4,3,4,3,1,6,63,1,0,1560,1623,5,1636,0,0,1636,1,0,2,0,3,1,4,7,1,4,2,3,3,3,3,0,60,0,0,0,0,0,0,0,6,255000,12.449022745701502,3319,1,1,0,0,0,0,0,0,0,1,1,1.0,0,0,0,1,1,0,1,0,1,0,0,1,0,0,0,0,0,0,0,0,0,0,0,1,0,1,1,0,0,0,0,0,0,0,0,0,0,0,0,0,0,0,0,0,0,1,0,0,0,0,0,0,0,0,0,1,0,0,0,0,1,0,0,1,0,1,0,0,1,0,0,0,0,0,0,0,0,0,1,9.510593101601815,4.762173934797756
908,86.0,11500,3,4,3,7,7,0.0,4,3,4,3,1,3,223,1,0,794,1017,4,1020,1037,0,2057,0,0,1,1,3,1,4,7,1,4,3,1,2,3,3,0,0,0,0,322,0,0,0,0,6,250000,12.429220196836384,3396,70,19,1,0,0,0,0,0,0,1,1,1.5,0,0,0,1,0,1,1,0,0,0,0,0,0,1,0,0,0,0,0,0,0,0,0,1,0,1,1,0,0,0,1,0,0,0,0,0,0,0,1,0,0,0,0,0,0,0,0,0,1,0,0,0,0,0,0,0,0,0,0,1,0,1,0,0,0,1,0,0,1,0,0,0,0,0,0,0,0,0,1,9.350189267092581,4.465908118654584
909,70.04995836802665,8885,3,4,2,5,5,0.0,3,3,4,3,3,4,301,5,324,239,864,3,902,0,0,902,1,0,1,0,2,1,3,7,0,0,1,2,3,3,3,164,0,0,0,0,0,0,3,0,6,131000,11.78296023574194,1930,23,23,0,0,0,1,0,0,0,1,1,1.0,0,0,0,1,1,1,0,1,0,0,0,1,0,0,0,0,0,0,0,0,0,0,0,1,0,1,1,0,0,0,1,0,0,0,0,0,0,0,0,0,1,0,0,0,0,0,0,0,0,0,1,0,0,0,0,0,0,0,0,1,0,1,0,0,0,1,0,0,1,0,0,0,0,0,0,0,0,1,0,9.092232283495854,4.2633832685897595
910,149.0,12589,2,4,3,6,5,0.0,4,3,4,3,1,1,0,1,0,742,742,5,742,742,0,1484,0,0,2,1,3,1,4,7,1,4,3,2,3,3,3,36,24,0,0,0,0,0,0,0,6,174000,12.066816325306588,2286,4,4,0,0,0,0,0,0,0,1,1,2.0,0,0,0,1,0,0,0,1,0,0,0,0,0,0,1,0,0,0,0,0,0,0,0,1,0,1,1,0,0,0,1,0,0,0,0,0,0,0,0,0,0,0,0,0,0,1,0,0,0,0,0,0,0,0,0,1,0,0,0,1,0,0,0,1,0,1,0,0,1,0,0,0,0,0,0,0,0,0,1,9.440658127038393,5.0106352940962555
911,80.0,11600,4,4,3,5,5,361.0,3,3,3,3,1,3,443,1,0,662,1105,3,1105,1169,0,2274,0,0,2,0,5,2,3,7,0,0,1,2,3,3,3,0,0,0,0,0,0,0,0,0,1,154300,11.946660519211653,3379,50,50,0,0,0,0,0,1,0,1,1,2.0,0,0,0,1,0,0,1,1,0,0,0,0,0,0,0,0,0,0,0,1,0,0,0,1,0,1,1,0,0,0,0,0,0,1,0,0,0,0,0,0,0,1,0,0,0,0,0,0,0,0,0,1,0,0,0,0,0,0,1,0,0,1,0,0,0,1,0,0,0,0,0,1,0,0,0,0,0,0,1,9.358846580275406,4.394449154672439
912,70.04995836802665,9286,3,4,2,5,7,0.0,3,3,4,4,3,5,196,1,0,1072,1268,3,1268,0,0,1268,0,0,1,1,3,1,4,7,0,0,1,1,3,3,3,173,0,0,0,0,0,0,0,0,10,143500,11.874097282798648,2709,32,20,1,0,0,0,0,0,0,1,1,1.0,0,0,0,1,1,0,1,0,0,0,0,1,0,0,0,0,0,0,0,0,0,0,0,1,0,1,1,0,1,0,0,0,0,0,0,0,0,0,0,0,1,0,0,0,0,0,0,0,0,0,0,0,0,1,0,0,0,0,0,1,0,1,0,0,0,1,0,0,1,0,0,1,0,0,0,0,0,0,1,9.13637085177601,4.2633832685897595
913,51.0,6120,4,4,3,5,7,0.0,3,3,3,3,1,3,489,1,0,279,768,3,1015,0,0,1015,0,0,1,0,3,1,3,6,0,0,1,1,3,3,3,0,0,112,0,120,0,0,3,620,7,88000,11.38510345703214,2015,81,56,1,0,1,0,0,0,0,1,1,1.0,0,0,1,0,1,1,0,0,0,0,0,0,1,0,0,0,0,0,0,0,0,0,0,0,1,1,1,0,0,0,1,0,0,0,0,0,0,0,0,0,0,1,0,0,0,0,0,0,0,0,0,1,0,0,0,0,0,0,0,1,0,0,0,0,0,0,0,0,1,0,0,1,0,0,0,1,0,0,1,8.71948076085107,3.9512437185814275
914,82.0,6270,4,4,3,5,6,0.0,3,3,3,3,1,4,284,1,0,717,1001,3,1001,1001,0,2002,0,0,2,0,4,2,3,7,0,0,1,3,3,3,3,0,0,0,0,0,0,0,0,0,8,145000,11.884495917930655,3003,58,57,1,0,0,1,0,0,0,1,1,2.0,0,0,0,1,0,1,1,0,0,0,0,0,0,0,0,0,0,0,0,1,0,0,1,0,0,1,1,0,0,0,1,0,0,1,0,0,0,0,0,0,0,1,0,0,0,0,0,0,0,0,0,1,0,0,0,0,0,0,0,1,0,1,0,0,0,0,0,0,0,0,0,0,0,1,0,0,1,0,0,8.74369111054302,4.418840607796598
915,30.0,3000,4,4,3,6,5,76.0,4,3,4,3,3,6,294,1,0,318,612,5,612,612,0,1224,0,0,2,1,2,1,4,7,0,0,2,2,3,3,3,0,234,0,0,0,0,0,0,0,6,173733,12.065280672855897,2070,0,0,0,0,0,0,0,0,0,1,1,2.0,0,1,0,0,1,0,1,0,1,1,0,0,0,0,0,0,0,0,0,0,0,0,0,0,0,1,0,1,0,0,1,0,0,0,0,1,0,0,0,0,0,0,0,0,0,1,0,0,0,0,0,0,0,0,0,1,0,0,0,0,1,0,0,1,0,1,0,0,1,0,0,1,0,0,0,0,0,0,1,8.006700845440367,3.4339872044851463
916,21.0,2001,4,4,3,4,5,80.0,3,3,3,3,1,1,0,1,0,546,546,2,546,546,0,1092,0,0,1,1,3,1,3,7,0,0,1,1,3,3,3,0,0,0,0,0,0,0,0,0,1,75000,11.225256725762891,1638,37,37,0,0,0,0,0,0,0,1,1,2.0,0,0,0,1,0,1,0,1,0,1,0,0,0,0,0,0,0,0,0,0,0,0,0,0,1,1,1,0,0,0,1,0,0,0,1,0,0,0,0,1,0,0,0,0,0,0,0,0,0,1,0,0,0,0,0,0,0,0,1,0,0,1,0,0,0,1,0,0,1,0,0,0,0,0,0,0,0,0,1,7.601901959875166,3.091042453358316
917,50.0,9000,4,4,3,2,3,0.0,3,3,3,3,3,4,50,1,0,430,480,3,480,0,0,480,1,0,0,0,1,1,3,7,0,0,1,1,3,3,3,0,0,0,0,0,0,0,0,0,10,35311,10.471978128496518,960,57,56,1,0,0,0,0,0,0,1,1,1.0,0,0,1,0,1,0,0,1,0,0,0,1,0,0,0,0,0,0,0,0,0,1,0,0,0,1,1,0,0,0,1,0,0,0,0,0,0,0,0,0,0,0,0,0,0,0,0,0,0,0,0,0,0,0,0,0,0,0,0,1,0,1,0,0,0,0,0,0,0,0,0,1,0,0,0,0,0,0,1,9.105090961257085,3.9318256327243257
918,70.04995836802665,17140,4,4,3,4,6,0.0,3,3,3,3,1,5,1059,1,0,75,1134,5,1229,0,0,1229,0,0,1,0,3,1,3,7,0,0,2,1,3,3,3,0,0,0,0,0,0,0,0,0,4,135000,11.81303746480054,2363,53,53,0,0,0,0,0,0,0,1,1,1.0,0,0,0,1,1,1,1,0,0,0,0,1,0,0,0,0,0,0,0,0,0,0,0,1,0,1,1,0,0,0,1,0,0,0,0,0,0,0,0,0,0,0,0,0,0,1,0,0,0,0,0,0,0,0,0,1,0,0,0,1,0,1,0,0,0,1,0,0,0,0,0,0,0,0,0,0,0,0,1,9.749228533507058,4.2633832685897595
919,103.0,13125,3,4,3,7,5,0.0,4,3,5,3,2,4,48,6,634,422,1104,5,912,1215,0,2127,1,0,2,1,4,1,4,7,1,3,2,3,3,3,3,72,192,224,0,0,0,0,4,0,11,238000,12.380030154325455,3719,16,16,0,0,0,0,0,0,0,1,1,2.0,0,0,0,1,0,0,1,0,1,0,0,0,0,0,1,0,0,0,0,0,0,0,0,1,0,1,1,0,0,0,0,0,0,0,0,0,0,0,0,0,1,0,0,0,0,0,0,0,0,0,1,0,0,0,0,0,0,0,0,1,0,0,0,1,0,1,0,0,1,0,0,0,0,0,0,0,0,0,1,9.482350275033667,4.6443908991413725
920,87.0,11029,3,4,3,6,8,0.0,5,3,4,3,1,5,528,4,411,245,1184,5,1414,0,0,1414,1,0,1,0,3,1,3,6,1,3,1,2,3,3,3,0,51,0,0,190,0,0,0,0,5,176500,12.08108182106182,2839,50,6,1,0,0,0,0,0,0,1,1,1.0,0,0,0,1,0,0,1,1,0,0,0,1,0,0,0,0,0,0,0,0,0,0,0,1,0,1,1,0,0,0,0,0,0,0,0,0,1,0,0,0,0,1,0,0,0,0,0,0,0,0,0,1,0,0,0,0,0,0,0,1,0,1,0,0,0,1,0,0,1,0,0,0,0,0,0,0,0,0,1,9.308374112247549,4.477336814478207
921,70.0,8462,3,4,3,6,5,105.0,4,4,4,4,1,6,814,1,0,114,928,5,936,785,0,1721,0,1,2,1,3,1,4,7,0,0,2,2,3,3,3,300,87,0,0,0,0,0,0,0,7,201000,12.211065162153217,3036,13,13,0,0,0,0,0,0,0,1,1,2.0,0,0,0,1,0,0,1,0,1,0,0,0,0,0,1,0,0,0,0,0,0,0,0,1,0,1,1,0,0,0,1,0,0,0,0,0,0,0,0,0,1,0,0,0,0,0,0,0,0,0,1,0,0,0,0,0,0,0,1,0,0,0,0,1,0,1,0,0,1,0,0,0,0,0,0,0,0,0,1,9.043458999670106,4.2626798770413155
922,67.0,8777,4,4,3,5,7,0.0,3,3,3,3,1,5,1084,1,0,188,1272,4,1272,928,0,2200,2,0,2,2,4,2,3,7,0,0,0,0,0,0,1,0,70,0,0,0,0,0,4,0,9,145900,11.890683588496984,3542,108,5,1,0,0,0,0,1,0,1,1,1.5,0,0,0,1,1,1,1,0,0,0,0,0,0,0,0,0,0,0,0,1,0,0,0,1,0,1,1,0,0,0,1,0,0,1,0,0,0,0,0,0,0,1,0,0,0,0,0,0,0,0,0,1,0,0,0,0,0,0,0,1,0,1,0,0,0,1,0,0,1,0,0,0,1,0,0,0,0,0,1,9.080003870248179,4.219507705176107
923,65.0,10237,4,4,3,6,5,0.0,4,3,4,3,1,6,28,1,0,1288,1316,5,1316,0,0,1316,0,0,2,0,3,1,4,7,1,4,3,2,3,3,3,100,0,0,23,0,0,0,0,0,10,169990,12.043500773454497,2755,1,0,1,0,0,0,0,0,1,1,1,1.0,0,1,0,0,0,0,0,1,0,0,0,1,0,0,0,0,0,0,0,0,0,0,0,1,0,1,1,0,0,0,1,0,0,0,0,0,0,0,0,0,0,0,0,0,0,1,0,0,0,0,0,0,0,0,0,1,0,0,0,1,0,0,0,1,0,1,0,0,1,0,0,0,0,0,0,0,0,0,1,9.233861567017529,4.189654742026425
924,50.0,8012,4,4,3,6,5,0.0,4,3,4,3,1,2,165,6,841,598,1604,5,1617,0,0,1617,1,0,2,0,2,1,4,7,1,2,2,2,3,3,3,0,69,0,0,0,0,0,0,0,7,193000,12.170450649220747,3290,15,14,1,0,0,0,0,0,0,1,1,1.0,0,0,0,1,0,0,1,0,1,0,0,0,0,0,0,0,0,0,0,0,0,0,0,1,0,1,1,0,0,0,1,0,0,0,0,1,0,0,0,0,0,0,0,1,0,0,0,0,0,0,0,0,0,1,0,0,0,0,0,1,0,0,0,1,0,1,0,0,1,0,0,0,0,0,0,0,0,0,1,8.98882050177807,3.9318256327243257
925,79.0,10240,4,4,3,6,6,157.0,3,4,4,3,1,4,625,2,1061,0,1686,3,1686,0,0,1686,1,0,2,0,3,1,3,7,1,3,1,2,3,3,3,384,131,0,0,0,0,0,0,0,5,207500,12.242891437918386,3887,26,26,0,0,0,0,0,0,0,1,1,1.0,0,0,0,1,0,1,1,1,0,0,0,1,0,0,0,0,0,0,0,0,0,0,0,1,0,1,1,0,0,0,1,0,0,0,0,0,0,0,0,0,0,0,0,1,0,0,0,0,0,0,0,0,0,1,0,0,0,0,1,0,0,1,0,0,0,1,0,0,1,0,0,0,0,0,0,0,0,0,1,9.234154550075438,4.382026634673881
926,70.04995836802665,15611,3,4,3,5,6,0.0,3,3,4,3,3,5,767,2,93,266,1126,3,1126,0,0,1126,0,1,2,0,3,1,5,7,0,0,2,2,3,3,3,180,0,0,0,0,0,0,0,0,3,175000,12.07254696717504,2432,31,31,0,0,0,0,0,0,0,1,1,1.0,0,0,1,0,0,1,1,1,0,0,0,1,0,0,0,0,0,0,0,0,0,0,0,1,0,1,1,0,0,0,0,0,0,0,0,0,0,0,0,0,0,0,0,0,0,1,0,0,0,0,0,0,0,0,0,1,0,0,0,1,0,0,0,1,0,1,0,0,1,0,0,0,0,0,0,0,0,0,1,9.655795128300506,4.2633832685897595
927,93.0,11999,4,4,3,8,5,340.0,4,3,4,3,1,1,0,1,0,1181,1181,5,1234,1140,0,2374,0,0,2,1,4,1,5,7,1,4,3,3,3,3,3,104,100,0,0,0,0,0,0,0,5,285000,12.560247968016562,3759,4,3,1,0,0,0,0,0,0,1,1,2.0,0,0,0,1,0,0,0,0,1,0,0,0,0,0,1,0,0,0,0,0,0,0,0,1,0,1,1,0,0,0,1,0,0,0,0,0,1,0,0,0,0,0,0,0,0,1,0,0,0,0,0,0,0,0,0,1,0,0,1,0,0,0,0,1,0,1,0,0,1,0,1,0,0,0,0,0,0,0,1,9.392661928770137,4.543294782270004
928,70.04995836802665,9900,4,4,3,7,5,342.0,3,3,3,3,1,4,552,1,0,280,832,4,1098,880,0,1978,0,0,2,1,4,1,3,7,1,4,2,2,3,3,3,0,43,0,0,0,0,0,4,0,4,176000,12.07824495582233,2853,40,40,0,0,0,0,0,1,0,1,1,2.0,0,0,0,1,0,1,1,1,0,0,0,0,0,0,1,0,0,0,0,0,0,0,0,1,0,1,1,0,0,0,1,0,0,0,0,0,0,0,0,0,0,1,0,0,0,0,0,0,0,0,0,1,0,0,0,0,0,0,1,0,0,1,0,0,0,1,0,0,1,0,0,0,0,0,0,0,0,0,1,9.200391041122515,4.2633832685897595
929,70.04995836802665,11838,4,4,3,8,5,0.0,4,3,4,3,3,1,0,1,0,1753,1753,5,1788,0,0,1788,0,0,2,0,3,1,5,7,1,3,2,2,3,3,3,202,151,0,0,0,0,0,0,0,6,236500,12.373707715234994,3894,8,8,0,0,0,0,0,0,0,1,1,1.0,0,0,0,1,1,0,1,0,0,0,0,1,0,0,0,0,0,0,0,0,0,0,0,1,0,1,1,0,0,0,1,0,0,0,0,0,1,0,0,0,0,0,0,0,0,1,0,0,0,0,0,0,0,0,0,1,0,0,0,1,0,0,0,1,0,1,0,0,1,0,0,0,0,0,0,0,0,0,1,9.379154445411636,4.2633832685897595
930,70.04995836802665,13006,3,4,3,7,5,285.0,3,3,4,3,1,1,0,1,0,964,964,4,993,1243,0,2236,0,0,2,1,4,1,4,7,1,3,3,2,3,3,3,0,0,0,0,0,0,0,0,0,11,222000,12.310437165348777,3200,9,9,0,0,0,0,0,0,0,1,1,2.0,0,0,0,1,0,0,0,1,0,0,0,0,0,0,1,0,0,0,0,0,0,0,0,1,0,1,1,0,0,0,0,0,0,0,0,0,0,0,0,0,1,0,0,0,0,0,0,0,0,0,1,0,0,0,0,0,0,0,1,0,0,0,0,1,0,1,0,0,1,0,1,0,0,0,0,0,0,0,1,9.47324295306374,4.2633832685897595
931,73.0,8925,3,4,3,8,5,0.0,4,3,4,3,3,6,16,1,0,1450,1466,5,1466,0,0,1466,0,0,2,0,3,1,4,7,0,0,3,3,3,3,3,100,18,0,0,0,0,0,0,0,7,201000,12.211065162153217,3050,2,2,0,0,0,1,0,0,0,1,1,1.0,0,0,0,1,1,1,1,0,1,0,0,1,0,0,0,0,0,0,0,0,0,0,0,1,0,1,1,0,0,0,1,0,0,0,0,0,0,0,0,0,0,0,0,0,0,1,0,0,0,0,0,0,0,0,0,1,0,0,0,1,0,0,0,1,0,1,0,0,1,0,0,0,0,0,0,0,1,0,0,9.096723645189215,4.30406509320417
932,70.0,9100,4,4,3,5,6,0.0,3,3,3,3,1,4,338,3,466,121,925,5,925,0,0,925,0,1,1,0,2,1,3,7,0,0,1,1,3,3,3,0,0,0,0,0,0,0,2,0,7,117500,11.674202123168431,1850,44,44,0,0,0,0,0,0,0,1,1,1.0,0,0,0,1,0,0,1,1,0,0,0,1,0,0,0,0,0,0,0,0,0,0,0,1,0,1,1,0,0,0,1,0,0,0,0,0,0,0,0,0,0,0,0,0,0,1,0,0,0,0,0,0,0,0,0,1,0,0,0,1,0,1,0,0,0,1,0,0,1,0,0,1,0,0,0,0,0,0,1,9.116139576577355,4.2626798770413155
933,84.0,11670,3,4,3,9,5,302.0,5,3,5,4,1,1,0,1,0,1905,1905,5,1905,0,0,1905,0,0,2,0,3,1,5,7,1,4,3,3,3,3,3,0,191,0,0,0,0,0,0,0,3,320000,12.676079399771028,4001,1,1,0,0,0,0,0,0,1,1,1,1.0,0,0,0,1,1,0,1,0,1,0,0,1,0,0,0,0,0,0,0,0,0,0,0,1,0,1,1,0,0,0,0,0,0,0,0,0,1,0,0,0,0,0,0,0,0,1,0,0,0,0,0,0,1,0,0,0,0,0,0,0,1,0,0,1,0,1,0,0,1,0,0,0,0,0,0,0,0,0,1,9.364862411412354,4.442651256490317
934,63.0,8487,4,4,3,7,5,210.0,4,3,4,3,3,6,20,1,0,1480,1500,5,1500,0,0,1500,0,0,2,0,3,1,4,7,0,0,2,2,3,3,3,192,36,0,0,0,0,0,0,0,8,190000,12.154784614286667,3228,5,5,0,0,0,0,0,0,0,1,1,1.0,0,0,0,1,1,0,1,0,0,0,0,1,0,0,0,0,0,0,0,0,0,0,0,1,0,1,1,0,0,1,0,0,0,0,0,0,0,0,0,0,0,0,0,0,0,1,0,0,0,0,0,0,0,0,0,1,0,0,1,0,0,0,0,1,0,1,0,0,1,0,0,0,0,0,0,0,0,0,1,9.046408680293819,4.1588830833596715
935,313.0,27650,2,4,2,7,7,0.0,3,3,4,3,4,6,425,1,0,160,585,5,2069,0,0,2069,1,0,2,0,4,1,4,7,1,4,2,2,3,3,3,0,0,0,0,0,0,0,0,0,11,242000,12.396697137361691,2654,48,1,1,0,0,1,1,0,0,0,1,1.0,0,0,0,1,0,0,1,1,0,0,0,1,0,0,0,0,0,0,0,0,0,0,0,1,0,1,1,0,0,0,1,0,0,0,0,0,0,1,0,0,0,0,0,0,0,0,1,0,0,0,0,0,0,0,0,0,1,0,0,1,0,1,0,0,0,1,0,0,1,0,0,0,0,0,0,0,1,0,0,10.227417172661774,5.749392985908253
936,52.0,5825,3,4,3,4,5,108.0,3,4,2,3,2,1,0,1,0,600,600,4,747,0,0,747,0,0,1,0,1,1,3,7,0,0,1,2,3,3,3,0,0,32,0,0,0,0,0,0,6,79900,11.2885436473206,1379,80,53,1,0,0,0,0,0,0,1,1,1.0,0,0,0,1,1,1,0,0,0,0,0,0,1,0,0,0,0,0,0,0,0,0,0,1,0,1,1,0,0,0,1,0,0,0,0,0,0,0,0,0,0,1,0,0,0,0,0,0,0,0,0,1,0,0,0,0,0,0,1,0,0,0,0,1,0,1,0,0,1,0,0,1,0,0,0,0,0,0,1,8.67008593751938,3.970291913552122
937,67.0,10083,4,4,3,7,5,,4,3,4,3,1,6,833,1,0,343,1176,5,1200,0,0,1200,1,0,2,0,2,1,4,7,0,0,2,2,3,3,3,0,41,0,0,0,0,0,0,0,8,184900,12.127575825689416,2417,6,6,0,0,0,0,0,0,0,1,1,1.0,0,0,0,1,0,0,1,0,1,0,0,1,0,0,0,0,0,0,0,0,0,0,0,1,0,1,1,0,0,0,1,0,0,0,0,0,0,0,0,0,0,0,0,0,0,1,0,0,0,0,0,0,0,0,0,1,0,0,0,1,0,0,0,1,0,1,0,0,1,0,0,0,0,0,0,0,0,0,1,9.218705288307811,4.219507705176107
938,75.0,9675,4,4,3,7,5,0.0,4,3,4,3,2,6,341,1,0,772,1113,5,1113,858,0,1971,0,0,2,1,3,1,4,7,1,4,2,2,3,3,3,0,48,0,0,0,0,0,0,0,2,253000,12.441148720271016,3132,4,4,0,0,0,0,0,0,0,1,1,2.0,0,0,0,1,1,0,1,0,1,0,0,0,0,0,1,0,0,0,0,0,0,0,0,1,0,1,1,0,0,0,1,0,0,0,0,0,0,0,0,0,0,0,0,0,0,1,0,0,0,0,0,0,0,0,0,1,0,0,0,1,0,0,0,1,0,1,0,0,1,0,0,0,0,0,0,0,0,0,1,9.177403871729918,4.330733340286331
939,73.0,8760,4,4,3,7,5,0.0,4,3,4,4,2,6,464,1,0,927,1391,5,1391,571,0,1962,0,0,2,1,3,1,4,7,0,0,2,3,3,3,3,0,90,0,0,0,0,0,0,0,8,239799,12.387560521575551,3443,0,0,0,0,0,0,0,0,0,1,1,2.0,0,1,0,0,1,0,1,0,0,0,0,0,0,0,1,0,0,0,0,0,0,0,0,1,0,1,1,0,0,0,1,0,0,0,0,0,0,0,0,0,0,0,0,0,0,1,0,0,0,0,0,0,0,0,0,1,0,0,0,1,0,0,0,1,0,1,0,0,1,0,0,0,0,0,0,0,0,0,1,9.078065332666364,4.30406509320417
940,70.04995836802665,24090,4,4,3,7,7,0.0,3,4,3,3,2,1,0,1,0,1032,1032,5,1207,1196,0,2403,0,0,2,0,4,1,3,7,2,3,1,1,3,3,3,56,0,318,0,0,0,0,0,0,6,244400,12.406565597924237,3809,70,60,1,0,0,0,0,0,0,1,1,2.0,0,0,0,1,0,0,1,0,0,0,0,0,0,0,0,1,0,0,0,0,0,0,0,1,0,1,1,0,0,0,1,0,0,0,0,0,0,0,0,0,0,1,0,0,0,0,0,0,0,0,0,1,0,0,0,0,0,0,0,1,0,1,0,0,0,1,0,0,1,0,0,0,0,0,0,0,0,0,1,10.089593605747774,4.2633832685897595
941,55.0,12640,3,4,3,6,5,0.0,3,3,3,3,4,3,936,2,396,396,1728,3,1728,0,0,1728,0,0,2,0,4,2,3,7,0,0,1,2,3,3,3,40,0,0,0,0,0,0,0,0,7,150900,11.924379271639218,3496,30,30,0,0,0,0,0,0,0,1,1,1.0,0,0,0,1,1,1,0,1,0,0,0,0,0,0,0,0,0,0,0,1,0,0,0,1,0,1,1,0,0,0,1,0,0,1,0,0,0,0,0,0,0,0,0,1,0,0,0,0,0,0,0,0,0,1,0,0,0,0,0,1,0,1,0,0,0,1,0,0,1,0,0,0,0,0,0,0,0,0,1,9.444700778495557,4.02535169073515
942,70.04995836802665,8755,3,4,3,7,5,298.0,4,3,4,3,1,5,772,1,0,220,992,5,1022,1038,0,2060,1,0,2,1,3,1,4,7,1,3,2,2,3,3,3,0,0,0,168,0,0,0,4,0,6,214000,12.273735966890268,3220,10,10,0,0,0,0,0,0,1,1,1,2.0,0,0,0,1,0,0,0,1,0,0,0,0,0,0,1,0,0,0,0,0,0,0,0,1,0,1,1,0,0,1,0,0,0,0,0,0,0,0,0,0,0,0,0,0,0,1,0,0,0,0,0,0,0,0,0,1,0,0,1,0,0,0,0,1,0,1,0,0,1,0,1,0,0,0,0,0,0,0,1,9.077494458642754,4.2633832685897595
943,42.0,7711,3,4,3,4,3,0.0,3,3,4,3,4,6,1440,1,0,0,1440,3,1440,0,0,1440,2,0,2,0,4,2,3,7,0,0,0,0,0,0,1,321,0,0,0,0,0,0,0,0,8,150000,11.918397239722838,3201,30,30,0,0,0,0,0,0,0,1,1,1.0,0,0,1,0,1,1,1,0,0,0,0,0,0,0,0,0,0,0,0,1,0,0,0,1,0,1,1,0,0,0,1,0,0,1,0,0,0,0,0,0,0,1,0,0,0,0,0,0,0,0,0,1,0,0,0,0,0,0,0,1,0,0,0,1,0,1,0,0,1,0,0,0,1,0,0,0,0,0,1,8.950532836290382,3.7612001156935624
944,100.0,25000,4,4,3,5,4,0.0,3,3,3,3,3,1,0,1,0,1632,1632,3,1632,0,0,1632,0,0,2,0,4,2,3,7,0,0,1,2,3,3,2,0,0,0,0,0,0,0,0,0,6,143000,11.870606902224589,3264,40,40,0,0,0,1,0,0,0,1,1,1.0,0,0,0,1,1,1,0,1,0,0,0,0,0,0,0,0,0,0,0,1,0,0,0,1,0,1,1,0,0,0,1,0,0,1,0,0,0,0,0,0,1,0,0,0,0,0,0,0,0,0,0,0,0,1,0,0,0,0,0,1,0,1,0,0,0,1,0,0,1,0,0,0,0,0,0,0,0,1,0,10.12667110305036,4.61512051684126
945,70.04995836802665,14375,3,2,3,6,6,541.0,3,3,3,3,1,6,111,3,354,354,819,4,1344,0,0,1344,0,1,1,0,3,1,4,7,1,4,2,2,3,3,3,0,118,0,0,233,0,0,0,0,1,137500,11.83138646878959,2514,51,51,0,0,0,0,0,0,0,1,1,1.5,1,0,1,0,1,1,1,0,1,0,0,1,0,0,0,0,0,0,0,0,0,0,0,1,0,1,1,0,1,0,0,0,0,0,0,0,0,0,0,0,1,0,0,0,0,0,0,0,0,0,1,0,0,0,0,0,0,0,1,0,0,1,0,0,0,1,0,0,0,1,0,0,0,0,0,0,0,0,1,9.573315428463395,4.2633832685897595
946,98.0,8820,4,4,3,5,6,0.0,3,3,3,3,1,2,1088,1,0,0,1088,3,1188,561,120,1869,0,0,1,0,2,1,3,7,0,0,1,2,3,3,3,48,0,244,0,0,0,0,1,0,9,124900,11.73527670248674,3249,119,13,1,0,0,0,0,0,0,1,1,1.5,0,0,0,1,1,0,0,0,1,0,0,0,0,1,0,0,0,0,0,0,0,0,0,0,1,1,1,0,0,0,0,0,0,0,0,0,1,0,0,0,0,0,0,0,0,1,0,0,0,0,0,0,0,0,0,1,0,0,0,1,0,0,0,0,0,1,0,0,1,0,0,1,0,0,0,0,0,0,1,9.084890521258767,4.59511985013459
947,70.0,8163,4,4,3,5,6,128.0,3,4,3,3,3,5,748,4,294,102,1144,3,1144,0,0,1144,1,0,1,0,3,1,3,7,1,3,2,1,3,3,3,86,0,0,0,0,0,0,0,0,3,143000,11.870606902224589,2374,47,47,0,0,0,0,0,0,0,1,1,1.5,1,0,0,1,0,0,1,1,0,0,0,0,0,0,0,0,0,1,0,0,0,0,0,1,0,1,1,0,0,0,1,0,0,0,0,0,0,0,0,0,1,0,0,0,0,0,0,0,0,0,1,0,0,0,0,0,0,0,1,0,0,1,0,0,0,1,0,0,1,0,0,0,0,0,0,0,0,0,1,9.007489523929735,4.2626798770413155
948,85.0,14536,4,4,3,8,5,236.0,4,3,4,3,3,6,1300,1,0,316,1616,5,1629,0,0,1629,1,0,2,0,3,1,4,7,1,4,3,3,3,3,3,0,252,0,0,0,0,0,0,0,11,270000,12.506180941677355,3497,5,4,1,0,0,0,0,0,0,1,1,1.0,0,0,0,1,1,1,1,0,1,0,0,1,0,0,0,0,0,0,0,0,0,0,0,1,0,1,1,0,0,0,1,0,0,0,0,0,1,0,0,0,0,0,0,0,0,1,0,0,0,0,0,0,0,0,0,1,0,0,1,0,0,0,0,1,0,1,0,0,1,0,0,0,0,0,0,0,0,0,1,9.584452402426324,4.454347296253507
949,65.0,14006,3,4,3,7,5,144.0,4,3,4,3,0,1,0,1,0,936,936,5,936,840,0,1776,0,0,2,1,3,1,4,7,1,3,2,2,3,3,3,144,96,0,0,0,0,0,0,0,2,192500,12.167856627501678,2952,4,4,0,0,0,0,0,0,0,1,1,2.0,0,0,0,1,1,0,1,0,0,0,0,0,0,0,1,0,0,0,0,0,0,0,0,1,0,1,1,0,0,0,1,0,0,0,0,0,0,0,0,0,0,0,0,0,0,1,0,0,0,0,0,0,0,0,0,1,0,0,1,0,0,0,0,1,0,1,0,0,1,0,0,0,0,0,0,0,0,0,1,9.547312483639047,4.189654742026425
950,78.0,9360,4,4,3,6,7,0.0,3,3,3,3,1,5,982,1,0,179,1161,3,1381,0,0,1381,1,0,1,1,3,1,4,7,1,3,2,2,3,3,3,0,0,0,0,0,0,0,0,0,3,197500,12.193498926601634,2542,38,4,1,0,0,0,0,0,0,1,1,1.0,0,0,0,1,0,1,1,1,0,0,0,1,0,0,0,0,0,0,0,0,0,0,0,1,0,1,1,0,0,0,1,0,0,0,0,0,1,0,0,0,0,0,0,1,0,0,0,0,0,0,0,0,0,1,0,0,0,0,0,1,0,1,0,0,0,1,0,0,1,0,0,0,0,0,0,0,0,0,1,9.144307401371744,4.3694478524670215
951,60.0,7200,4,4,3,5,8,0.0,3,3,3,3,1,5,398,4,149,317,864,4,864,0,0,864,1,0,1,0,3,1,4,7,0,0,2,2,3,3,3,194,0,0,0,0,0,0,0,0,7,129000,11.767575435251748,1922,57,5,1,0,0,0,0,0,0,1,1,1.0,0,0,0,1,0,0,1,1,0,0,0,1,0,0,0,0,0,0,0,0,0,0,0,1,0,1,1,0,0,0,1,0,0,0,0,0,0,0,0,0,0,0,0,0,0,1,0,0,0,0,0,0,0,0,0,1,0,0,0,1,0,1,0,0,0,1,0,0,1,0,0,1,0,0,0,0,0,0,1,8.881975184248867,4.110873864173311
952,60.0,7800,4,4,3,5,5,0.0,3,3,3,3,1,4,641,1,0,187,828,4,965,0,0,965,1,0,1,0,3,1,3,7,0,0,1,1,3,3,3,421,0,0,0,0,0,0,3,0,7,119900,11.694421681264394,2214,41,41,0,0,0,0,0,0,0,1,1,1.0,0,0,1,0,0,0,1,0,1,0,0,1,0,0,0,0,0,0,0,0,0,0,1,0,0,1,1,0,0,0,0,0,0,0,0,0,0,0,0,0,0,0,0,0,0,1,0,0,0,0,0,0,0,0,0,1,0,0,0,1,0,1,0,0,0,1,0,0,1,0,0,1,0,0,0,0,0,0,1,8.962007209588313,4.110873864173311
953,60.0,7200,4,4,3,5,8,0.0,3,4,4,3,3,6,660,1,0,108,768,4,768,0,0,768,0,1,1,0,2,1,3,7,0,0,3,1,3,3,3,192,0,0,0,0,0,0,3,0,4,133900,11.804855999911272,1728,37,6,1,0,0,0,0,0,0,1,1,1.5,1,0,0,1,1,0,1,0,0,0,0,0,0,0,0,0,0,0,1,0,0,0,0,1,0,1,1,0,0,0,1,0,0,0,0,0,0,0,0,0,0,0,0,0,0,0,0,1,0,0,1,0,0,0,0,0,0,0,0,1,0,1,0,0,0,1,0,0,1,0,0,1,0,0,0,0,0,0,1,8.881975184248867,4.110873864173311
954,70.04995836802665,11075,3,4,2,5,4,232.0,3,3,3,3,3,5,562,2,193,29,784,5,1168,800,0,1968,0,1,2,1,4,1,3,5,1,1,2,2,3,3,3,305,189,0,0,0,0,0,3,400,9,172000,12.055255569732177,3246,39,39,0,0,1,0,0,0,0,1,1,2.0,0,0,0,1,1,1,0,1,0,0,0,0,0,0,1,0,0,0,0,0,0,0,0,1,0,1,1,0,0,0,1,0,0,0,0,0,0,0,0,0,1,0,0,0,0,0,0,0,0,0,1,0,0,0,0,0,0,0,1,0,0,1,0,0,0,1,0,0,1,0,0,0,0,0,0,1,0,0,1,9.312535884290853,4.2633832685897595
955,35.0,9400,3,4,3,6,5,250.0,3,3,4,4,4,6,945,1,0,0,945,3,980,0,0,980,0,2,2,0,4,0,3,7,0,0,0,0,0,0,3,0,0,0,0,0,0,0,0,0,10,127500,11.755879486687116,1925,31,31,0,0,0,0,0,0,0,0,1,1.5,1,0,1,0,1,1,1,0,0,0,0,0,0,0,0,0,0,0,0,1,0,0,0,1,0,1,1,0,1,0,0,0,0,1,0,0,0,1,0,0,0,0,0,0,0,0,0,1,0,0,0,0,0,1,0,0,0,0,1,0,0,1,0,0,0,1,0,0,1,0,0,0,1,0,0,0,0,0,1,9.148571345578551,3.58351893845611
956,82.0,7136,3,4,3,6,6,423.0,3,3,4,3,1,3,484,1,0,495,979,3,979,979,0,1958,0,0,2,0,4,2,3,7,0,0,1,2,3,3,3,0,0,0,0,0,0,0,0,0,8,145000,11.884495917930655,2937,61,57,1,0,0,1,0,0,0,1,1,2.0,0,0,0,1,0,1,1,0,0,0,0,0,0,0,0,0,0,0,0,1,0,0,1,0,0,1,1,0,0,0,1,0,0,1,0,0,0,0,0,0,0,1,0,0,0,0,0,0,0,0,0,1,0,0,0,0,0,0,1,0,0,1,0,0,0,0,1,0,0,0,0,0,0,0,0,0,1,0,0,8.873047798971067,4.418840607796598
957,24.0,1300,4,4,3,6,6,0.0,3,3,4,3,1,5,285,1,0,276,561,3,561,668,0,1229,0,0,1,1,2,1,3,7,1,3,3,2,3,3,3,150,0,0,0,0,0,0,4,0,5,124000,11.728044909070784,1940,29,29,0,0,0,0,0,0,0,1,1,2.0,0,0,0,1,1,0,0,0,0,1,0,0,0,0,0,0,0,0,0,0,0,0,0,0,1,1,1,0,0,0,1,0,0,0,0,1,0,0,0,0,0,1,0,0,0,0,0,0,0,0,0,1,0,0,0,0,0,0,0,1,0,1,0,0,0,1,0,0,1,0,0,0,0,0,0,0,0,0,1,7.170888478512505,3.2188758248682006
958,70.0,7420,4,4,3,5,5,0.0,3,3,3,3,1,3,417,1,0,640,1057,3,1057,0,0,1057,0,0,1,0,3,1,3,7,0,0,3,2,3,3,3,0,0,0,0,0,0,0,0,0,4,132000,11.790564777297387,2114,45,45,0,0,0,0,0,0,0,1,1,1.0,0,0,0,1,1,1,0,0,1,0,0,1,0,0,0,0,0,0,0,0,0,0,0,1,0,1,1,0,0,0,1,0,0,0,0,0,1,0,0,0,0,1,0,0,0,0,0,0,0,0,0,1,0,0,0,0,0,0,0,1,0,1,0,0,0,1,0,0,1,0,0,1,0,0,0,0,0,0,1,8.912069097970134,4.2626798770413155
959,65.0,8450,4,4,3,7,5,0.0,4,3,4,3,2,6,699,1,0,638,1337,5,1337,0,0,1337,1,0,2,0,3,1,4,7,0,0,2,2,3,3,3,0,39,0,0,0,0,0,0,0,10,185000,12.128116509451258,2713,4,4,0,0,0,0,0,0,0,1,1,1.0,0,0,0,1,1,0,1,0,0,0,0,1,0,0,0,0,0,0,0,0,0,0,0,1,0,1,1,0,0,0,1,0,0,0,0,0,0,0,0,0,0,0,0,0,0,1,0,0,0,0,0,0,0,0,0,1,0,0,0,1,0,0,0,1,0,1,0,0,1,0,0,0,0,0,0,0,0,0,1,9.042040056544483,4.189654742026425
960,24.0,2572,4,4,3,7,5,0.0,4,3,4,3,1,5,604,1,0,92,696,5,696,720,0,1416,1,0,2,1,3,1,4,7,0,0,1,2,3,3,3,0,44,0,0,0,0,0,0,0,5,155000,11.951186847493476,2156,11,11,0,0,0,0,0,0,0,1,1,2.0,0,0,0,1,1,0,1,0,1,1,0,0,0,0,0,0,0,0,0,0,0,0,0,0,0,1,1,0,0,1,0,0,0,0,1,0,1,0,0,0,0,1,0,0,0,0,0,0,0,0,0,1,0,0,0,0,0,0,0,1,0,0,0,1,0,1,0,0,1,0,0,1,0,0,0,0,0,0,1,7.8528278122817445,3.2188758248682006
961,50.0,7207,3,4,3,5,7,0.0,3,4,3,3,4,4,696,1,0,162,858,4,858,0,0,858,1,0,1,0,2,1,3,7,0,0,0,0,0,0,3,117,0,0,0,0,0,0,0,0,2,116500,11.66565513564204,1833,52,2,1,0,0,0,0,0,0,1,1,1.0,0,0,0,1,1,1,0,0,0,0,0,1,0,0,0,0,0,0,0,0,0,0,0,1,0,1,1,0,0,0,1,0,0,0,0,0,0,0,0,0,0,0,0,0,0,0,1,0,0,0,0,0,0,1,0,0,0,0,0,1,0,1,0,0,0,1,0,0,1,0,0,0,1,0,0,0,0,0,1,8.882946799288174,3.9318256327243257
962,70.04995836802665,12227,3,4,3,6,7,424.0,3,4,4,4,1,5,896,1,0,434,1330,3,1542,1330,0,2872,1,0,2,1,4,1,3,7,1,3,3,2,3,3,3,550,282,0,0,0,0,0,0,0,7,272000,12.513561021741964,5034,31,13,1,0,0,0,1,0,0,1,1,2.0,0,0,0,1,0,1,1,1,0,0,0,0,0,0,1,0,0,0,0,0,0,0,0,1,0,1,1,0,0,0,0,0,0,0,0,0,0,0,0,0,1,0,0,0,0,0,0,0,0,0,1,0,0,0,0,0,0,0,1,0,0,1,0,0,0,1,0,0,1,0,0,0,0,0,0,0,0,0,1,9.411483683010726,4.2633832685897595
963,24.0,2308,4,4,3,6,6,0.0,3,3,4,3,1,5,556,1,0,248,804,3,804,744,0,1548,1,0,2,1,3,1,4,7,1,3,1,2,3,3,3,48,0,0,0,0,0,0,0,0,7,155000,11.951186847493476,2400,31,31,0,0,0,0,0,0,0,1,1,2.0,0,0,0,1,1,0,1,1,0,1,0,0,0,0,0,0,0,0,0,0,0,0,0,1,0,1,1,0,0,0,0,0,0,0,0,1,0,0,0,0,0,0,0,1,0,0,0,0,0,0,0,0,1,0,0,0,0,0,0,1,0,1,0,0,0,1,0,0,1,0,0,1,0,0,0,0,0,0,1,7.744569809354496,3.2188758248682006
964,122.0,11923,3,4,3,9,5,0.0,4,3,5,3,1,1,0,1,0,1800,1800,5,1800,0,0,1800,0,0,2,0,2,1,5,7,0,0,3,2,3,3,3,288,136,0,0,0,0,0,0,0,5,239000,12.384223015005311,4024,2,2,0,0,0,0,0,0,0,1,1,1.0,0,0,0,1,1,0,1,0,0,0,0,1,0,0,0,0,0,0,0,0,0,0,0,1,0,1,1,0,0,0,0,0,0,0,0,0,0,0,0,0,0,0,0,0,0,1,0,0,0,0,0,0,0,0,0,1,0,0,0,1,0,0,0,1,0,1,0,0,1,0,0,0,0,0,0,0,0,0,1,9.386308454797962,4.812184355372417
965,80.0,11316,4,4,3,7,5,44.0,4,3,4,3,1,6,624,1,0,193,817,5,824,1070,0,1894,1,0,2,1,4,1,4,7,1,4,3,2,3,3,3,0,40,0,0,0,0,0,0,0,2,214900,12.277932735946903,2751,8,7,1,0,0,0,0,0,0,1,1,2.0,0,0,0,1,1,1,1,0,1,0,0,0,0,0,1,0,0,0,0,0,0,0,0,1,0,1,1,0,0,0,0,0,0,0,0,0,0,0,0,0,0,0,0,0,0,1,0,0,0,0,0,0,0,0,0,1,0,0,1,0,0,0,0,1,0,1,0,0,1,0,1,0,0,0,0,0,0,0,1,9.334061298965942,4.394449154672439
966,65.0,10237,4,4,3,6,5,0.0,4,3,4,3,1,1,0,1,0,783,783,5,783,701,0,1484,0,0,2,1,3,1,4,7,1,4,3,2,3,3,3,0,72,0,0,0,0,0,0,0,7,178900,12.094587859196112,2339,2,0,1,0,0,0,0,0,1,1,1,2.0,0,1,0,0,0,0,0,1,0,0,0,0,0,0,1,0,0,0,0,0,0,0,0,1,0,1,1,0,0,0,1,0,0,0,0,0,0,0,0,0,0,0,0,0,0,1,0,0,0,0,0,0,0,0,0,1,0,0,0,1,0,0,0,1,0,1,0,0,1,0,0,0,0,0,0,0,0,0,1,9.233861567017529,4.189654742026425
967,130.0,9600,3,4,3,5,7,0.0,4,4,3,2,1,3,428,1,0,300,728,5,976,332,0,1308,1,0,1,1,2,1,3,5,2,3,1,1,3,3,3,0,70,0,0,0,0,0,0,0,6,160000,11.982935344196433,2106,69,59,1,0,0,1,0,0,0,1,1,1.5,0,0,0,1,0,1,1,0,0,0,0,0,0,1,0,0,0,0,0,0,0,0,0,1,0,1,1,0,0,0,1,0,0,0,0,0,0,0,0,0,0,1,0,0,0,0,0,0,0,0,0,1,0,0,0,0,0,0,0,1,0,0,0,0,0,1,0,0,1,0,0,1,0,0,0,0,1,0,0,9.169622538697624,4.875197323201151
968,70.04995836802665,7390,3,4,3,5,7,151.0,3,3,3,3,1,5,902,1,0,196,1098,3,1098,0,0,1098,1,0,1,0,3,1,3,7,0,0,1,1,3,3,3,0,0,0,0,0,0,0,0,0,7,135000,11.81303746480054,2196,53,53,0,0,0,0,0,0,0,1,1,1.0,0,0,0,1,0,0,1,1,0,0,0,1,0,0,0,0,0,0,0,0,0,0,0,1,0,1,1,0,0,0,1,0,0,0,0,0,1,0,0,0,0,0,0,0,0,0,1,0,0,0,0,0,0,0,0,0,1,0,1,0,0,1,0,0,0,1,0,0,1,0,0,0,0,0,0,0,0,0,1,8.908018322784887,4.2633832685897595
969,50.0,5925,4,4,3,3,6,0.0,3,3,3,3,1,1,0,1,0,600,600,2,600,368,0,968,0,0,1,0,2,1,3,7,0,0,0,0,0,0,3,0,0,0,0,0,0,0,2,0,5,37900,10.542732775946709,1568,99,59,1,0,0,0,0,0,0,1,0,1.5,0,0,1,0,1,0,0,0,1,0,0,0,0,1,0,0,0,0,0,0,0,0,0,0,1,1,1,0,0,0,1,0,0,0,0,0,0,0,0,0,0,0,0,0,0,1,0,0,0,0,0,0,0,0,0,1,0,0,0,1,0,0,0,0,0,0,0,0,1,0,0,0,1,0,0,0,0,0,1,8.68710472813351,3.9318256327243257
970,75.0,10382,4,4,3,6,5,105.0,3,2,3,3,4,5,513,1,0,75,588,3,1095,0,0,1095,1,0,1,0,2,1,3,7,0,0,2,1,3,3,3,0,0,0,0,0,0,0,0,0,3,140000,11.849404844423074,1683,48,48,0,0,0,0,0,0,0,1,1,1.5,1,0,0,1,0,0,1,1,0,0,1,0,0,0,0,0,0,0,0,0,0,0,0,1,0,1,1,0,0,0,1,0,1,0,0,0,1,0,0,0,1,0,0,0,0,0,0,0,0,0,1,0,0,0,0,0,0,0,1,0,0,1,0,0,0,1,0,0,1,0,0,0,0,0,0,0,0,0,1,9.247925132303454,4.330733340286331
971,60.0,10800,4,4,3,4,4,0.0,3,3,3,3,1,1,0,1,0,720,720,3,720,472,0,1192,0,0,1,1,4,1,3,7,0,0,0,0,0,0,3,0,0,0,0,0,0,0,0,0,12,135000,11.81303746480054,1912,57,56,1,0,0,0,0,0,0,1,1,1.5,0,0,1,0,0,0,1,1,0,0,0,0,0,1,0,0,0,0,0,0,0,0,0,1,0,1,1,0,0,0,1,0,0,0,0,0,0,0,0,0,0,0,0,0,0,0,0,0,0,0,0,0,0,0,0,0,0,0,0,1,0,1,0,0,0,0,0,0,0,0,0,0,1,0,0,0,0,0,1,9.287394001418473,4.110873864173311
972,36.0,2268,4,4,3,7,5,106.0,4,3,4,3,1,6,567,1,0,197,764,5,764,862,0,1626,0,0,2,0,2,1,4,7,0,0,2,2,3,3,3,0,27,0,0,0,0,0,0,0,7,173000,12.06105265381003,2417,6,5,1,0,0,0,0,0,0,1,1,2.0,0,0,0,1,0,0,0,0,1,1,0,0,0,0,0,0,0,0,0,0,0,0,0,1,0,1,1,0,0,0,1,0,0,0,1,0,0,0,0,0,0,0,0,0,0,1,0,0,0,0,0,0,0,0,0,0,0,1,0,0,1,0,0,1,0,1,0,0,1,0,1,0,0,0,0,0,0,0,1,7.727094484779841,3.6109179126442243
973,55.0,7892,4,4,3,6,5,0.0,3,3,4,3,1,1,0,1,0,918,918,3,918,0,0,918,0,0,2,0,2,1,3,7,1,3,1,1,3,3,3,28,0,0,0,0,0,0,0,0,4,99500,11.507922973347435,1864,31,31,0,0,0,0,0,0,0,1,1,1.0,0,0,0,1,0,0,1,0,1,0,0,0,0,0,0,0,0,0,0,0,0,0,0,1,0,1,1,0,0,0,1,0,0,0,0,1,0,0,0,0,0,0,0,1,0,0,0,0,0,0,0,0,0,1,0,0,0,0,0,1,0,1,0,0,0,1,0,0,1,0,0,0,0,0,0,0,0,0,1,8.973731569708402,4.02535169073515
974,95.0,11639,4,4,3,7,5,,4,3,4,3,1,1,0,1,0,1428,1428,5,1428,0,0,1428,0,0,2,0,3,1,4,7,0,0,3,2,3,3,3,0,120,0,0,0,0,0,0,0,12,182000,12.111767460549332,2976,1,0,1,0,0,0,0,0,0,1,1,1.0,0,1,0,0,1,0,1,0,1,0,0,1,0,0,0,0,0,0,0,0,0,0,0,0,0,1,1,0,0,0,0,0,0,0,0,0,0,0,0,1,0,0,0,0,0,0,0,0,0,1,0,0,0,0,0,0,0,0,0,1,0,0,0,1,0,1,0,0,1,0,0,0,0,0,0,0,0,0,1,9.36220272128543,4.564348191467836
975,60.0,11414,3,4,3,7,8,0.0,3,4,4,3,1,1,0,1,0,728,728,3,1136,883,0,2019,0,0,1,0,3,1,4,7,0,0,1,2,3,3,3,509,135,0,0,0,0,0,4,0,10,167500,12.02874460037869,3391,99,16,1,0,0,0,0,1,1,1,1,2.0,0,0,0,1,1,1,0,0,0,0,0,0,0,0,0,1,0,0,0,0,0,0,0,1,0,1,1,0,0,0,0,0,0,0,0,0,0,0,0,0,1,0,0,0,0,0,0,0,0,0,1,0,0,0,0,0,0,0,0,1,0,0,0,0,0,0,0,0,1,0,0,1,0,0,0,0,0,0,1,9.342683558963897,4.110873864173311
976,70.04995836802665,2651,4,4,3,7,5,0.0,4,3,4,3,1,6,641,1,0,32,673,5,673,709,0,1382,1,0,2,1,3,1,4,7,0,0,1,2,3,3,3,153,50,0,0,0,0,0,0,0,4,165000,12.013706813470414,2258,6,6,0,0,0,0,0,0,0,1,1,2.0,0,0,0,1,1,0,1,0,1,1,0,0,0,0,0,0,0,0,0,0,0,0,0,0,0,1,1,0,0,1,0,0,0,0,1,0,0,0,0,0,0,1,0,0,0,0,0,0,0,0,0,1,0,0,0,0,0,0,0,1,0,0,0,1,0,1,0,0,1,0,0,1,0,0,0,0,0,0,1,7.883069351305753,4.2633832685897595
977,51.0,5900,3,4,3,4,7,0.0,3,3,4,3,1,1,0,1,0,440,440,3,869,0,0,869,0,0,1,0,2,1,2,7,0,0,0,0,0,0,3,0,0,0,0,0,0,0,0,0,8,85500,11.356283350762888,1309,83,48,1,0,0,1,0,0,0,1,1,1.0,0,0,0,1,1,1,0,0,0,0,0,0,1,0,0,0,0,0,0,0,0,0,0,1,0,1,1,0,0,0,1,0,0,0,0,0,0,0,0,0,0,0,0,0,0,0,1,0,0,0,0,0,0,0,0,0,1,0,0,1,0,0,0,1,0,1,0,0,0,0,0,0,1,0,0,0,0,0,0,8.682877107057168,3.9512437185814275
978,35.0,4274,3,4,3,7,5,,4,3,4,3,1,6,1106,1,0,135,1241,5,1241,0,0,1241,1,0,1,1,1,1,4,7,0,0,3,2,3,3,3,0,116,0,0,0,0,0,0,0,11,199900,12.20557752297723,2598,1,0,1,0,0,0,0,0,0,1,1,1.0,0,1,0,0,1,0,1,0,1,0,0,0,0,0,0,0,0,0,0,0,0,0,0,0,0,1,0,1,0,0,1,0,0,0,0,1,0,0,0,0,0,0,0,0,0,1,0,0,0,0,0,0,0,0,0,1,0,0,0,1,0,0,0,1,0,1,0,0,1,0,0,0,0,0,0,0,0,0,1,8.360539381370861,3.58351893845611
979,68.0,9450,4,4,2,4,5,0.0,3,3,3,3,1,2,552,1,0,342,894,5,894,0,0,894,0,0,1,0,3,1,3,7,0,0,1,2,3,3,3,0,0,0,0,0,0,0,0,0,5,110000,11.60824473564232,1788,53,53,0,0,0,1,0,0,0,1,1,1.0,0,0,1,0,1,1,1,0,0,0,0,1,0,0,0,0,0,0,0,0,0,0,0,1,0,1,1,0,0,0,1,0,0,0,0,0,0,0,0,0,0,1,0,0,0,0,0,0,0,0,0,1,0,0,0,0,0,0,0,1,0,1,0,0,0,1,0,0,1,0,0,1,0,0,0,0,0,0,0,9.153875834995056,4.23410650459726
980,80.0,8816,4,4,3,5,6,0.0,3,3,3,3,1,3,651,1,0,470,1121,3,1121,0,0,1121,1,0,1,0,3,1,3,7,0,0,1,2,3,3,3,0,80,0,0,0,0,0,3,0,6,139000,11.842236406331557,2322,46,46,0,0,0,0,0,1,0,1,1,1.0,0,0,0,1,1,1,0,0,1,0,0,1,0,0,0,0,0,0,0,0,0,0,0,1,0,1,1,0,0,0,0,0,0,0,0,0,0,0,0,0,0,0,0,0,0,1,0,0,0,0,0,0,0,0,0,1,0,0,0,1,0,0,0,1,0,1,0,0,1,0,0,1,0,0,0,0,0,0,1,9.084436955087027,4.394449154672439
981,70.04995836802665,12122,3,4,3,7,9,210.0,5,3,3,3,3,5,867,1,0,77,944,4,999,0,0,999,1,0,1,0,3,1,5,7,0,0,2,2,3,3,3,144,76,0,0,0,0,0,0,0,7,178400,12.091789104493502,2163,47,1,1,0,0,0,0,0,0,1,1,1.5,1,0,0,1,0,0,1,1,0,0,0,0,0,0,0,0,0,0,1,0,0,0,0,1,0,1,1,0,0,0,0,0,0,0,0,0,0,0,0,1,0,0,0,0,0,0,0,0,0,1,0,0,0,0,0,0,0,0,0,0,1,1,0,0,0,1,0,0,1,0,0,0,0,0,0,0,0,0,1,9.402859753746583,4.2633832685897595
982,98.0,12203,3,4,3,8,5,975.0,4,3,4,3,1,6,854,1,0,371,1225,5,1276,1336,0,2612,1,0,2,1,4,1,4,7,1,3,3,3,3,3,3,250,0,0,0,0,0,0,0,0,7,336000,12.724869415131389,4087,11,10,1,0,0,0,0,0,0,1,1,2.0,0,0,0,1,1,1,1,1,0,0,0,0,0,0,1,0,0,0,0,0,0,0,0,1,0,1,1,0,0,0,0,0,0,0,0,0,1,0,0,0,0,0,0,0,0,1,0,0,0,0,0,0,0,0,0,1,0,0,1,0,0,0,0,1,0,1,0,0,1,0,0,0,0,0,0,0,0,0,1,9.40951904583656,4.59511985013459
983,43.0,3182,4,4,3,7,5,16.0,4,3,4,3,3,1,0,1,0,1266,1266,5,1266,0,0,1266,0,0,2,0,2,1,4,7,1,4,3,2,3,3,3,100,16,0,0,0,0,0,0,0,3,159895,11.982278882874375,2648,1,1,0,0,0,0,0,0,0,1,1,1.0,0,0,0,1,0,0,0,0,0,0,0,1,0,0,0,0,0,0,0,0,0,0,0,1,0,1,1,0,0,0,1,0,0,0,0,0,0,0,0,0,0,0,0,0,0,1,0,0,0,0,0,0,0,0,0,1,0,0,1,0,0,0,0,1,0,1,0,0,1,0,0,0,0,0,0,0,0,0,1,8.065579427282092,3.784189633918261
984,70.04995836802665,11250,4,4,3,8,5,0.0,4,3,4,3,2,1,0,1,0,1128,1128,5,1149,1141,0,2290,0,0,2,1,4,1,4,7,1,4,1,2,3,3,3,0,0,0,0,0,0,0,0,0,5,255900,12.45254592991672,3418,6,6,0,0,0,0,0,0,0,1,1,2.0,0,0,0,1,1,0,1,0,0,0,0,0,0,0,1,0,0,0,0,0,0,0,0,1,0,1,1,0,0,0,0,0,0,0,0,0,0,0,0,1,0,0,0,0,0,0,0,0,0,1,0,0,0,0,0,0,0,0,0,1,0,0,0,1,0,1,0,0,1,0,0,0,0,0,0,0,0,0,1,9.328212292571072,4.2633832685897595
985,75.0,10125,4,4,3,5,5,0.0,3,3,0,0,0,0,0,0,0,0,0,3,1302,432,0,1734,0,0,2,0,4,2,4,7,0,0,1,2,3,3,3,0,0,0,0,0,0,0,0,0,8,126000,11.744045122410055,1734,32,32,0,0,0,0,0,0,0,1,1,1.5,0,0,0,1,1,1,0,1,0,0,0,0,0,0,0,0,0,0,0,1,0,0,0,1,0,1,1,0,0,0,1,0,0,1,0,0,0,0,0,0,0,0,0,1,0,0,0,0,0,0,0,0,0,1,0,0,0,0,0,1,0,1,0,0,0,1,0,0,1,0,0,0,0,0,0,0,0,0,1,9.222861652529854,4.330733340286331
986,68.0,10880,4,4,3,5,5,0.0,3,3,3,3,1,5,1040,1,0,124,1164,3,1164,0,0,1164,1,0,1,0,3,1,3,7,0,0,1,1,3,3,3,0,48,0,0,0,0,0,0,0,8,125000,11.736077016252436,2376,58,58,0,0,0,0,0,0,0,1,0,1.0,0,0,0,1,1,1,1,0,0,0,1,0,0,0,0,0,0,0,0,0,0,0,0,1,0,1,1,0,0,0,1,0,1,0,0,0,0,0,0,0,0,1,0,0,0,0,0,0,0,0,0,1,0,0,0,0,0,0,0,1,0,1,0,0,0,0,0,0,1,0,0,1,0,0,0,0,0,0,1,9.294773427951013,4.23410650459726
987,59.0,5310,4,4,3,6,8,0.0,3,4,3,2,1,1,0,1,0,485,485,4,1001,634,0,1635,0,0,1,0,2,1,4,7,0,0,1,1,2,3,3,394,0,0,0,0,0,0,0,0,6,117000,11.669937760751914,2514,96,3,1,0,0,0,0,1,0,1,1,1.5,0,0,0,1,1,0,0,0,1,0,0,0,0,1,0,0,0,0,0,0,0,0,0,0,1,1,1,0,0,0,0,0,0,0,0,0,1,0,0,0,0,0,0,0,0,1,0,0,0,0,0,0,0,0,0,1,0,0,0,1,0,1,0,0,0,1,0,0,1,0,0,0,0,0,0,0,0,0,1,8.577535420422398,4.0943445622221
988,83.0,10159,3,4,3,9,5,450.0,5,3,5,3,3,6,1646,1,0,284,1930,5,1940,0,0,1940,1,0,2,1,3,1,5,7,1,4,3,3,3,3,3,168,95,0,0,0,0,0,0,0,4,395192,12.887129532148371,4133,1,0,1,0,0,0,0,0,0,1,1,1.0,0,1,0,0,0,0,0,0,1,0,0,1,0,0,0,0,0,0,0,0,0,0,0,1,0,1,1,0,0,0,1,0,0,0,0,0,1,0,0,0,0,0,0,0,0,1,0,0,0,0,0,0,0,0,0,1,0,0,0,0,1,0,0,1,0,1,0,0,1,0,0,0,0,0,0,0,0,0,1,9.226213721132472,4.430816798843313
989,70.04995836802665,12046,3,4,3,6,6,298.0,3,3,3,3,1,2,156,1,0,692,848,3,1118,912,0,2030,0,0,2,1,4,1,4,7,1,3,3,2,3,3,3,0,224,0,0,0,0,0,0,0,6,195000,12.180759965737863,3102,31,31,0,0,0,0,0,0,0,1,1,2.0,0,0,0,1,0,1,1,1,0,0,0,0,0,0,1,0,0,0,0,0,0,0,0,1,0,1,1,0,0,0,1,0,0,0,0,0,0,0,0,0,0,0,0,1,0,0,0,0,0,0,0,0,0,1,0,0,0,0,1,0,0,1,0,0,0,1,0,0,1,0,0,0,0,0,0,0,0,0,1,9.396570945266852,4.2633832685897595
990,65.0,8125,4,4,3,7,5,0.0,4,3,4,4,1,1,0,1,0,770,770,5,778,798,0,1576,0,0,2,1,3,1,4,7,0,0,2,2,3,3,3,0,50,0,0,0,0,0,0,0,8,197000,12.190964083849376,2396,0,0,0,0,0,0,0,0,0,1,1,2.0,0,1,0,0,1,0,1,0,1,0,0,0,0,0,1,0,0,0,0,0,0,0,0,0,0,1,1,0,0,0,1,0,0,0,0,0,0,0,0,0,0,0,0,0,0,1,0,0,0,0,0,0,0,0,0,1,0,0,0,1,0,0,0,1,0,1,0,0,1,0,0,0,0,0,0,0,0,0,1,9.002824076547672,4.189654742026425
991,82.0,9452,4,4,3,8,5,423.0,4,3,4,3,1,6,1074,1,0,322,1396,5,1407,985,0,2392,1,0,2,1,3,1,4,7,1,3,3,3,3,3,3,0,70,0,0,0,0,0,0,0,6,348000,12.759960632315702,3858,9,8,1,0,0,0,0,0,0,1,1,2.0,0,0,0,1,1,1,1,1,0,0,0,0,0,0,1,0,0,0,0,0,0,0,0,1,0,1,1,0,0,0,1,0,0,0,0,0,0,0,0,0,0,0,0,0,0,1,0,0,0,0,0,0,0,0,0,1,0,0,1,0,0,0,0,1,0,1,0,0,1,0,0,0,0,0,0,0,0,0,1,9.154087430425385,4.418840607796598
992,121.0,17671,4,4,3,8,9,0.0,4,4,3,3,1,4,216,1,0,700,916,4,916,826,0,1742,0,0,1,1,4,1,4,7,1,4,1,2,3,3,2,0,169,0,0,0,0,0,0,0,11,168000,12.031725210748633,2827,127,23,1,0,0,0,0,1,0,1,1,2.0,0,0,0,1,1,0,0,0,1,0,0,0,0,0,0,1,0,0,0,0,0,0,0,0,1,1,0,0,0,0,0,0,0,0,0,0,0,0,0,0,0,0,0,0,0,0,1,0,0,0,0,0,0,0,0,0,1,0,0,1,0,0,0,0,0,1,0,0,1,0,0,0,0,0,0,0,0,0,1,9.779736745099953,4.804021044733257
993,80.0,9760,4,4,2,6,8,340.0,3,3,3,3,4,4,536,3,117,169,822,4,1020,831,0,1851,0,0,2,1,3,1,4,7,1,2,2,2,3,3,3,239,42,0,0,0,0,0,1,0,7,187000,12.138869243416009,2954,43,14,1,0,0,0,0,0,0,1,1,2.0,0,0,0,1,0,0,1,1,0,0,0,0,0,0,1,0,0,0,0,0,0,0,0,1,0,1,1,0,0,0,1,0,0,0,0,0,1,0,0,0,0,0,0,0,0,0,1,0,0,0,0,0,0,0,0,0,1,0,1,0,0,1,0,0,0,1,0,0,1,0,0,0,0,0,0,0,0,0,1,9.186150133174966,4.394449154672439
994,68.0,8846,4,4,3,6,5,0.0,3,3,4,3,1,1,0,1,0,750,750,5,750,750,0,1500,0,0,2,1,3,1,4,7,0,0,2,2,3,3,3,0,35,0,0,0,0,0,0,0,8,173900,12.066241450757124,2285,1,0,1,0,0,0,0,0,0,1,1,2.0,0,1,0,0,1,0,1,0,0,0,0,0,0,0,1,0,0,0,0,0,0,0,0,1,0,1,1,0,0,0,1,0,0,0,0,0,0,0,0,0,0,0,0,0,0,1,0,0,0,0,0,0,0,0,0,1,0,0,0,1,0,0,0,1,0,1,0,0,1,0,0,0,0,0,0,0,0,0,1,9.087833697483386,4.23410650459726
995,96.0,12456,4,4,3,10,5,230.0,5,3,5,3,4,6,1172,1,0,528,1700,5,1718,0,0,1718,1,0,2,0,3,1,5,7,1,4,3,3,3,3,3,216,48,0,0,0,0,0,0,0,7,337500,12.729323752253295,3682,3,2,1,0,0,0,0,0,0,1,1,1.0,0,0,0,1,0,0,0,0,1,0,0,1,0,0,0,0,0,0,0,0,0,0,0,1,0,1,1,0,0,1,0,0,0,0,0,0,1,0,0,1,0,0,0,0,0,0,0,0,0,1,0,0,0,0,0,0,0,0,0,0,1,0,0,1,0,1,0,0,1,0,0,0,0,0,0,0,0,0,1,9.430037992886092,4.574710978503383
996,51.0,4712,3,4,2,4,7,0.0,3,3,3,3,1,5,384,1,0,363,747,3,774,456,0,1230,1,0,1,1,3,1,3,7,0,0,1,1,3,3,3,0,57,0,0,63,0,0,3,0,8,121600,11.7085004721646,2097,60,56,1,0,0,0,0,1,0,1,1,1.5,0,0,1,0,1,1,0,0,0,0,0,0,0,1,0,0,0,0,0,0,0,0,0,1,0,1,1,0,0,0,1,0,0,0,0,0,0,0,0,0,0,1,0,0,0,0,0,0,0,0,0,1,0,0,0,0,0,0,0,1,0,1,0,0,0,1,0,0,1,0,0,1,0,0,0,0,0,0,1,8.45807992692373,3.9512437185814275
997,70.04995836802665,10659,3,4,3,5,6,0.0,3,3,3,3,1,3,915,1,0,135,1050,3,1050,0,0,1050,1,0,1,0,3,1,3,7,0,0,1,1,3,3,3,0,319,0,0,0,0,0,0,0,1,136500,11.824087219587645,2419,45,45,0,0,0,0,0,0,0,1,1,1.0,0,0,0,1,0,0,1,1,0,0,0,1,0,0,0,0,0,0,0,0,0,0,0,1,0,1,1,0,0,0,1,0,0,0,0,0,1,0,0,0,0,0,0,0,0,0,1,0,0,0,0,0,0,0,0,0,1,0,0,1,0,1,0,0,0,1,0,0,1,0,0,0,0,0,0,0,0,0,1,9.274253697719836,4.2633832685897595
998,70.04995836802665,11717,3,4,3,6,6,571.0,3,3,3,3,1,1,0,1,0,1442,1442,3,1442,0,0,1442,0,0,2,0,2,1,3,7,1,3,2,2,3,3,3,371,0,0,0,0,0,0,0,0,2,185000,12.128116509451258,3255,39,39,0,0,0,0,1,0,0,1,1,1.0,0,0,0,1,0,1,1,1,0,0,0,1,0,0,0,0,0,0,0,0,0,0,0,1,0,1,1,0,0,0,1,0,0,0,0,0,1,0,0,0,1,0,0,0,0,0,0,0,0,0,1,0,0,0,0,0,0,0,1,0,0,1,0,0,0,1,0,0,1,0,0,0,0,0,0,0,0,0,1,9.368881400104733,4.2633832685897595
999,60.0,9786,4,4,3,3,4,0.0,3,3,3,2,1,1,0,1,0,1007,1007,2,1077,0,0,1077,0,0,1,0,3,1,3,7,1,4,1,1,3,2,2,0,100,48,0,0,0,0,0,0,5,91000,11.418625774449598,2232,84,56,1,0,0,0,0,0,0,1,1,1.0,0,0,0,1,1,0,0,1,0,0,0,0,1,0,0,0,0,0,0,0,0,0,0,0,1,1,1,0,0,0,1,0,0,0,0,0,1,0,0,0,0,0,0,0,0,0,1,0,0,0,0,0,0,0,0,0,1,0,0,1,0,0,0,0,0,0,0,0,1,0,0,1,0,0,0,0,0,0,1,9.18881025342582,4.110873864173311
1000,64.0,6762,4,4,3,7,5,24.0,4,3,4,3,3,6,686,1,0,501,1187,5,1208,0,0,1208,1,0,2,0,2,1,4,7,0,0,2,2,3,3,3,105,61,0,0,0,0,0,0,0,2,206000,12.235636302128867,2561,4,4,0,0,0,0,0,0,0,1,1,1.0,0,0,0,1,1,0,1,0,0,0,0,1,0,0,0,0,0,0,0,0,0,0,0,1,0,1,1,0,0,0,1,0,0,0,0,0,0,0,0,0,0,0,0,0,0,1,0,0,0,0,0,0,0,0,0,1,0,0,0,0,1,0,0,1,0,1,0,0,1,0,0,0,0,0,0,0,0,0,1,8.81922185757494,4.174387269895637
1001,74.0,10206,4,4,3,3,3,0.0,3,3,0,0,0,0,0,0,0,0,0,2,944,0,0,944,0,0,1,0,2,1,2,6,0,0,1,2,3,2,3,0,0,0,0,0,0,0,0,0,7,82000,11.31448672129398,944,57,57,0,0,0,0,0,0,0,0,0,1.0,0,0,0,1,1,1,1,0,0,0,0,1,0,0,0,0,0,0,0,0,0,0,0,1,0,1,1,0,0,0,0,0,0,0,0,0,0,1,0,0,0,0,1,0,0,0,0,0,0,0,0,0,1,0,0,0,0,0,0,1,0,0,0,0,1,0,1,0,0,0,0,1,0,0,0,0,0,0,1,9.230829038403499,4.31748811353631
1002,60.0,5400,4,4,3,5,6,0.0,3,3,2,3,1,1,0,1,0,691,691,5,691,0,0,691,0,0,1,0,2,1,5,7,0,0,1,1,2,3,1,0,20,94,0,0,0,0,0,0,1,86000,11.362114203075018,1496,87,57,1,0,0,0,0,0,0,1,1,1.0,0,0,1,0,1,0,0,0,1,0,0,0,1,0,0,0,0,0,0,0,0,0,0,1,0,1,1,0,0,0,0,0,0,0,0,0,0,0,0,0,0,0,0,0,0,0,1,0,0,0,0,0,0,0,0,0,1,0,0,1,0,0,0,0,0,1,0,0,0,0,0,1,0,0,0,0,0,0,1,8.594339400592892,4.110873864173311
1003,75.0,11957,3,4,3,8,5,53.0,4,3,4,3,1,6,24,1,0,1550,1574,5,1574,0,0,1574,0,0,2,0,3,1,4,7,1,4,2,3,3,3,3,144,104,0,0,0,0,0,0,0,7,232000,12.354496960983983,3396,2,2,0,0,0,0,0,0,1,1,1,1.0,0,0,0,1,1,0,1,0,1,0,0,1,0,0,0,0,0,0,0,0,0,0,0,1,0,1,1,0,0,0,1,0,0,0,0,0,0,0,0,0,0,0,0,0,0,1,0,0,0,0,0,0,0,0,0,1,0,0,1,0,0,0,0,1,0,1,0,0,1,0,0,0,0,0,0,0,0,0,1,9.38915578944085,4.330733340286331
1004,70.04995836802665,11500,3,4,3,5,6,164.0,3,3,3,3,1,1,0,1,0,1680,1680,2,1680,0,0,1680,0,0,2,0,4,2,3,7,0,0,1,2,3,3,3,0,0,0,0,0,0,0,0,0,6,136905,11.827049837927534,3360,31,31,0,0,0,0,0,1,1,1,1,1.0,0,0,0,1,0,1,1,1,0,0,0,0,0,0,0,0,0,0,0,1,0,0,0,1,0,1,1,0,0,0,0,0,0,1,0,0,0,0,0,0,0,0,0,0,0,1,0,0,0,0,0,0,0,0,0,1,0,0,1,0,0,1,0,0,0,1,0,0,1,0,0,1,0,0,0,0,0,0,1,9.350189267092581,4.2633832685897595
1005,43.0,3182,4,4,3,7,5,16.0,4,3,4,3,1,6,16,1,0,1330,1346,5,1504,0,0,1504,0,0,2,0,1,1,4,7,1,4,3,2,3,3,3,156,0,0,0,0,0,0,0,0,5,181000,12.10625783509458,3006,4,3,1,0,0,0,0,0,0,1,1,1.0,0,0,0,1,0,0,0,0,0,0,0,0,0,0,0,0,0,0,0,0,0,0,0,1,0,1,1,0,0,0,1,0,0,0,0,1,0,0,0,0,0,0,0,0,0,1,0,0,0,0,0,0,0,0,0,1,0,0,1,0,0,0,0,1,0,1,0,0,1,0,0,0,0,0,0,0,0,0,1,8.065579427282092,3.784189633918261
1006,65.0,8385,4,4,3,5,8,220.0,4,3,4,4,3,6,595,1,0,390,985,3,985,0,0,985,0,0,2,0,3,1,3,7,0,0,1,1,3,3,3,210,0,0,0,0,0,0,0,0,11,149900,11.917730355182512,2180,31,31,0,0,0,0,0,0,0,1,1,1.5,1,0,0,1,1,0,1,0,0,0,0,0,0,0,0,0,0,1,0,0,0,0,0,1,0,1,1,0,0,0,1,0,0,0,0,0,0,0,0,0,1,0,0,0,0,0,0,0,0,0,1,0,0,0,0,0,0,0,1,0,0,1,0,0,0,1,0,0,1,0,0,0,0,0,0,0,0,0,1,9.034318927730707,4.189654742026425
1007,70.04995836802665,12155,1,4,3,6,3,0.0,3,3,4,3,1,2,1237,1,0,420,1657,4,1657,0,0,1657,0,1,2,0,3,1,3,7,1,3,1,2,3,3,3,0,0,0,0,147,0,0,0,0,3,163500,12.004574385508691,3461,37,37,0,0,0,0,1,0,0,1,1,1.0,0,0,0,1,0,0,1,1,0,0,0,1,0,0,0,0,0,0,0,0,0,0,0,1,0,1,1,0,0,0,1,0,0,0,0,0,0,0,0,0,0,0,0,1,0,0,0,0,0,0,0,0,0,1,0,0,0,0,0,1,0,1,0,0,0,1,0,0,1,0,0,0,0,0,0,0,0,0,1,9.405578154036684,4.2633832685897595
1008,21.0,2217,4,4,3,4,4,0.0,3,3,3,3,1,4,273,2,273,0,546,3,546,546,0,1092,0,0,1,1,3,1,3,7,0,0,2,1,3,3,3,238,0,0,0,0,0,0,0,0,8,88000,11.38510345703214,1876,39,39,0,0,0,0,0,0,0,1,1,2.0,0,0,0,1,0,1,0,1,0,1,0,0,0,0,0,0,0,0,0,0,0,0,0,0,1,1,1,0,0,0,1,0,0,0,0,1,0,0,0,1,0,0,0,0,0,0,0,0,0,1,0,0,0,0,0,0,0,0,0,1,0,1,0,0,0,1,0,0,1,0,0,0,0,0,0,0,0,0,1,7.704361167910313,3.091042453358316
1009,43.0,12118,3,4,3,7,5,108.0,4,3,5,3,2,1,0,1,0,1710,1710,5,1710,0,0,1710,0,0,2,0,3,1,4,7,1,4,3,2,3,3,3,100,48,0,0,180,0,0,0,0,4,240000,12.388398368982116,3748,5,4,1,0,0,0,0,0,0,1,1,1.0,0,0,0,1,1,1,0,1,0,0,0,1,0,0,0,0,0,0,0,0,0,0,0,1,0,1,1,0,1,0,0,0,0,0,0,0,1,0,0,0,0,0,0,0,0,1,0,0,0,0,0,0,0,0,0,1,0,0,0,0,1,0,0,1,0,1,0,0,1,0,0,0,0,0,0,0,0,0,1,9.402529747968487,3.784189633918261
1010,60.0,6000,4,4,3,5,5,0.0,3,2,3,3,1,1,0,1,0,1008,1008,5,1008,0,514,1522,0,0,2,0,4,1,3,7,0,0,0,0,0,0,2,0,0,138,0,0,0,0,0,0,6,102000,11.53273789613992,2668,80,56,1,0,0,0,0,0,0,1,1,1.5,0,0,0,1,0,1,0,0,1,0,0,0,0,1,0,0,0,0,0,0,0,0,0,1,0,1,1,0,0,0,1,0,0,0,0,0,0,0,0,0,0,0,0,0,0,0,1,0,0,0,0,0,0,0,0,0,1,0,0,1,0,0,0,0,0,1,0,0,1,0,0,0,1,0,0,0,0,0,1,8.699681400989514,4.110873864173311
1011,115.0,21286,4,4,3,5,5,0.0,3,3,3,3,1,1,0,1,0,720,720,3,720,551,0,1271,0,0,2,0,4,1,3,7,1,4,1,1,3,3,3,0,0,108,0,0,0,0,0,0,8,135000,11.81303746480054,2099,60,58,1,0,0,0,0,0,0,1,1,1.5,0,0,0,1,1,1,0,0,1,0,0,0,0,1,0,0,0,0,0,0,0,0,0,1,0,1,1,0,0,0,1,0,0,0,0,0,0,0,0,0,0,0,0,0,0,0,1,0,0,0,0,0,0,0,0,0,1,0,0,1,0,1,0,0,0,1,0,0,1,0,0,0,0,0,0,0,0,0,1,9.965851836732678,4.7535901911063645
1012,75.0,9825,4,4,3,5,5,0.0,3,3,0,0,0,0,0,0,0,0,0,3,1664,0,0,1664,0,0,2,0,4,2,3,7,0,0,0,0,0,0,3,0,0,0,0,0,0,0,0,0,5,100000,11.51293546492023,1664,45,45,0,0,0,0,0,0,0,1,1,1.0,0,0,0,1,1,1,1,0,0,0,0,0,0,0,0,0,0,0,0,1,0,0,0,1,0,1,1,0,0,0,1,0,0,1,0,0,1,0,0,0,0,0,1,0,0,0,0,0,0,0,0,0,1,0,0,0,0,0,0,1,0,1,0,0,0,0,0,0,1,0,0,0,1,0,0,0,0,0,1,9.192787212728593,4.330733340286331
1013,55.0,10592,4,4,3,6,7,0.0,3,4,3,2,1,1,0,1,0,602,602,3,900,602,0,1502,0,0,1,1,3,1,4,7,2,3,1,1,3,3,3,96,0,112,0,53,0,0,0,0,8,165000,12.013706813470414,2365,84,11,1,0,0,0,0,0,0,1,1,2.0,0,0,0,1,0,1,1,0,0,0,0,0,0,0,0,1,0,0,0,0,0,0,0,1,0,1,1,0,0,0,1,0,0,0,0,0,1,0,0,0,0,0,0,0,0,0,1,0,0,0,0,0,0,0,0,0,1,0,0,1,0,0,0,1,0,1,0,0,1,0,0,1,0,0,0,0,0,0,1,9.267948684596496,4.02535169073515
1014,60.0,7200,4,4,3,5,4,0.0,3,3,3,3,1,5,247,3,465,310,1022,3,1022,0,0,1022,1,0,1,0,2,1,3,2,0,0,1,1,3,3,3,0,30,226,0,0,0,0,0,0,6,85000,11.350418300109132,2300,99,3,1,0,0,0,0,0,0,1,0,1.0,0,0,0,1,1,0,0,0,1,0,0,0,1,0,0,0,0,0,0,0,0,0,0,0,1,1,1,0,0,0,1,0,0,0,0,0,1,0,0,0,0,1,0,0,0,0,0,0,0,0,0,0,0,0,1,0,0,0,0,1,0,0,0,0,0,0,0,0,1,0,0,1,0,0,0,0,0,0,1,8.881975184248867,4.110873864173311
1015,60.0,11664,4,4,3,6,5,206.0,3,3,3,2,1,4,336,1,0,746,1082,3,1082,0,0,1082,0,0,1,0,2,1,3,7,1,4,1,1,3,3,3,0,130,0,0,0,0,0,0,0,11,119200,11.688566422839942,2294,59,57,1,0,0,0,0,1,0,1,1,1.0,0,0,0,1,0,0,1,1,0,0,0,1,0,0,0,0,0,0,0,0,0,0,0,1,0,1,1,0,0,0,1,0,0,0,0,0,0,0,0,0,0,1,0,0,0,0,0,0,0,0,0,1,0,0,0,0,0,0,1,0,0,1,0,0,0,1,0,0,1,0,0,1,0,0,0,0,0,0,1,9.36434818445553,4.110873864173311
1016,70.0,8400,4,4,3,8,6,0.0,4,3,4,3,1,6,643,1,0,167,810,5,810,855,0,1665,1,0,2,1,3,1,4,7,0,0,3,2,3,3,3,0,45,0,0,0,0,0,0,0,11,227000,12.33270970174018,2520,8,8,0,0,0,0,0,0,0,1,1,2.0,0,0,0,1,0,1,1,1,0,0,0,0,0,0,1,0,0,0,0,0,0,0,0,1,0,1,1,0,0,0,1,0,0,0,0,0,0,0,0,0,0,0,0,0,0,1,0,0,0,0,0,0,0,0,0,1,0,0,0,1,0,0,0,1,0,1,0,0,1,0,0,0,0,0,0,0,0,0,1,9.036106025364846,4.2626798770413155
1017,73.0,11883,4,4,3,7,5,196.0,4,3,4,3,4,6,690,1,0,814,1504,5,1504,0,0,1504,1,0,2,0,3,1,4,7,1,3,3,2,3,3,3,115,66,0,0,0,0,0,0,0,6,203000,12.220966184120163,3189,13,13,0,0,0,0,0,0,0,1,1,1.0,0,0,0,1,1,0,1,0,0,0,0,1,0,0,0,0,0,0,0,0,0,0,0,1,0,1,1,0,0,0,1,0,0,0,0,0,1,0,0,0,0,0,0,0,0,1,0,0,0,0,0,0,0,0,0,1,0,0,1,0,0,0,0,1,0,1,0,0,1,0,0,0,0,0,0,0,0,0,1,9.382948236582498,4.30406509320417
1018,70.04995836802665,5814,3,4,3,8,5,0.0,4,3,4,3,3,6,1036,1,0,184,1220,4,1360,0,0,1360,1,0,1,0,1,1,4,7,1,5,2,2,3,3,3,63,0,0,0,0,0,0,0,0,8,187500,12.141539457711714,2643,25,25,0,0,0,0,0,0,0,1,1,1.0,0,0,1,0,0,1,1,0,1,0,0,0,0,0,0,0,0,0,0,0,0,0,0,1,0,1,1,0,1,0,0,0,0,0,0,1,0,0,0,0,1,0,0,0,0,0,0,0,0,0,1,0,0,0,0,0,0,0,0,1,0,1,0,0,0,1,0,0,1,0,0,0,0,0,0,0,0,0,1,8.668196064952765,4.2633832685897595
1019,70.04995836802665,10784,3,4,3,7,5,76.0,4,3,4,3,1,1,0,1,0,384,384,4,802,670,0,1472,0,0,2,1,3,1,4,7,1,3,2,2,3,3,3,164,0,0,0,0,0,0,0,0,5,160000,11.982935344196433,2020,16,15,1,0,0,0,0,0,0,1,1,1.5,1,0,0,1,0,0,0,1,0,0,0,0,0,0,0,0,0,1,0,0,0,0,0,1,0,1,1,0,0,1,0,0,0,0,0,0,0,0,0,0,1,0,0,0,0,0,0,0,0,0,1,0,0,0,0,0,0,0,1,0,0,0,0,1,0,1,0,0,1,0,0,0,0,0,0,0,0,0,1,9.285911558823257,4.2633832685897595
1020,43.0,3013,4,4,3,7,5,145.0,4,3,4,3,4,6,16,1,0,1346,1362,5,1506,0,0,1506,0,0,2,0,2,1,4,7,1,4,3,2,3,3,3,142,20,0,0,0,0,0,0,0,4,213490,12.271349956195545,3030,1,1,0,0,0,0,0,0,0,1,1,1.0,0,0,0,1,0,0,0,0,0,0,0,0,0,0,0,0,0,0,0,0,0,0,0,1,0,1,1,0,0,0,1,0,0,0,0,1,0,0,0,0,0,0,0,0,0,1,0,0,0,0,0,0,0,0,0,1,0,0,1,0,0,0,0,1,0,1,0,0,1,0,0,0,0,0,0,0,0,0,1,8.01102337918644,3.784189633918261
1021,60.0,7024,4,4,3,4,5,0.0,3,3,4,3,1,6,1024,1,0,108,1132,5,1132,0,0,1132,1,0,1,1,2,1,4,7,0,0,3,2,3,3,3,252,64,0,0,0,0,0,0,0,6,176000,12.07824495582233,2580,3,3,0,0,0,0,0,0,0,1,1,1.0,0,0,0,1,1,1,1,0,0,0,0,1,0,0,0,0,0,0,0,0,0,0,0,1,0,1,1,0,0,0,1,0,0,0,0,0,0,0,0,0,0,0,0,0,0,1,0,0,0,0,0,0,0,0,0,1,0,0,0,1,0,0,0,1,0,1,0,0,1,0,0,0,0,0,0,0,0,0,1,8.857230494201946,4.110873864173311
1022,64.0,7406,4,4,3,7,5,84.0,4,3,4,3,3,6,684,1,0,515,1199,5,1220,0,0,1220,1,0,2,0,2,1,4,7,0,0,2,2,3,3,3,105,54,0,0,0,0,0,0,0,7,194000,12.175618592671356,2578,0,0,0,0,0,0,0,0,0,1,1,1.0,0,1,0,0,1,0,1,0,0,0,0,1,0,0,0,0,0,0,0,0,0,0,0,1,0,1,1,0,0,0,1,0,0,0,0,0,0,0,0,0,0,0,0,0,0,1,0,0,0,0,0,0,0,0,0,1,0,0,0,0,1,0,0,1,0,1,0,0,1,0,0,0,0,0,0,0,0,0,1,8.91018077801329,4.174387269895637
1023,52.0,9439,4,4,3,5,5,0.0,3,3,3,3,1,2,324,1,0,588,912,4,912,336,0,1248,0,0,1,0,2,1,3,7,0,0,1,1,2,2,3,0,0,192,0,0,0,0,0,0,3,87000,11.373674891823535,2352,77,57,1,0,0,0,0,0,0,1,1,1.5,0,0,0,1,1,0,0,0,1,0,0,0,0,1,0,0,0,0,0,0,0,0,0,0,1,1,1,0,0,0,1,0,0,0,0,0,0,0,0,0,0,0,0,0,0,0,1,0,0,0,0,0,0,0,0,0,1,0,0,1,0,1,0,0,0,1,0,0,0,0,0,1,0,0,0,0,0,0,1,9.152711259139547,3.970291913552122
1024,43.0,3182,4,4,3,7,5,14.0,4,3,4,4,1,6,16,1,0,1330,1346,5,1504,0,0,1504,0,0,2,0,2,1,4,7,1,4,3,2,3,3,3,156,20,0,0,0,0,0,0,0,5,191000,12.160033942617156,3026,3,2,1,0,0,0,0,0,0,1,1,1.0,0,0,0,1,0,0,0,0,0,0,0,0,0,0,0,0,0,0,0,0,0,0,0,1,0,1,1,0,0,0,1,0,0,0,0,1,0,0,0,0,0,0,0,0,0,1,0,0,0,0,0,0,0,0,0,1,0,0,1,0,0,0,0,1,0,1,0,0,1,0,0,0,0,0,0,0,0,0,1,8.065579427282092,3.784189633918261
1025,70.04995836802665,15498,3,4,3,8,6,0.0,4,3,4,3,3,5,1165,2,400,0,1565,3,2898,0,0,2898,1,0,2,0,2,1,4,7,1,4,3,2,3,3,3,0,72,174,0,0,0,0,0,0,5,287000,12.567240979056246,4709,32,32,0,0,0,0,0,0,0,0,1,1.0,0,0,1,0,1,1,1,0,1,0,0,1,0,0,0,0,0,0,0,0,0,0,0,1,0,1,1,0,0,0,0,0,0,0,0,0,1,0,0,0,0,0,1,0,0,0,0,0,0,0,1,0,0,0,0,0,0,0,0,1,0,1,0,0,0,1,0,0,1,0,0,0,0,0,0,0,0,0,1,9.648530784697051,4.2633832685897595
1026,70.0,7700,4,4,3,5,5,0.0,3,3,3,3,1,2,138,3,468,276,882,3,882,0,0,882,1,0,1,0,3,1,3,7,0,0,1,2,3,3,3,96,0,0,0,0,0,0,3,0,3,112500,11.630717389475995,1860,35,35,0,0,0,0,0,0,0,1,1,1.0,0,0,0,1,1,0,1,0,0,0,0,1,0,0,0,0,0,0,0,0,0,0,0,1,0,1,1,0,0,0,0,0,0,0,0,0,0,0,0,0,0,0,0,0,0,1,0,0,0,0,0,0,0,0,0,1,0,0,0,1,0,1,0,0,0,1,0,0,1,0,0,1,0,0,0,0,0,0,1,8.94910546953925,4.2626798770413155
1027,73.0,9300,4,4,3,5,5,324.0,3,3,3,3,1,3,697,1,0,571,1268,3,1264,0,0,1264,1,0,1,0,3,1,3,7,2,4,1,2,3,3,3,0,0,0,0,143,0,0,0,0,4,167500,12.02874460037869,2675,50,50,0,0,0,0,0,1,0,1,1,1.0,0,0,0,1,0,0,1,1,0,0,0,1,0,0,0,0,0,0,0,0,0,0,0,1,0,1,1,0,0,0,1,0,0,0,0,0,0,0,0,0,0,1,0,0,0,0,0,0,0,0,1,0,0,0,0,0,0,0,1,0,0,1,0,0,0,1,0,0,1,0,0,0,0,0,0,0,0,0,1,9.137877200242468,4.30406509320417
1028,71.0,9520,3,4,3,8,5,338.0,4,3,4,3,4,6,1513,1,0,125,1638,5,1646,0,0,1646,1,0,2,0,3,1,4,7,1,4,2,3,3,3,3,192,44,0,0,0,0,0,0,0,4,293077,12.588194064175278,3520,1,0,1,0,0,1,0,0,0,1,1,1.0,0,1,0,0,1,1,1,0,1,0,0,1,0,0,0,0,0,0,0,0,0,0,0,1,0,1,1,0,0,0,1,0,0,0,0,0,0,0,0,0,0,0,0,0,0,1,0,0,0,0,0,0,0,0,0,1,0,0,0,0,1,0,0,1,0,1,0,0,1,0,0,0,0,0,0,0,1,0,0,9.161255164285691,4.276666119016055
1029,79.0,9492,4,4,3,5,5,0.0,3,3,3,3,1,3,368,4,41,359,768,3,968,408,0,1376,1,0,1,0,3,1,3,7,1,4,1,1,3,3,3,0,0,0,0,0,0,0,0,0,4,105000,11.561725152903833,2144,66,57,1,0,0,0,0,1,0,1,1,1.5,0,0,0,1,0,0,1,1,0,0,0,0,0,1,0,0,0,0,0,0,0,0,0,1,0,1,1,0,0,0,1,0,0,0,0,0,0,0,0,0,0,0,0,0,0,0,0,1,0,0,0,0,0,0,0,0,0,1,0,1,0,1,0,0,0,1,0,0,1,0,0,0,0,0,0,0,0,0,1,9.158309963881798,4.382026634673881
1030,21.0,1680,4,4,3,6,7,281.0,3,3,3,3,1,4,317,1,0,355,672,4,672,546,0,1218,0,1,1,1,3,1,3,7,0,0,1,1,3,3,3,0,28,0,0,0,0,0,0,0,5,118000,11.678448377988165,1918,34,34,0,0,0,0,0,0,0,1,1,2.0,0,0,0,1,0,1,0,0,0,1,0,0,0,0,0,0,0,0,0,0,0,0,0,0,1,1,1,0,0,0,1,0,0,0,1,0,0,0,0,0,1,0,0,0,0,0,0,0,0,0,1,0,0,0,0,0,0,0,1,0,0,1,0,0,0,1,0,0,1,0,0,1,0,0,0,0,0,0,1,7.427144133408616,3.091042453358316
1031,70.04995836802665,7082,4,4,3,5,8,0.0,3,3,3,3,2,1,0,1,0,686,686,4,948,980,0,1928,0,0,2,0,5,2,3,7,0,0,0,0,0,0,1,0,0,228,0,0,0,0,0,0,7,160000,11.982935344196433,2842,90,11,1,0,0,0,0,0,0,1,1,2.0,0,0,0,1,0,1,0,0,1,0,1,0,0,0,0,0,0,0,0,0,0,0,1,0,0,1,1,0,0,0,1,0,1,0,0,0,0,0,0,0,0,0,0,0,0,1,0,0,0,0,0,0,0,0,0,1,0,0,0,1,0,0,0,1,0,1,0,0,1,0,0,0,1,0,0,0,0,0,1,8.865452825753623,4.2633832685897595
1032,102.0,15863,4,4,3,7,3,0.0,3,3,3,3,1,6,523,1,0,301,824,5,1687,998,397,3082,1,0,2,1,5,1,3,7,2,3,3,2,3,3,3,136,63,0,0,0,0,0,0,0,8,197000,12.190964083849376,4105,89,39,1,0,0,0,0,0,0,1,1,2.5,0,0,0,1,0,1,0,0,1,0,0,0,0,0,0,0,1,0,0,0,0,0,0,1,0,1,1,0,0,0,0,0,0,0,0,0,0,0,0,0,0,0,0,0,0,0,1,0,0,0,0,0,0,1,0,0,0,0,0,1,0,0,0,0,0,1,0,0,1,1,0,0,0,0,0,0,0,0,1,9.671807670199632,4.634728988229636
1033,70.04995836802665,14541,3,4,3,8,7,0.0,4,4,4,4,1,6,1012,1,0,326,1338,5,1352,1168,0,2520,1,0,2,1,5,1,4,7,1,3,2,3,3,3,3,209,55,0,0,0,0,0,0,0,11,310000,12.644330802262578,4122,13,13,0,0,0,0,0,0,0,1,1,2.0,0,0,1,0,1,1,1,1,0,0,0,0,0,0,1,0,0,0,0,0,0,0,0,1,0,1,1,0,0,0,0,0,0,0,0,0,0,0,0,0,0,1,0,0,0,0,0,0,0,0,0,1,0,0,0,0,0,0,0,1,0,0,0,1,0,1,0,0,1,0,0,0,0,0,0,0,0,0,1,9.584796293210003,4.2633832685897595
1034,70.04995836802665,8125,4,4,3,7,5,295.0,4,3,4,3,1,6,986,1,0,668,1654,5,1654,0,0,1654,1,0,2,0,3,1,4,7,0,0,1,3,3,3,3,0,136,0,0,0,0,0,0,0,2,230000,12.345838935721968,3444,4,4,0,0,0,0,0,0,0,1,1,1.0,0,0,0,1,1,0,1,0,0,0,0,1,0,0,0,0,0,0,0,0,0,0,0,1,0,1,1,0,0,0,1,0,0,0,0,0,0,0,0,0,0,0,0,0,0,1,0,0,0,0,0,0,0,0,0,1,0,0,0,0,1,0,0,1,0,1,0,0,1,0,0,0,0,0,0,0,0,0,1,9.002824076547672,4.2633832685897595
1035,50.0,6305,4,4,3,5,7,0.0,3,4,2,2,1,1,0,1,0,920,920,5,954,0,0,954,0,0,1,0,2,1,2,7,1,4,1,1,2,3,3,0,0,0,0,0,0,0,3,0,6,119750,11.693169865968985,1874,69,57,1,0,0,1,0,0,0,1,1,1.0,0,0,0,1,0,1,1,0,0,0,0,0,1,0,0,0,0,0,0,0,0,0,0,1,0,1,1,0,0,0,1,0,0,0,0,0,0,0,0,0,0,1,0,0,0,0,0,0,0,0,0,1,0,0,0,0,0,0,0,1,0,0,0,1,0,1,0,0,1,1,0,0,0,0,0,0,0,0,0,8.749256840105007,3.9318256327243257
1036,70.04995836802665,11500,3,4,3,4,3,0.0,3,4,0,0,0,0,0,0,0,0,0,5,845,0,0,845,0,0,1,0,3,1,3,7,0,0,1,1,3,3,1,186,0,0,0,0,0,0,0,0,1,84000,11.338583982516496,1031,52,52,0,0,0,0,0,0,0,1,1,1.0,0,0,0,1,1,1,1,0,0,0,0,1,0,0,0,0,0,0,0,0,0,0,0,1,0,1,1,0,1,0,0,0,0,0,0,0,0,0,0,0,0,0,0,0,0,0,1,0,0,0,0,0,0,0,0,0,1,0,0,1,0,0,0,0,1,0,0,0,1,0,0,1,0,0,0,0,0,0,1,9.350189267092581,4.2633832685897595
1037,89.0,12898,3,4,3,9,5,70.0,4,3,5,3,4,6,1022,1,0,598,1620,5,1620,0,0,1620,1,0,2,0,2,1,5,7,1,5,3,3,3,3,3,228,0,0,0,0,0,0,0,0,9,315500,12.66191713053049,3468,2,1,1,0,0,1,0,0,0,1,1,1.0,0,0,0,1,1,1,1,0,1,0,0,1,0,0,0,0,0,0,0,0,0,0,0,1,0,1,1,0,0,0,1,0,0,0,0,0,1,0,0,0,0,0,0,0,0,1,0,0,0,0,0,0,0,0,0,1,0,0,0,0,1,0,0,1,0,1,0,0,1,0,0,0,0,0,0,0,1,0,0,9.464905067965136,4.499809670330265
1038,70.04995836802665,9240,4,4,3,8,5,396.0,4,3,4,3,1,1,0,1,0,1055,1055,5,1055,1208,0,2263,0,0,2,1,3,1,4,7,1,3,3,2,3,3,3,0,45,0,0,189,0,0,0,0,9,287000,12.567240979056246,3552,7,6,1,0,0,0,0,0,0,1,1,2.0,0,0,0,1,1,0,1,0,0,0,0,0,0,0,1,0,0,0,0,0,0,0,0,1,0,1,1,0,0,0,1,0,0,0,0,0,0,0,0,0,0,0,0,0,0,1,0,0,0,0,0,0,0,0,0,1,0,0,1,0,0,0,0,1,0,1,0,0,1,0,1,0,0,0,0,0,0,0,1,9.13140538388804,4.2633832685897595
1039,21.0,1533,4,4,3,4,6,0.0,3,3,3,3,1,1,0,1,0,546,546,3,798,546,0,1344,0,0,1,1,3,1,3,7,1,3,0,0,0,0,3,0,0,0,0,0,0,0,0,0,5,97000,11.48247656671073,1890,39,1,1,0,0,0,0,0,0,1,1,2.0,0,0,0,1,0,1,0,1,0,1,0,0,0,0,0,0,0,0,0,0,0,0,0,0,1,1,1,0,0,0,1,0,0,0,1,0,0,0,0,1,0,0,0,0,0,0,0,0,0,1,0,0,0,0,0,0,0,0,0,1,0,1,0,0,0,1,0,0,1,0,0,0,1,0,0,0,0,0,1,7.335633981927201,3.091042453358316
1040,21.0,1477,4,4,3,4,4,0.0,3,3,4,3,3,6,509,1,0,121,630,3,630,0,0,630,1,0,1,0,1,1,3,7,0,0,1,1,3,3,3,0,0,0,0,0,0,0,0,0,4,80000,11.289794413577894,1260,39,39,0,0,0,0,0,0,0,1,1,1.5,1,0,0,1,0,1,0,1,0,0,0,0,0,0,0,0,0,0,0,0,1,0,0,0,1,1,1,0,0,0,1,0,0,0,0,1,0,0,0,1,0,0,0,0,0,0,0,0,0,1,0,0,0,0,0,0,0,0,0,1,0,1,0,0,0,1,0,0,1,0,0,0,0,0,0,0,0,0,1,7.298445101508147,3.091042453358316
1041,88.0,13125,4,4,3,5,4,67.0,3,3,3,3,1,3,168,4,682,284,1134,5,1803,0,0,1803,1,0,2,0,3,1,3,3,1,3,2,2,3,3,3,0,0,0,0,0,0,0,4,0,1,155000,11.951186847493476,2937,49,6,1,0,0,0,0,0,0,1,1,1.0,0,0,0,1,1,1,0,0,1,0,0,1,0,0,0,0,0,0,0,0,0,0,0,1,0,1,1,0,0,0,0,0,0,0,0,0,0,0,0,0,0,0,0,0,0,0,1,0,0,0,0,0,0,0,0,0,1,0,0,0,0,1,0,0,0,1,0,0,1,0,0,0,0,0,0,0,0,0,1,9.482350275033667,4.48863636973214
1042,70.04995836802665,9130,4,4,3,6,8,252.0,3,3,3,3,1,6,400,3,64,336,800,4,800,832,0,1632,0,1,1,1,4,1,4,7,0,0,1,2,3,3,3,0,40,0,0,0,0,0,0,0,7,173000,12.06105265381003,2472,42,8,1,0,0,0,0,1,0,1,1,2.0,0,0,0,1,0,1,1,1,0,0,0,0,0,0,1,0,0,0,0,0,0,0,0,1,0,1,1,0,0,0,1,0,0,0,0,0,1,0,0,0,1,0,0,0,0,0,0,0,0,0,1,0,0,0,0,0,0,0,1,0,0,1,0,0,0,1,0,0,1,0,0,0,0,0,0,0,0,0,1,9.11943049661634,4.2633832685897595
1043,34.0,5381,3,4,3,6,5,135.0,4,3,4,3,3,5,900,1,0,406,1306,5,1306,0,0,1306,1,0,2,0,1,1,4,7,1,4,2,2,3,3,3,170,63,0,0,0,0,0,0,0,8,196000,12.185875040240456,2845,4,4,0,0,0,0,0,0,0,1,1,1.0,0,0,0,1,0,0,0,0,1,0,0,0,0,0,0,0,0,0,0,0,0,0,0,1,0,1,1,0,0,0,1,0,0,0,1,0,0,0,0,0,0,0,0,0,0,1,0,0,0,0,0,0,0,0,0,1,0,0,0,0,1,0,0,1,0,1,0,0,1,0,0,0,0,0,0,0,0,0,1,8.590815331286851,3.5553480614894135
1044,86.0,11839,4,4,3,7,5,99.0,3,3,4,3,1,6,1085,1,0,390,1475,5,1532,797,0,2329,1,0,2,1,4,1,4,7,1,5,1,2,3,3,3,192,121,0,0,0,0,0,0,0,5,262280,12.47717172708952,4117,18,18,0,0,0,0,0,0,0,1,1,2.0,0,0,0,1,0,0,1,0,1,0,0,0,0,0,1,0,0,0,0,0,0,0,0,1,0,1,1,0,0,0,1,0,0,0,0,0,1,0,0,0,1,0,0,0,0,0,0,0,0,0,1,0,0,0,0,0,0,0,1,0,0,0,0,1,0,1,0,0,1,0,0,0,0,0,0,0,0,0,1,9.379238908437996,4.465908118654584
1045,80.0,9600,4,4,3,8,5,0.0,4,3,4,3,1,5,1104,1,0,1420,2052,3,2524,0,0,2524,1,0,2,1,4,1,4,7,1,4,3,2,3,3,3,474,120,0,0,0,0,0,3,0,7,278000,12.535379989788607,5170,28,28,0,0,0,0,1,0,0,0,1,1.0,0,0,0,1,0,1,1,1,0,0,0,1,0,0,0,0,0,0,0,0,0,0,0,1,0,1,1,0,0,0,1,0,0,0,0,0,1,0,1,0,0,0,0,0,0,0,0,0,1,0,0,0,0,0,0,0,0,0,0,1,0,0,0,1,0,1,0,0,1,0,0,0,0,0,0,0,0,0,1,9.169622538697624,4.394449154672439
1046,70.04995836802665,13680,3,4,3,3,5,0.0,3,3,0,0,0,0,0,0,0,0,0,5,1733,0,0,1733,0,0,2,0,4,1,3,5,1,4,1,2,3,3,3,0,0,0,0,0,0,0,0,0,6,139600,11.846543632608537,1733,54,54,0,0,0,0,0,0,0,1,1,1.0,0,0,0,1,1,1,1,0,0,0,0,1,0,0,0,0,0,0,0,0,0,0,0,1,0,1,1,0,1,0,0,0,0,0,0,0,1,0,1,0,0,0,0,0,0,0,0,0,0,0,0,0,0,0,0,0,1,0,0,1,0,0,0,0,1,1,0,0,0,0,0,0,0,0,0,0,0,0,1,9.523763287920113,4.2633832685897595
1047,85.0,16056,3,4,3,9,5,208.0,4,3,5,3,3,6,240,1,0,1752,1992,5,1992,876,0,2868,0,0,3,1,4,1,5,7,1,4,3,3,3,3,3,214,108,0,0,0,0,0,0,0,7,556581,13.229569788348703,5182,1,0,1,0,0,0,0,0,0,1,1,2.0,0,1,0,0,0,1,1,0,1,0,0,0,0,0,1,0,0,0,0,0,0,0,0,1,0,1,1,0,0,0,1,0,0,0,0,0,1,0,0,1,0,0,0,0,0,0,0,0,0,1,0,0,0,0,0,0,0,0,0,0,1,0,0,1,0,1,0,0,1,0,1,0,0,0,0,0,0,0,1,9.683900170549684,4.454347296253507
1048,57.0,9245,2,4,3,5,5,0.0,3,3,4,3,1,6,686,1,0,304,990,5,990,0,0,990,0,1,1,0,3,1,3,7,0,0,1,2,3,3,3,0,0,0,0,0,0,0,0,0,2,145000,11.884495917930655,1980,14,13,1,0,0,0,0,0,0,1,1,1.0,0,0,0,1,1,0,1,0,0,0,0,1,0,0,0,0,0,0,0,0,0,0,0,1,0,1,1,0,0,0,1,0,0,0,0,0,0,0,0,0,0,0,0,0,0,1,0,0,0,0,0,0,0,0,0,1,0,0,0,1,0,0,0,1,0,1,0,0,1,0,0,1,0,0,0,0,0,0,1,9.13194630454817,4.060443010546419
1049,100.0,21750,4,4,3,5,4,75.0,3,2,0,0,0,0,0,0,0,0,0,3,1771,0,0,1771,0,0,1,0,3,1,3,6,1,3,1,2,3,3,3,0,0,0,0,0,0,0,4,0,11,115000,11.652696102959752,1771,49,3,1,0,0,0,0,0,0,1,1,1.0,0,0,0,1,1,1,0,1,0,0,0,1,0,0,0,0,0,0,0,0,0,0,0,1,0,1,1,0,0,0,1,0,0,0,0,0,1,0,0,0,1,0,0,0,0,0,0,0,0,0,1,0,0,0,0,0,0,0,1,0,0,0,0,0,1,1,0,0,1,0,0,0,0,0,0,0,0,0,1,9.987415012471414,4.61512051684126
1050,60.0,11100,4,4,3,4,7,0.0,3,3,0,0,0,0,0,0,0,0,0,5,930,0,0,930,0,0,1,0,2,1,4,7,0,0,1,1,3,3,3,0,0,0,0,0,0,0,0,0,4,84900,11.349241150793087,930,64,4,1,0,0,1,0,0,0,1,1,1.0,0,0,1,0,1,1,1,0,0,0,0,1,0,0,0,0,0,0,0,0,0,0,0,1,0,1,1,0,0,0,1,0,0,0,0,0,0,0,0,0,0,1,0,0,0,0,0,0,0,0,0,1,0,0,0,0,0,0,0,1,0,1,0,0,0,1,0,0,1,0,0,1,0,0,0,0,0,1,0,9.314790473332646,4.110873864173311
1051,73.0,8993,3,4,3,7,5,0.0,4,3,4,3,3,1,0,1,0,1302,1302,5,1302,0,0,1302,0,0,2,0,3,1,4,7,0,0,3,2,3,3,3,0,22,0,0,0,0,0,0,0,8,176485,12.080996832096169,2626,0,0,0,0,0,0,0,0,0,1,1,1.0,0,1,0,0,0,0,0,1,0,0,0,1,0,0,0,0,0,0,0,0,0,0,0,1,0,1,1,0,0,0,1,0,0,0,0,0,0,0,0,0,0,0,0,0,0,1,0,0,0,0,0,0,0,0,0,1,0,0,0,1,0,0,0,1,0,1,0,0,1,0,0,0,0,0,0,0,0,0,1,9.104312967330653,4.30406509320417
1052,103.0,11175,3,4,3,7,5,0.0,4,3,4,3,3,1,0,1,0,1316,1316,5,1316,0,0,1316,0,0,2,0,3,1,4,7,1,4,3,2,3,3,3,0,20,0,0,0,0,0,0,0,10,200141,12.206782393599411,2652,0,0,0,0,0,0,0,0,0,1,1,1.0,0,1,0,0,1,0,1,0,0,0,0,1,0,0,0,0,0,0,0,0,0,0,0,1,0,1,1,0,0,0,0,0,0,0,0,0,0,0,0,0,0,0,0,0,0,1,0,0,0,0,0,0,0,0,0,1,0,0,0,1,0,0,0,1,0,1,0,0,1,0,0,0,0,0,0,0,0,0,1,9.321523900936798,4.6443908991413725
1053,100.0,9500,4,4,3,6,6,272.0,3,3,3,3,1,3,442,1,0,374,816,3,1127,850,0,1977,0,1,1,1,4,1,3,7,1,3,2,2,3,3,3,0,52,0,0,0,0,0,4,0,6,165000,12.013706813470414,2845,43,29,1,0,0,0,0,1,0,1,1,2.0,0,0,0,1,0,0,1,1,0,0,0,0,0,0,1,0,0,0,0,0,0,0,0,1,0,1,1,0,0,0,0,0,0,0,0,0,0,0,0,0,0,0,0,0,0,1,0,0,0,0,0,0,0,0,0,1,0,0,0,0,0,1,0,0,0,1,0,0,1,0,0,0,0,0,0,0,0,0,1,9.15915233520675,4.61512051684126
1054,68.0,8562,4,4,2,5,6,145.0,3,3,3,3,3,3,383,1,0,833,1216,5,1526,0,0,1526,0,0,1,0,4,1,3,5,1,4,1,1,3,3,3,116,78,0,0,0,0,0,0,0,5,144500,11.881041706925902,2936,53,8,1,0,0,0,0,0,0,1,1,1.0,0,0,0,1,1,1,1,0,0,0,0,1,0,0,0,0,0,0,0,0,0,0,0,1,0,1,1,0,0,0,1,0,0,0,0,0,1,0,0,0,1,0,0,0,0,0,0,0,0,0,1,0,0,0,0,0,0,0,0,0,1,1,0,0,0,1,0,0,0,1,0,0,0,0,0,0,0,0,1,9.055205875026193,4.23410650459726
1055,90.0,11367,4,4,3,8,5,210.0,4,3,4,3,2,6,932,1,0,133,1065,5,1091,898,0,1989,1,0,2,1,3,1,4,7,1,4,3,2,3,3,3,199,60,0,0,0,0,0,0,0,11,255000,12.449022745701502,3313,4,4,0,0,0,0,0,0,0,1,1,2.0,0,0,0,1,1,0,1,0,0,0,0,0,0,0,1,0,0,0,0,0,0,0,0,1,0,1,1,0,0,0,0,0,0,0,0,0,0,0,0,0,0,0,0,0,0,1,0,0,0,0,0,0,0,0,0,1,0,0,1,0,0,0,0,1,0,1,0,0,1,0,0,0,0,0,0,0,0,0,1,9.338557669776936,4.51085950651685
1056,104.0,11361,4,4,3,6,5,160.0,3,3,4,3,1,5,644,1,0,549,1193,3,1523,0,0,1523,0,1,2,0,3,1,3,7,1,3,3,2,3,3,3,0,0,0,0,189,0,0,3,0,5,180000,12.100717685412471,2905,32,32,0,0,0,0,0,0,0,1,1,1.0,0,0,1,0,0,1,1,1,0,0,0,1,0,0,0,0,0,0,0,0,0,0,0,1,0,1,1,0,0,0,1,0,0,0,0,0,0,0,0,0,0,0,0,1,0,0,0,0,0,0,0,0,0,1,0,0,0,0,1,0,0,1,0,0,0,1,0,0,1,0,0,0,0,0,0,0,0,0,1,9.338029733117072,4.653960350157523
1057,43.0,7052,3,4,3,7,5,240.0,4,3,4,3,3,6,659,1,0,705,1364,5,1364,0,0,1364,1,0,2,0,2,1,4,7,1,4,2,2,3,3,3,192,36,0,0,0,0,0,0,0,6,185850,12.13270055639427,2956,1,1,0,0,0,0,0,0,0,1,1,1.0,0,0,0,1,0,0,0,0,1,0,0,0,0,0,0,0,0,0,0,0,0,0,0,1,0,1,1,0,0,0,1,0,0,0,0,1,0,0,0,0,0,0,0,0,0,1,0,0,0,0,0,0,0,0,0,1,0,0,0,0,1,0,0,1,0,1,0,0,1,0,0,0,0,0,0,0,0,0,1,8.86120833720818,3.784189633918261
1058,70.04995836802665,29959,2,4,3,7,6,0.0,4,3,4,3,1,6,595,1,0,378,973,5,979,871,0,1850,0,0,2,1,3,1,4,7,1,4,3,2,3,3,3,168,98,0,0,0,0,0,0,0,1,248000,12.421188057397057,3089,15,15,0,0,0,0,0,0,0,1,1,2.0,0,0,0,1,1,1,1,1,0,0,0,0,0,0,1,0,0,0,0,0,0,0,0,1,0,1,1,0,0,1,0,0,0,0,0,0,0,0,0,0,1,0,0,0,0,0,0,0,0,0,1,0,0,0,0,0,0,0,0,1,0,0,0,1,0,1,0,0,1,0,1,0,0,0,0,0,0,0,1,10.307618437631156,4.2633832685897595
1059,96.0,11308,3,4,3,9,5,154.0,5,3,5,3,3,6,936,1,0,168,1104,5,1130,1054,0,2184,1,0,2,1,3,1,5,7,1,4,3,3,3,3,3,0,102,0,0,0,0,0,0,0,7,335000,12.721888795877376,3390,1,1,0,0,0,0,0,0,0,1,1,2.0,0,0,0,1,0,0,0,0,1,0,0,0,0,0,1,0,0,0,0,0,0,0,0,1,0,1,1,0,0,0,1,0,0,0,0,0,0,0,0,0,0,0,0,0,0,1,0,0,0,0,0,0,0,0,0,1,0,0,0,0,1,0,0,1,0,1,0,0,1,0,0,0,0,0,0,0,0,0,1,9.333354147871328,4.574710978503383
1060,70.04995836802665,11275,3,4,2,6,7,480.0,3,3,3,3,2,3,297,2,557,0,854,3,1096,895,0,1991,0,0,1,1,3,1,3,7,1,4,1,2,3,2,3,0,0,19,0,0,0,0,0,0,3,220000,12.301387370778713,2864,75,57,1,0,0,1,0,0,0,1,1,1.5,0,0,0,1,0,1,1,0,0,0,0,0,0,1,0,0,0,0,0,0,0,0,0,1,0,1,1,0,0,0,0,0,0,0,0,0,0,0,0,0,0,1,0,0,0,0,0,0,0,0,0,1,0,0,0,0,0,0,1,0,0,1,0,0,0,1,0,0,1,0,0,1,0,0,0,0,1,0,0,9.330431852234003,4.2633832685897595
1061,41.0,4920,4,4,3,8,5,0.0,4,3,4,3,2,6,616,1,0,722,1338,5,1338,0,0,1338,1,0,2,0,2,1,4,7,0,0,3,2,3,3,3,0,0,170,0,0,0,0,0,0,4,213500,12.271396795480596,2846,9,9,0,0,0,0,0,0,0,1,1,1.0,0,0,0,1,0,1,1,0,1,0,0,0,0,0,0,0,0,0,0,0,0,0,0,1,0,1,1,0,0,0,1,0,0,0,0,1,0,0,0,1,0,0,0,0,0,0,0,0,0,1,0,0,0,0,0,0,0,0,0,1,0,0,0,1,0,1,0,0,1,0,0,0,0,0,0,0,0,0,1,8.501267040865978,3.7376696182833684
1062,120.0,18000,4,4,3,3,4,0.0,2,3,3,3,1,1,0,1,0,894,894,3,894,0,0,894,0,0,1,0,2,1,3,7,0,0,2,3,3,3,3,0,20,0,0,0,0,0,0,560,8,81000,11.302216779257382,1808,73,58,1,0,1,1,0,0,0,1,1,1.0,0,0,0,1,1,0,0,1,0,0,0,0,1,0,0,0,0,0,0,0,0,1,0,0,0,0,1,0,0,0,1,0,0,0,0,0,0,0,0,0,0,1,0,0,0,0,0,0,0,0,0,1,0,0,0,0,0,0,0,1,0,1,0,0,0,1,0,0,1,0,0,1,0,0,0,1,0,1,0,9.798182590890704,4.795790545596741
1063,85.0,13600,4,4,3,5,5,0.0,3,3,3,3,1,1,0,1,0,662,662,3,1422,915,0,2337,0,0,2,0,5,2,3,5,0,0,1,2,3,3,3,0,57,0,0,0,0,0,0,0,9,90000,11.407576060361786,3056,107,57,1,0,0,0,0,0,0,1,1,2.0,0,0,0,1,1,0,0,0,1,0,1,0,0,0,0,0,0,0,0,0,0,0,0,0,1,1,0,0,0,0,1,0,1,0,0,0,0,0,0,0,0,0,0,0,0,0,1,0,0,0,0,0,0,0,0,0,1,0,0,1,0,0,0,0,0,0,0,0,1,0,0,1,0,0,0,0,0,0,1,9.517898598432753,4.454347296253507
1064,50.0,6000,4,4,3,6,6,0.0,3,4,3,3,1,4,397,1,0,706,1103,4,1103,0,0,1103,0,0,1,0,2,1,4,7,1,4,1,2,3,3,3,166,120,0,0,0,0,0,3,0,7,110500,11.612779849672751,2492,81,26,1,0,0,0,0,1,0,1,1,1.0,0,0,0,1,1,0,0,0,1,0,0,0,1,0,0,0,0,0,0,0,0,0,0,0,1,1,1,0,0,0,1,0,0,0,0,0,0,0,0,0,0,1,0,0,0,0,0,0,0,0,0,1,0,0,0,0,0,0,0,1,0,0,0,0,0,1,0,0,1,0,0,1,0,0,0,0,0,0,1,8.699681400989514,3.9318256327243257
1065,70.04995836802665,11000,3,4,3,5,6,200.0,3,3,3,3,2,4,740,3,230,184,1154,5,1154,0,0,1154,0,0,1,1,3,1,3,7,1,1,2,2,3,3,3,0,58,0,0,0,0,0,3,0,11,154000,11.944714374881176,2366,43,43,0,0,0,0,0,0,0,1,1,1.0,0,0,0,1,0,0,1,1,0,0,0,1,0,0,0,0,0,0,0,0,0,0,0,1,0,1,1,0,1,0,0,0,0,0,0,0,0,0,0,0,0,0,0,1,0,0,0,0,0,0,0,0,0,1,0,0,0,0,1,0,0,1,0,0,0,1,0,0,1,0,0,0,0,0,0,0,0,0,1,9.305741456739435,4.2633832685897595
1066,80.0,14000,4,4,2,7,5,0.0,4,3,5,3,4,6,1201,1,0,105,1306,5,1306,954,0,2260,1,0,2,1,3,1,4,7,0,0,2,2,3,3,3,296,44,0,0,0,0,0,0,0,4,328000,12.700771936142122,3906,14,13,1,0,0,0,0,0,0,1,1,2.0,0,0,0,1,0,0,1,0,0,0,0,0,0,0,1,0,0,0,0,0,0,0,0,1,0,1,1,0,0,0,1,0,0,0,0,0,0,0,0,0,0,0,0,0,0,0,1,0,0,0,0,0,0,0,0,0,1,0,0,1,0,0,0,1,0,1,0,0,1,0,0,0,0,0,0,0,0,0,1,9.546884034617925,4.394449154672439
1067,59.0,7837,3,4,3,6,7,0.0,4,3,4,3,1,1,0,1,0,799,799,4,799,772,0,1571,0,0,2,1,3,1,3,7,1,3,2,2,3,3,3,0,40,0,0,0,0,0,0,0,5,178000,12.08954444723597,2410,16,15,1,0,0,0,0,0,0,1,1,2.0,0,0,0,1,0,0,0,1,0,0,0,0,0,0,1,0,0,0,0,0,0,0,0,1,0,1,1,0,0,0,1,0,0,0,0,0,0,0,0,0,0,0,0,0,0,1,0,0,0,0,0,0,0,0,0,1,0,0,0,1,0,0,0,1,0,1,0,0,1,0,0,0,0,0,0,0,0,0,1,8.966738978759576,4.0943445622221
1068,80.0,9760,4,4,2,6,6,360.0,3,3,3,3,4,6,674,2,106,0,780,3,798,813,0,1611,1,0,1,1,4,1,3,7,0,0,2,2,3,3,3,328,128,0,0,189,0,0,0,0,6,167900,12.031129798974042,3036,44,44,0,0,0,0,0,0,0,1,1,2.0,0,0,0,1,0,0,1,1,0,0,0,0,0,0,1,0,0,0,0,0,0,0,0,1,0,1,1,0,0,0,1,0,0,0,0,0,0,0,0,0,1,0,0,0,0,0,0,0,0,0,1,0,0,0,0,0,0,0,1,0,0,1,0,0,0,1,0,0,1,0,0,0,0,0,0,0,0,0,1,9.186150133174966,4.394449154672439
1069,42.0,3964,4,4,3,6,4,0.0,3,3,4,3,1,5,837,1,0,105,942,4,1291,1230,0,2521,1,0,2,1,5,1,3,3,1,4,3,2,3,3,3,728,20,0,0,0,0,0,4,0,6,151400,11.927687224983488,4211,33,33,0,0,0,0,0,0,0,1,1,2.0,0,0,0,1,0,1,0,1,0,1,0,0,0,0,0,0,0,0,0,0,0,0,0,0,1,1,1,0,0,0,1,0,0,0,0,1,0,0,0,1,0,0,0,0,0,0,0,0,0,1,0,0,0,0,0,0,0,0,0,1,0,1,0,0,0,1,0,0,1,0,0,0,0,0,0,0,0,0,1,8.285261134068948,3.7612001156935624
1070,60.0,9600,4,4,3,5,7,0.0,3,3,3,3,1,5,220,1,0,625,845,3,893,0,0,893,0,1,1,0,2,1,4,7,0,0,1,2,3,3,3,0,0,0,0,0,0,0,0,0,5,135000,11.81303746480054,1738,58,4,1,0,0,0,0,0,0,1,1,1.25,0,0,0,1,0,0,1,1,0,0,0,0,0,0,0,0,0,0,0,0,1,0,0,1,0,1,1,0,0,0,1,0,0,0,0,0,0,0,0,0,0,1,0,0,0,0,0,0,0,0,0,1,0,0,0,0,0,0,0,1,0,1,0,0,0,1,0,0,1,0,0,1,0,0,0,0,0,0,1,9.169622538697624,4.110873864173311
1071,72.0,10152,4,4,3,5,5,120.0,3,3,3,3,1,4,586,1,0,462,1048,3,1048,0,0,1048,1,0,1,0,3,1,3,7,0,0,1,1,3,3,3,0,20,0,0,192,0,0,0,0,6,135000,11.81303746480054,2308,51,51,0,0,0,0,0,0,0,1,1,1.0,0,0,0,1,0,0,1,1,0,0,0,1,0,0,0,0,0,0,0,0,0,0,0,1,0,1,1,0,0,0,1,0,0,0,0,0,1,0,0,0,0,1,0,0,0,0,0,0,0,0,0,1,0,0,0,0,0,0,1,0,0,1,0,0,0,1,0,0,1,0,0,0,0,0,0,0,0,0,1,9.225524507301223,4.290459441148391
1072,78.0,11700,4,4,3,6,6,0.0,3,3,3,3,1,3,298,1,0,429,727,5,829,727,0,1556,0,0,1,1,4,1,3,7,0,0,1,2,3,3,3,0,0,0,0,0,0,0,0,0,5,154000,11.944714374881176,2283,41,41,0,0,0,0,0,0,1,1,1,2.0,0,0,0,1,0,1,1,1,0,0,0,0,0,0,1,0,0,0,0,0,0,0,0,1,0,1,1,0,0,0,1,0,0,0,0,0,0,0,0,0,0,1,0,0,0,0,0,0,0,0,0,1,0,0,0,0,0,0,0,1,0,1,0,0,0,1,0,0,1,0,0,0,0,0,0,0,0,0,1,9.367429587218957,4.3694478524670215
1073,50.0,7585,4,4,3,5,3,0.0,3,3,2,2,2,1,0,1,0,810,810,2,1002,454,0,1456,1,1,1,0,4,1,3,7,1,3,1,1,3,3,2,0,0,0,0,0,0,0,0,0,8,91500,11.42410518016564,2266,58,56,1,0,0,0,0,1,0,1,1,1.5,0,0,0,1,1,1,1,0,0,0,0,0,0,1,0,0,0,0,0,0,0,0,0,1,0,1,1,0,0,0,1,0,0,0,0,0,0,0,0,0,0,1,0,0,0,0,0,0,0,0,0,1,0,0,0,0,0,0,0,1,0,1,0,0,0,1,0,0,0,0,0,1,0,0,0,0,0,0,1,8.934059722248843,3.9318256327243257
1074,75.0,7950,3,4,3,6,6,140.0,3,3,3,3,1,4,535,1,0,155,690,3,698,728,0,1426,0,0,1,1,3,1,3,7,0,0,3,2,3,3,3,252,0,0,0,0,0,0,3,0,7,159500,11.979805470779858,2368,32,32,0,0,0,1,0,0,0,1,1,2.0,0,0,0,1,1,1,1,0,0,0,0,0,0,0,1,0,0,0,0,0,0,0,0,1,0,1,1,0,0,0,0,0,0,0,0,0,1,0,0,0,1,0,0,0,0,0,0,0,0,0,0,0,0,1,0,0,0,0,1,0,0,1,0,0,0,1,0,0,1,0,0,0,0,0,0,0,0,0,0,8.981052985901483,4.330733340286331
1075,74.0,8556,4,4,3,7,5,0.0,4,3,4,3,3,1,0,1,0,1240,1240,5,1240,0,0,1240,0,0,2,0,2,1,4,7,0,0,2,3,3,3,3,140,93,0,0,0,0,0,0,0,5,194000,12.175618592671356,2713,1,1,0,0,0,0,0,0,0,1,1,1.0,0,0,0,1,1,0,1,0,0,0,0,1,0,0,0,0,0,0,0,0,0,0,0,1,0,1,1,0,0,0,1,0,0,0,0,0,0,0,0,0,0,0,0,0,0,1,0,0,0,0,0,0,0,0,0,1,0,0,0,1,0,0,0,1,0,1,0,0,1,0,0,0,0,0,0,0,0,0,1,9.054504940418054,4.31748811353631
1076,75.0,13125,4,4,3,7,6,0.0,3,3,3,3,1,4,410,1,0,390,800,3,960,780,0,1740,0,0,1,1,3,1,3,7,2,4,1,1,3,3,3,0,0,0,0,0,0,0,0,0,7,219500,12.299112067295642,2540,67,23,1,0,0,0,0,0,0,1,1,2.0,0,0,0,1,0,1,1,0,0,0,0,0,0,0,0,1,0,0,0,0,0,0,0,1,0,1,1,0,0,0,1,0,0,0,0,0,0,0,0,0,0,0,0,0,0,0,1,0,0,0,0,0,0,0,0,0,1,0,0,1,0,1,0,0,0,1,0,0,1,0,0,0,0,0,0,0,0,0,1,9.482350275033667,4.330733340286331
1077,60.0,10800,4,4,3,5,8,0.0,3,3,2,3,1,5,626,1,0,170,796,4,1096,370,0,1466,0,1,2,0,3,1,4,6,1,3,1,2,3,3,3,436,21,0,0,0,0,0,0,500,4,170000,12.04355959836804,2719,70,17,1,0,1,0,0,0,0,1,1,1.5,0,0,0,1,1,0,0,0,1,0,0,0,0,1,0,0,0,0,0,0,0,0,0,1,0,1,0,0,0,0,1,0,0,0,0,0,0,0,0,0,0,0,0,0,0,0,1,0,0,0,0,0,0,0,0,0,1,0,0,1,0,1,0,0,0,1,0,0,1,0,0,0,0,0,0,1,0,0,1,9.287394001418473,4.110873864173311
1078,70.04995836802665,15870,3,4,3,5,5,0.0,3,3,3,3,2,4,75,3,791,230,1096,5,1096,0,0,1096,1,0,1,0,3,1,3,7,0,0,3,1,3,3,3,240,32,0,0,0,0,0,0,0,3,138800,11.84079653163984,2464,37,37,0,0,0,0,0,0,0,1,1,1.0,0,0,1,0,0,0,1,1,0,0,0,1,0,0,0,0,0,0,0,0,0,0,0,1,0,1,1,0,0,0,0,0,0,0,0,0,0,0,0,0,0,0,0,0,0,1,0,0,0,0,0,0,0,1,0,0,0,0,0,1,0,1,0,0,0,1,0,0,1,0,0,0,0,0,0,0,0,0,1,9.672248823507559,4.2633832685897595
1079,37.0,4435,4,4,3,6,5,169.0,4,3,4,3,2,6,662,1,0,186,848,5,848,0,0,848,1,0,1,0,1,1,4,7,1,4,2,2,3,3,3,140,0,0,0,0,0,0,0,0,5,155900,11.95697646939348,1836,2,2,0,0,0,0,0,0,0,1,1,1.0,0,0,0,1,1,0,1,0,0,0,0,0,0,0,0,0,0,0,0,0,0,0,0,0,1,1,1,0,0,0,1,0,0,0,0,1,0,0,0,0,0,0,0,0,0,1,0,0,0,0,0,0,0,0,0,1,0,0,1,0,0,0,0,1,0,1,0,0,1,0,0,0,0,0,0,0,0,0,1,8.397508348470257,3.6375861597263857
1080,65.0,8775,4,4,3,5,5,0.0,3,3,4,3,1,6,495,1,0,495,990,4,990,0,0,990,0,0,1,0,3,1,3,7,0,0,1,1,3,3,3,0,64,0,0,0,0,0,0,0,4,126000,11.744045122410055,2044,13,13,0,0,0,0,0,0,0,1,1,1.0,0,0,0,1,1,0,1,0,0,0,0,1,0,0,0,0,0,0,0,0,0,0,0,1,0,1,1,0,0,0,1,0,0,0,0,0,0,0,0,0,0,0,0,0,0,1,0,0,0,0,0,0,0,0,0,1,0,0,0,1,0,0,0,1,0,1,0,0,1,0,0,0,0,0,0,0,0,0,1,9.079776001955066,4.189654742026425
1081,80.0,11040,4,4,3,6,7,144.0,4,4,3,3,1,5,656,1,0,602,1258,5,1258,0,0,1258,0,1,2,0,3,1,4,7,0,0,2,2,3,3,3,55,0,0,216,0,0,0,0,0,10,145000,11.884495917930655,2787,37,4,1,0,0,0,0,0,0,1,1,1.0,0,0,1,0,0,1,1,1,0,0,0,1,0,0,0,0,0,0,0,0,0,0,0,1,0,1,1,0,0,0,1,0,0,0,0,0,0,0,0,0,0,0,0,0,0,1,0,0,0,0,0,0,0,0,0,1,0,0,1,0,0,1,0,0,0,1,0,0,1,0,0,0,0,0,0,0,0,0,1,9.309370895439137,4.394449154672439
1082,75.0,7500,4,4,3,5,5,0.0,3,3,3,3,1,5,824,1,0,216,1040,2,1040,0,0,1040,1,0,1,1,3,1,3,7,0,0,3,1,3,3,3,0,0,220,0,0,0,0,3,0,6,133000,11.798111925972618,2300,47,47,0,0,0,0,0,1,0,1,1,1.0,0,0,0,1,1,1,0,0,1,0,0,1,0,0,0,0,0,0,0,0,0,0,0,1,0,1,1,0,0,0,0,0,0,0,0,0,0,0,0,0,1,0,0,0,0,0,0,0,0,0,1,0,0,0,0,0,0,0,0,1,0,1,0,0,0,1,0,0,1,0,0,0,0,0,0,0,0,0,1,8.922791623969637,4.330733340286331
1083,70.0,8749,4,4,3,7,5,100.0,4,3,4,3,1,1,0,1,0,1459,1459,5,1459,0,0,1459,0,0,2,0,3,1,4,7,1,4,2,2,3,3,3,192,39,0,0,0,0,0,0,0,9,192000,12.165255859329688,3149,5,5,0,0,0,0,0,0,0,1,1,1.0,0,0,0,1,1,0,1,0,0,0,0,1,0,0,0,0,0,0,0,0,0,0,0,1,0,1,1,0,0,0,1,0,0,0,0,0,0,0,0,0,0,0,0,0,0,1,0,0,0,0,0,0,0,0,0,1,0,0,1,0,0,0,0,1,0,1,0,0,1,0,0,0,0,0,0,0,0,0,1,9.07680897935166,4.2626798770413155
1084,80.0,8800,4,4,3,6,6,425.0,3,3,3,3,1,4,553,1,0,698,1251,3,1251,0,0,1251,1,0,1,0,3,1,3,7,2,4,2,1,3,3,3,0,116,0,0,0,0,0,3,700,3,160000,11.982935344196433,2618,42,42,0,0,1,0,0,0,0,1,1,1.0,0,0,0,1,0,0,1,1,0,0,0,1,0,0,0,0,0,0,0,0,0,0,0,1,0,1,1,0,0,0,1,0,0,0,0,0,1,0,0,0,1,0,0,0,0,0,0,0,0,0,1,0,0,0,0,0,0,0,1,0,0,1,0,0,0,1,0,0,1,0,0,0,0,0,0,1,0,0,1,9.082620630373812,4.394449154672439
1085,70.04995836802665,13031,2,4,3,6,5,0.0,3,3,4,3,1,5,592,1,0,99,691,4,691,807,0,1498,0,0,2,1,3,1,3,7,1,3,3,2,3,3,3,315,44,0,0,0,0,0,0,0,7,187500,12.141539457711714,2548,11,10,1,0,0,0,0,0,0,1,1,2.0,0,0,0,1,0,0,0,1,0,0,0,0,0,0,1,0,0,0,0,0,0,0,0,1,0,1,1,0,0,0,0,0,0,0,0,0,0,0,0,0,1,0,0,0,0,0,0,0,0,0,1,0,0,0,0,0,0,0,0,1,0,0,0,1,0,1,0,0,1,0,0,0,0,0,0,0,0,0,1,9.475163150281881,4.2633832685897595
1086,73.0,9069,4,4,3,6,6,0.0,3,3,4,3,3,6,747,1,0,189,936,5,996,0,0,996,1,0,1,0,2,1,4,7,0,0,1,2,3,3,3,120,0,0,0,0,0,0,0,0,4,147000,11.898194668458824,2052,18,18,0,0,0,0,0,0,0,1,1,1.5,1,0,0,1,0,0,1,0,1,0,0,0,0,0,0,0,0,0,1,0,0,0,0,1,0,1,1,0,0,0,1,0,0,0,0,0,0,0,0,0,1,0,0,0,0,0,0,0,0,0,1,0,0,0,0,0,0,0,0,1,0,0,0,1,0,1,0,0,1,0,0,0,0,0,0,0,0,0,1,9.112727543109182,4.30406509320417
1087,70.04995836802665,1974,4,4,3,4,5,0.0,3,3,3,3,1,4,334,1,0,212,546,3,546,546,0,1092,0,0,1,1,3,1,3,7,0,0,2,1,3,3,3,120,96,0,0,0,0,0,0,0,5,83500,11.33261388681514,1854,37,37,0,0,0,0,0,0,0,1,1,2.0,0,0,0,1,0,1,0,1,0,1,0,0,0,0,0,0,0,0,0,0,0,0,0,0,1,1,1,0,0,0,1,0,0,0,0,1,0,0,0,1,0,0,0,0,0,0,0,0,0,1,0,0,0,0,0,0,0,0,0,1,0,1,0,0,0,1,0,0,1,0,0,0,0,0,0,0,0,0,1,7.5883236773352225,4.2633832685897595
1088,85.0,10574,4,4,3,8,5,0.0,4,3,4,3,2,1,0,1,0,1082,1082,5,1082,871,0,1953,0,0,2,1,3,1,4,7,1,4,2,3,3,3,3,160,50,0,0,0,0,0,0,0,5,252000,12.437188334739655,3245,4,3,1,0,0,0,0,0,0,1,1,2.0,0,0,0,1,1,0,1,0,1,0,0,0,0,0,1,0,0,0,0,0,0,0,0,0,0,1,1,0,0,0,1,0,0,0,0,0,0,0,0,0,0,0,0,0,0,1,0,0,0,0,0,0,0,0,0,1,0,0,0,1,0,0,0,1,0,1,0,0,1,0,0,0,0,0,0,0,0,0,1,9.266248003914479,4.454347296253507
1089,24.0,2522,4,4,3,7,5,50.0,4,3,4,3,1,1,0,1,0,970,970,5,970,739,0,1709,0,0,2,0,3,1,4,3,0,0,1,2,3,3,3,0,40,0,0,0,0,0,0,0,4,137500,11.83138646878959,2719,2,2,0,0,0,0,0,0,0,1,1,2.0,0,0,0,1,1,1,1,0,0,1,0,0,0,0,0,0,0,0,0,0,0,0,0,0,1,1,1,0,0,0,1,0,0,0,1,0,0,0,0,0,0,0,0,0,0,1,0,0,0,0,0,0,0,0,0,1,0,0,0,0,1,0,0,1,0,1,0,0,1,0,0,1,0,0,0,0,0,0,1,7.833203948641057,3.2188758248682006
1090,37.0,3316,3,4,3,8,5,0.0,4,3,4,3,1,6,1039,1,0,208,1247,5,1247,0,0,1247,1,0,1,1,1,1,4,7,1,4,3,2,3,3,3,0,84,0,0,0,0,0,0,0,4,197000,12.190964083849376,2578,1,1,0,0,0,0,0,0,0,1,1,1.0,0,0,0,1,1,0,1,0,1,0,0,0,0,0,0,0,0,0,0,0,0,0,0,0,0,1,0,1,0,0,1,0,0,0,0,1,0,0,0,0,0,1,0,0,0,0,0,0,0,0,0,1,0,0,0,0,0,0,0,1,0,0,0,1,0,1,0,0,1,0,0,0,0,0,0,0,0,0,1,8.106816038947052,3.6375861597263857
1091,60.0,8544,4,4,3,3,4,0.0,3,3,0,0,0,0,0,0,0,0,0,2,1040,0,0,1040,0,0,2,0,2,2,3,7,0,0,1,2,3,3,3,0,0,0,0,0,0,0,0,0,6,92900,11.439289689006644,1040,59,59,0,0,0,0,0,0,0,1,0,1.0,0,0,0,1,0,0,1,1,0,0,0,0,0,0,0,0,0,0,0,1,0,0,0,1,0,1,1,0,0,0,0,0,0,1,0,0,0,0,1,0,0,0,0,0,0,0,0,0,1,0,0,0,0,0,0,0,0,0,0,1,0,0,0,0,1,0,0,0,0,0,0,1,0,0,0,0,0,0,1,9.053101595549691,4.110873864173311
1092,24.0,2160,4,4,3,7,5,212.0,4,3,4,3,1,4,510,1,0,90,600,5,624,628,0,1252,1,0,2,1,2,1,4,7,0,0,1,2,3,3,3,0,48,0,0,0,0,0,0,0,3,160000,11.982935344196433,1900,9,8,1,0,0,0,0,0,0,1,1,2.0,0,0,0,1,1,0,1,0,1,1,0,0,0,0,0,0,0,0,0,0,0,0,0,0,0,1,0,1,0,0,1,0,0,0,1,0,0,0,0,0,0,1,0,0,0,0,0,0,0,0,0,1,0,0,0,0,0,0,1,0,0,0,0,1,0,1,0,0,1,0,0,1,0,0,0,0,0,0,1,7.6783263565068856,3.2188758248682006
1093,60.0,8400,4,4,3,6,5,0.0,3,3,3,3,1,3,423,1,0,758,1181,2,1390,304,0,1694,0,0,2,0,4,1,3,7,1,4,1,2,3,3,3,342,0,128,0,0,0,0,0,0,6,136500,11.824087219587645,3345,83,58,1,0,0,1,0,0,0,1,1,1.5,0,0,0,1,0,1,0,0,1,0,0,0,0,1,0,0,0,0,0,0,0,0,0,1,0,1,1,0,0,0,1,0,0,0,0,0,0,0,0,0,0,1,0,0,0,0,0,0,0,0,0,1,0,0,0,0,0,0,0,1,0,0,0,1,0,1,0,0,1,0,0,1,0,0,0,0,0,0,0,9.036106025364846,4.110873864173311
1094,71.0,9230,4,4,3,5,8,166.0,3,3,3,3,2,6,661,1,0,203,864,4,1200,0,0,1200,1,0,1,1,1,1,4,7,0,0,1,2,3,3,3,0,64,0,0,0,0,0,3,0,10,146000,11.891368749982083,2128,41,8,1,0,0,0,0,1,0,1,1,1.0,0,0,0,1,0,0,1,1,0,0,0,1,0,0,0,0,0,0,0,0,0,0,0,1,0,1,1,0,0,0,0,0,0,0,0,0,1,0,0,0,0,1,0,0,0,0,0,0,0,0,0,1,0,0,0,0,0,0,1,0,0,1,0,0,0,1,0,0,1,0,0,1,0,0,0,0,0,0,1,9.130322663990151,4.276666119016055
1095,74.0,5868,4,4,3,5,7,0.0,3,3,3,3,1,4,248,3,240,448,936,5,936,0,0,936,1,0,1,0,2,1,3,7,0,0,3,1,3,3,3,0,0,80,0,160,0,0,0,0,5,129000,11.767575435251748,2112,54,10,1,0,0,0,0,0,0,1,1,1.0,0,0,0,1,0,0,1,1,0,0,0,1,0,0,0,0,0,0,0,0,0,0,0,1,0,1,1,0,0,0,1,0,0,0,0,0,0,0,0,0,0,1,0,0,0,0,0,0,0,0,0,1,0,0,0,0,0,0,0,1,0,1,0,0,0,1,0,0,1,0,0,0,0,0,0,0,0,0,1,8.677439540558334,4.31748811353631
1096,78.0,9317,3,4,3,6,5,0.0,4,3,4,3,1,6,24,1,0,1290,1314,4,1314,0,0,1314,0,0,2,0,3,1,4,7,1,4,2,2,3,3,3,0,22,0,0,0,0,0,0,0,3,176432,12.080696479888449,2650,1,1,0,0,0,0,0,0,0,1,1,1.0,0,0,0,1,1,0,1,0,0,0,0,1,0,0,0,0,0,0,0,0,0,0,0,1,0,1,1,0,0,0,1,0,0,0,0,0,0,0,0,0,0,0,0,0,0,1,0,0,0,0,0,0,0,0,0,1,0,0,0,1,0,0,0,1,0,1,0,0,1,0,0,0,0,0,0,0,0,0,1,9.139703292376742,4.3694478524670215
1097,60.0,6882,4,4,3,6,7,0.0,3,3,3,3,1,1,0,1,0,684,684,3,773,582,0,1355,0,0,1,1,3,1,4,7,0,0,0,0,0,0,3,136,0,115,0,0,0,0,0,0,3,127000,11.751950239425476,2290,93,1,1,0,0,0,0,0,0,1,1,2.0,0,0,0,1,1,0,0,1,0,0,0,0,0,0,0,1,0,0,0,0,0,0,0,0,1,1,1,0,0,0,1,0,0,0,0,0,0,0,0,0,0,0,0,0,0,0,1,0,0,0,0,0,0,0,0,0,1,0,0,1,0,0,0,1,0,1,0,0,1,0,0,0,1,0,0,0,0,0,1,8.836809882398365,4.110873864173311
1098,70.04995836802665,3696,4,4,3,8,5,0.0,4,3,4,3,1,1,0,1,0,1074,1074,5,1088,0,0,1088,0,0,1,1,2,1,4,7,0,0,2,2,3,3,3,0,74,137,0,0,0,0,0,0,10,170000,12.04355959836804,2373,21,21,0,0,0,0,0,0,0,1,1,1.0,0,0,0,1,0,1,1,0,1,0,0,0,0,0,0,0,0,0,0,0,0,0,0,1,0,1,1,0,0,0,1,0,0,0,0,1,0,0,0,0,1,0,0,0,0,0,0,0,0,0,1,0,0,0,0,0,0,0,0,1,0,1,0,0,0,1,0,0,1,0,0,0,0,0,0,0,0,0,1,8.215276958936633,4.2633832685897595
1099,50.0,6000,4,4,3,4,6,0.0,3,3,3,3,1,4,672,1,0,0,672,3,757,567,0,1324,0,0,1,0,3,1,3,7,0,0,1,1,3,3,3,0,0,0,0,0,0,0,0,0,7,128000,11.759793355371237,1996,73,59,1,0,0,0,0,0,0,1,1,1.5,0,0,0,1,1,1,0,0,0,0,0,0,0,1,0,0,0,0,0,0,0,0,0,0,1,1,1,0,0,0,1,0,0,0,0,0,0,0,0,0,0,1,0,0,0,0,0,0,0,0,0,1,0,0,0,0,0,0,0,1,0,0,0,0,0,1,0,0,1,0,0,1,0,0,0,0,0,0,1,8.699681400989514,3.9318256327243257
1100,82.0,11880,3,4,3,7,5,206.0,3,3,4,3,1,5,704,1,0,567,1271,3,1601,0,0,1601,0,0,2,0,3,1,3,7,1,3,2,2,3,3,3,0,0,0,0,0,0,0,0,0,4,157000,11.964007453736912,2872,31,31,0,0,0,0,0,0,1,1,1,1.0,0,0,1,0,0,1,1,1,0,0,0,1,0,0,0,0,0,0,0,0,0,0,0,1,0,1,1,0,0,0,1,0,0,0,0,0,0,0,0,0,0,0,0,1,0,0,0,0,0,0,0,0,0,1,0,0,0,0,1,0,0,1,0,0,0,1,0,0,1,0,0,0,0,0,0,0,0,0,1,9.382695764458287,4.418840607796598
1101,60.0,8400,4,4,3,2,5,0.0,3,3,3,2,1,3,290,1,0,0,290,3,438,0,0,438,0,0,1,0,1,1,2,7,0,0,1,1,3,3,1,0,0,0,0,0,0,0,0,0,1,60000,11.002116507732016,728,89,59,1,0,0,1,0,0,0,1,1,1.0,0,0,0,1,0,1,0,0,1,0,0,0,1,0,0,0,0,0,0,0,0,0,0,1,0,1,1,0,0,0,1,0,0,0,0,0,0,0,0,0,0,0,0,0,0,0,1,0,0,0,0,0,0,0,0,0,1,0,0,1,0,1,0,0,0,0,1,0,0,0,0,1,0,0,0,0,0,0,0,9.036106025364846,4.110873864173311
1102,61.0,9758,3,4,3,5,5,0.0,3,3,3,3,1,4,412,2,287,251,950,3,950,0,0,950,0,0,1,0,3,1,3,7,0,0,1,1,3,3,3,0,0,0,0,0,0,0,0,0,7,119500,11.691080018519528,1900,36,36,0,0,0,0,0,0,0,1,1,1.0,0,0,0,1,0,0,1,1,0,0,0,1,0,0,0,0,0,0,0,0,0,0,0,1,0,1,1,0,0,0,1,0,0,0,0,0,0,0,0,0,1,0,0,0,0,0,0,0,0,0,0,1,0,0,0,0,0,0,0,1,0,1,0,0,0,1,0,0,1,0,0,1,0,0,0,0,0,0,1,9.18594521514146,4.127134385045092
1103,70.0,7000,4,4,3,5,7,45.0,3,3,3,3,1,3,588,1,0,422,1010,5,1134,0,0,1134,0,0,1,0,2,1,3,7,0,0,2,1,3,3,3,0,16,0,0,0,0,0,1,0,4,135000,11.81303746480054,2160,47,5,1,0,0,0,0,0,0,1,1,1.0,0,0,0,0,0,0,1,1,0,0,0,1,0,0,0,0,0,0,0,0,0,0,0,1,0,1,1,0,0,0,1,0,0,0,0,0,0,0,0,0,0,0,0,0,0,0,1,0,0,0,0,0,0,0,0,0,1,0,1,0,0,1,0,0,0,1,0,0,1,0,0,0,0,0,0,0,0,0,1,8.853808274977197,4.2626798770413155
1104,79.0,8910,4,4,3,6,6,0.0,3,3,3,3,2,5,655,1,0,0,655,5,1194,0,0,1194,0,1,1,0,3,1,3,7,1,2,3,2,3,3,3,0,0,192,0,0,0,0,0,0,7,159500,11.979805470779858,2041,47,47,0,0,0,0,0,0,0,1,1,1.0,0,0,0,1,0,0,1,1,0,0,0,1,0,0,0,0,0,0,0,0,0,0,0,1,0,1,1,0,0,0,0,0,0,0,0,0,1,0,1,0,0,0,0,0,0,0,0,0,1,0,0,0,0,0,0,0,0,0,0,1,0,1,0,0,0,1,0,0,1,0,1,0,0,0,0,0,0,0,1,9.09504174761272,4.382026634673881
1105,24.0,2016,4,4,3,5,5,304.0,3,3,3,3,1,1,0,1,0,630,630,3,630,672,0,1302,0,0,2,1,3,1,3,7,0,0,1,2,3,3,3,0,0,0,0,0,0,0,0,0,4,106000,11.571203807011967,1932,37,37,0,0,0,0,0,0,0,1,1,2.0,0,0,0,1,0,1,0,0,0,1,0,0,0,0,0,0,0,0,0,0,0,0,0,0,1,1,1,0,0,0,1,0,0,0,0,1,0,0,0,0,1,0,0,0,0,0,0,0,0,0,1,0,0,0,0,0,0,0,1,0,0,1,0,0,0,1,0,0,1,0,0,1,0,0,0,0,0,0,1,7.6093665379542115,3.2188758248682006
1106,98.0,12256,3,4,3,8,5,362.0,4,3,5,3,3,6,1032,1,0,431,1463,5,1500,1122,0,2622,1,0,2,1,3,1,4,7,2,3,2,2,3,3,3,186,32,0,0,0,0,0,0,0,4,325000,12.691583538230216,4303,16,15,1,0,0,0,0,0,0,1,1,2.0,0,0,0,1,1,1,1,1,0,0,0,0,0,0,1,0,0,0,0,0,0,0,0,1,0,1,1,0,0,0,0,0,0,0,0,0,0,0,0,0,1,0,0,0,0,0,0,0,0,0,1,0,0,0,0,0,0,0,1,0,0,0,0,1,0,1,0,0,1,0,0,0,0,0,0,0,0,0,1,9.413852481341165,4.59511985013459
1107,114.0,10357,3,4,3,7,5,0.0,4,3,4,3,2,6,738,1,0,172,910,4,1442,0,0,1442,1,0,2,0,3,1,4,7,1,3,3,2,3,3,3,0,244,0,0,0,0,0,0,0,5,179900,12.100161978566868,2596,17,16,1,0,0,0,0,1,0,1,1,1.0,0,0,0,1,0,0,1,0,1,0,0,1,0,0,0,0,0,0,0,0,0,0,0,1,0,1,1,0,0,0,0,0,0,0,0,0,1,0,0,0,1,0,0,0,0,0,0,0,0,0,1,0,0,0,0,0,0,0,0,1,0,0,0,1,0,1,0,0,1,0,0,0,0,0,0,0,0,0,1,9.245514446983837,4.74493212836325
1108,168.0,23257,1,4,3,7,5,0.0,4,3,5,4,1,1,0,1,0,868,868,5,887,1134,0,2021,0,0,2,1,3,1,4,7,1,4,2,2,3,3,3,0,100,0,0,0,0,0,0,0,9,274725,12.52352951631214,2989,0,0,0,0,0,1,0,0,0,1,1,2.0,0,1,0,0,0,0,0,1,0,0,0,0,0,0,1,0,0,0,0,0,0,0,0,1,0,1,1,0,1,0,0,0,0,0,0,0,0,0,0,0,0,0,0,0,0,1,0,0,0,0,0,0,0,0,0,1,0,0,0,1,0,0,0,1,0,1,0,0,1,0,1,0,0,0,0,0,1,0,0,10.05440443785299,5.1298987149230735
1109,70.04995836802665,8063,4,4,3,6,5,0.0,3,3,4,3,1,1,0,1,0,924,924,5,948,742,0,1690,0,0,2,1,3,1,3,7,1,3,2,2,3,3,3,100,48,0,0,0,0,0,0,0,11,181000,12.10625783509458,2762,7,7,0,0,0,0,0,0,0,1,1,2.0,0,0,1,0,0,0,0,1,0,0,0,0,0,0,1,0,0,0,0,0,0,0,0,1,0,1,1,0,0,0,1,0,0,0,0,0,0,0,0,0,0,0,0,0,0,1,0,0,0,0,0,0,0,0,0,1,0,0,0,1,0,0,0,1,0,1,0,0,1,0,0,0,0,0,0,0,0,0,1,8.99516499031115,4.2633832685897595
1110,107.0,11362,3,4,3,8,5,42.0,4,3,5,3,2,6,1039,1,0,797,1836,5,1836,0,0,1836,1,0,2,0,3,1,4,7,1,4,3,3,3,3,3,125,185,0,0,0,0,0,0,0,3,280000,12.54254845357358,3982,5,4,1,0,0,0,0,0,0,1,1,1.0,0,0,0,1,0,0,0,0,1,0,0,1,0,0,0,0,0,0,0,0,0,0,0,1,0,1,1,0,0,0,1,0,0,0,0,0,0,0,0,0,0,1,0,0,0,0,0,0,0,0,0,1,0,0,0,0,0,0,0,0,1,0,0,1,0,1,0,0,1,0,0,0,0,0,0,0,0,0,1,9.338117741918008,4.68213122712422
1111,70.04995836802665,8000,4,4,3,6,5,0.0,3,3,4,3,1,6,219,1,0,554,773,4,773,885,0,1658,1,0,2,1,3,1,3,7,1,3,3,2,3,3,3,224,84,0,0,0,0,0,0,0,6,188000,12.144202560946876,2739,13,12,1,0,0,0,0,0,0,1,1,2.0,0,0,0,1,0,0,0,1,0,0,0,0,0,0,1,0,0,0,0,0,0,0,0,1,0,1,1,0,0,0,1,0,0,0,0,0,0,0,0,0,1,0,0,0,0,0,0,0,0,0,1,0,0,0,0,0,0,0,0,1,0,0,0,1,0,1,0,0,1,0,0,0,0,0,0,0,0,0,1,8.987321812850125,4.2633832685897595
1112,80.0,10480,4,4,3,7,6,660.0,3,3,3,3,1,5,403,1,0,400,803,3,1098,866,0,1964,0,0,2,1,4,1,3,7,1,4,2,2,3,3,3,0,69,0,0,0,0,0,0,0,9,205000,12.230770136157428,2836,32,32,0,0,0,0,0,0,0,1,1,2.0,0,0,0,1,0,1,1,1,0,0,0,0,0,0,1,0,0,0,0,0,0,0,0,1,0,1,1,0,0,0,1,0,0,0,0,0,1,0,0,0,0,0,0,1,0,0,0,0,0,0,0,0,0,1,0,0,0,0,1,0,0,1,0,0,0,1,0,0,1,0,0,0,0,0,0,0,0,0,1,9.257319373170178,4.394449154672439
1113,73.0,7100,3,4,3,5,7,0.0,3,3,3,3,1,6,708,1,0,108,816,3,816,0,0,816,1,0,1,0,2,1,3,7,0,0,1,1,3,3,3,0,0,0,0,0,0,0,0,0,7,129900,11.774527900858468,1632,49,49,0,0,0,0,0,0,0,1,1,1.0,0,0,0,1,0,0,1,1,0,0,0,1,0,0,0,0,0,0,0,0,0,0,0,1,0,1,1,0,0,0,0,0,0,0,0,0,0,0,0,0,0,0,0,0,0,0,0,1,0,0,0,0,0,0,0,0,0,1,0,1,0,1,0,0,0,1,0,0,0,0,0,1,0,0,0,0,0,0,1,8.867990898182093,4.30406509320417
1114,66.0,8923,4,4,3,5,7,0.0,3,3,3,3,1,4,643,1,0,365,1008,4,1008,0,0,1008,1,0,1,0,2,1,4,7,0,0,1,1,3,3,3,0,18,0,0,0,0,0,0,0,5,134500,11.80932691294063,2034,54,1,1,0,0,0,0,0,0,1,1,1.0,0,0,0,1,0,0,1,1,0,0,0,1,0,0,0,0,0,0,0,0,0,0,0,1,0,1,1,0,0,0,1,0,0,0,0,0,0,0,0,0,0,0,0,0,0,0,1,0,0,0,0,0,0,0,0,0,1,0,0,1,0,1,0,0,0,1,0,0,1,0,0,0,0,0,0,0,0,0,1,9.096499555552423,4.204692619390966
1115,90.0,5400,4,4,3,5,7,0.0,3,4,3,3,1,3,415,1,0,418,833,5,833,0,0,833,0,0,1,0,2,1,4,7,0,0,1,1,3,3,3,0,0,0,0,0,0,0,3,0,8,117000,11.669937760751914,1666,52,6,1,0,0,0,0,0,0,1,1,1.0,0,0,0,1,1,0,0,0,1,0,0,1,0,0,0,0,0,0,0,0,0,0,0,1,0,1,1,0,0,0,1,0,0,0,0,0,0,0,0,0,0,1,0,0,0,0,0,0,0,0,0,1,0,0,0,0,0,0,0,1,0,1,0,0,0,1,0,0,1,0,0,1,0,0,0,0,0,0,1,8.594339400592892,4.51085950651685
1116,93.0,12085,4,4,3,8,5,328.0,4,3,5,3,1,6,1004,1,0,730,1734,5,1734,0,0,1734,1,0,2,0,3,1,5,7,1,4,2,3,3,3,3,0,0,0,0,0,0,0,0,0,11,318000,12.669809806411456,3468,0,0,0,0,0,0,0,0,0,1,1,1.0,0,1,0,0,0,0,0,0,1,0,0,1,0,0,0,0,0,0,0,0,0,0,0,1,0,1,1,0,0,0,1,0,0,0,0,0,1,0,0,0,0,0,0,0,0,1,0,0,0,0,0,0,0,0,0,1,0,0,0,0,1,0,0,1,0,1,0,0,1,0,0,0,0,0,0,0,0,0,1,9.399803036921504,4.543294782270004
1117,70.04995836802665,7750,4,4,3,8,5,0.0,4,3,4,3,1,6,353,1,0,55,408,5,779,640,0,1419,1,0,2,1,3,1,4,7,1,3,3,2,3,3,3,120,0,0,0,0,0,0,0,0,3,184100,12.123239799036943,1947,7,7,0,0,0,0,0,0,0,1,1,1.5,1,0,0,1,0,0,0,1,0,0,0,0,0,0,0,0,0,1,0,0,0,0,0,1,0,1,1,0,0,0,1,0,0,0,0,0,1,0,0,0,0,0,0,0,0,1,0,0,0,0,0,0,0,0,0,1,0,0,0,1,0,0,0,1,0,1,0,0,1,0,1,0,0,0,0,0,0,0,1,8.955577146281511,4.2633832685897595
1118,57.0,9764,3,4,3,5,7,0.0,3,3,3,3,1,4,702,1,0,192,894,5,894,0,0,894,1,0,1,0,3,1,4,7,0,0,2,2,3,3,3,0,0,0,0,0,0,0,0,0,5,130000,11.775297421715829,1788,41,5,1,0,0,0,0,1,0,1,1,1.0,0,0,0,1,1,1,0,0,1,0,0,1,0,0,0,0,0,0,0,0,0,0,0,1,0,1,1,0,0,1,0,0,0,0,0,0,0,0,0,0,0,0,0,0,0,1,0,0,0,0,0,0,0,0,0,1,0,0,0,1,0,1,0,0,0,1,0,0,1,0,0,0,0,0,0,0,0,0,1,9.186559843310778,4.060443010546419
1119,85.0,13825,4,4,3,5,6,0.0,3,4,3,3,1,1,0,1,0,533,533,3,1021,580,0,1601,0,1,1,0,3,1,3,5,0,0,2,1,3,3,3,280,34,0,0,0,0,0,0,0,12,140000,11.849404844423074,2448,50,21,1,0,0,0,0,0,0,1,1,1.5,1,0,0,1,1,1,0,0,1,0,0,0,0,0,0,0,0,1,0,0,0,0,0,1,0,1,1,0,0,0,1,0,0,0,0,0,0,0,0,0,0,1,0,0,0,0,0,0,0,0,0,1,0,0,0,0,0,0,0,1,0,1,0,0,0,1,0,0,1,0,1,0,0,0,0,0,0,0,1,9.53430615650521,4.454347296253507
1120,70.0,7560,4,4,3,5,5,0.0,3,3,3,3,1,2,369,1,0,671,1040,3,1040,0,0,1040,0,0,1,0,3,1,3,7,0,0,2,1,3,3,3,140,0,252,0,0,0,0,2,0,7,133700,11.803361242493628,2472,47,47,0,0,0,0,0,0,0,1,1,1.0,0,0,0,1,0,0,1,1,0,0,0,1,0,0,0,0,0,0,0,0,0,0,0,1,0,1,1,0,0,0,1,0,0,0,0,0,0,0,1,0,0,0,0,0,0,0,0,0,0,0,0,0,0,0,0,0,1,0,0,1,0,1,0,0,0,1,0,0,0,0,0,0,0,0,0,0,0,0,1,8.93075873555827,4.2626798770413155
1121,59.0,8263,4,4,2,6,5,0.0,3,3,3,3,1,1,0,1,0,1012,1012,3,1012,0,0,1012,0,0,1,0,2,1,3,7,1,4,1,1,3,3,3,0,22,112,0,0,0,0,3,0,5,118400,11.68183244734232,2158,87,57,1,0,0,1,0,0,0,1,1,1.0,0,0,0,1,1,0,0,1,0,0,0,0,1,0,0,0,0,0,0,0,0,0,0,0,1,1,1,0,0,0,1,0,0,0,0,0,0,0,1,0,0,0,0,0,0,0,0,0,1,0,0,0,0,0,0,0,0,0,0,1,0,0,0,0,0,1,0,0,0,0,0,1,0,0,0,0,0,0,0,9.019664010799474,4.0943445622221
1122,84.0,10084,4,4,3,7,5,196.0,4,3,4,3,3,6,24,1,0,1528,1552,5,1552,0,0,1552,0,0,2,0,3,1,4,7,0,0,2,3,3,3,3,144,20,0,0,0,0,0,0,0,7,212900,12.268582547911404,3268,1,0,1,0,0,0,0,0,0,1,1,1.0,0,1,0,0,1,0,1,0,0,0,0,1,0,0,0,0,0,0,0,0,0,0,0,1,0,1,1,0,0,0,1,0,0,0,0,0,0,0,0,0,0,0,0,0,0,1,0,0,0,0,0,0,0,0,0,1,0,0,1,0,0,0,0,1,0,1,0,0,1,0,0,0,0,0,0,0,0,0,1,9.218804450388312,4.442651256490317
1123,70.04995836802665,8926,3,4,3,4,3,0.0,3,3,3,3,1,1,0,1,0,672,672,5,960,0,0,960,0,0,1,0,3,1,3,7,0,0,1,1,3,3,3,64,0,0,0,160,0,0,3,0,10,112000,11.6262630788088,1856,53,53,0,0,0,0,0,0,0,1,1,1.0,0,0,1,0,1,1,1,0,0,0,0,1,0,0,0,0,0,0,0,0,0,0,0,1,0,1,1,0,0,0,0,0,0,0,0,0,0,0,0,0,0,0,0,0,0,0,0,0,0,0,0,0,0,0,0,0,0,0,0,1,0,1,0,0,0,1,0,0,0,1,0,0,0,0,0,0,0,0,1,9.096835671179361,4.2633832685897595
1124,50.0,9405,4,4,3,5,9,0.0,3,5,3,3,1,1,0,1,0,698,698,5,698,0,0,698,0,1,1,0,2,1,3,7,0,0,0,0,0,0,3,0,200,0,0,0,0,0,0,0,6,118000,11.678448377988165,1596,62,1,1,0,0,0,0,0,0,1,1,1.0,0,0,0,1,1,1,1,0,0,0,0,1,0,0,0,0,0,0,0,0,0,0,0,1,0,1,1,0,0,0,1,0,0,0,0,0,1,0,0,0,0,0,0,0,0,1,0,0,0,0,0,0,0,0,0,1,0,0,0,1,0,1,0,0,0,1,0,0,1,0,0,0,1,0,0,0,0,0,1,9.149103062504993,3.9318256327243257
1125,70.04995836802665,9125,3,4,3,7,5,170.0,3,3,4,3,1,1,0,1,0,384,384,4,812,670,0,1482,0,0,2,1,3,1,4,7,1,3,3,2,3,3,3,100,25,0,0,0,0,0,0,0,7,163900,12.007017865994577,1991,15,15,0,0,0,0,0,0,0,1,1,1.5,1,0,0,1,0,0,0,1,0,0,0,0,0,0,0,0,0,1,0,0,0,0,0,1,0,1,1,0,0,0,1,0,0,0,0,0,0,0,0,0,1,0,0,0,0,0,0,0,0,0,1,0,0,0,0,0,0,0,1,0,0,0,0,1,0,1,0,0,1,0,0,0,0,0,0,0,0,0,1,9.118882761487347,4.2633832685897595
1126,60.0,10434,4,4,3,4,5,0.0,3,3,3,3,1,1,0,1,0,1005,1005,3,1005,0,0,1005,0,0,1,0,2,1,2,7,1,3,1,2,2,2,3,0,0,0,0,0,0,0,0,0,11,115000,11.652696102959752,2010,54,54,0,0,0,0,0,0,0,1,1,1.0,0,0,0,1,0,0,1,1,0,0,0,1,0,0,0,0,0,0,0,0,0,0,0,1,0,1,1,0,0,0,1,0,0,0,0,0,0,0,0,0,0,0,0,1,0,0,0,0,0,0,0,0,0,1,0,0,0,0,0,1,0,1,0,0,0,1,0,0,1,0,0,1,0,0,0,0,0,0,1,9.252920819511301,4.110873864173311
1127,53.0,3684,4,4,3,7,5,130.0,4,3,4,3,1,1,0,1,0,1373,1373,5,1555,0,0,1555,0,0,2,0,2,1,4,7,1,3,3,3,3,3,3,143,20,0,0,0,0,0,0,0,6,174000,12.066816325306588,3091,2,2,0,0,0,0,0,0,0,1,1,1.0,0,0,0,1,0,0,0,0,0,0,0,0,0,0,0,0,0,0,0,0,0,0,0,1,0,1,1,0,0,0,1,0,0,0,0,1,1,0,0,0,0,0,0,0,0,1,0,0,0,0,0,0,0,0,0,1,0,0,1,0,0,0,0,1,0,1,0,0,1,0,0,0,0,0,0,0,0,0,1,8.212025804623437,3.9889840465642745
1128,182.0,14572,1,4,3,7,5,0.0,4,3,4,3,3,6,1300,1,0,230,1530,5,1530,0,0,1530,1,0,2,0,3,1,4,7,1,4,3,3,3,3,3,144,36,0,0,0,0,0,0,0,11,259000,12.464587201678082,3240,3,3,0,0,0,0,0,0,0,1,1,1.0,0,0,0,0,0,0,0,1,0,0,0,1,0,0,0,0,0,0,0,0,0,0,0,1,0,1,1,0,0,0,0,0,0,0,0,0,1,0,0,0,0,0,0,0,0,1,0,0,0,0,0,0,0,0,0,1,0,0,0,1,0,0,0,1,0,1,0,0,1,0,0,0,0,0,0,0,0,0,1,9.586925780533697,5.209486152841421
1129,59.0,11796,3,4,3,7,5,0.0,4,3,4,3,3,1,0,1,0,847,847,5,847,1112,0,1959,0,0,2,1,4,1,4,7,1,4,3,2,3,3,3,100,48,0,0,0,0,0,0,0,7,215000,12.278397958261774,2954,3,2,1,0,0,0,0,0,0,1,1,2.0,0,0,0,1,0,0,0,1,0,0,0,0,0,0,1,0,0,0,0,0,0,0,0,1,0,1,1,0,0,0,1,0,0,0,0,0,0,0,0,0,0,0,0,0,0,1,0,0,0,0,0,0,0,0,0,1,0,0,0,1,0,0,0,1,0,1,0,0,1,0,1,0,0,0,0,0,0,0,1,9.375600540841843,4.0943445622221
1130,60.0,7200,4,4,3,5,5,180.0,3,3,4,3,4,6,936,1,0,0,936,3,936,0,0,936,1,0,1,0,2,1,3,7,0,0,1,2,3,3,3,49,0,0,0,0,0,0,0,0,8,140000,11.849404844423074,1921,27,27,0,0,0,0,0,0,0,1,1,1.5,1,0,0,1,1,0,0,0,1,0,0,0,0,0,0,0,0,0,0,1,0,0,0,0,1,1,0,0,0,0,1,0,0,1,0,0,0,0,0,0,0,1,0,0,0,0,0,0,0,0,0,1,0,0,0,0,0,0,1,0,0,1,0,0,0,1,0,0,1,0,0,1,0,0,0,0,0,0,1,8.881975184248867,4.110873864173311
1131,65.0,7804,4,4,3,4,3,0.0,3,3,3,3,1,4,622,1,0,500,1122,3,1328,653,0,1981,1,0,2,0,4,1,4,5,2,3,1,2,3,3,3,431,44,0,0,0,0,0,3,0,12,135000,11.81303746480054,3578,81,59,1,0,0,0,0,0,0,1,1,1.5,0,0,0,1,0,1,0,0,1,0,0,0,0,1,0,0,0,0,0,0,0,0,0,1,0,1,1,0,0,0,1,0,0,0,0,0,0,0,0,0,0,0,0,0,0,0,0,1,0,0,0,0,0,1,0,0,0,0,0,1,0,0,0,0,0,1,0,0,1,0,0,1,0,0,0,0,0,0,1,8.962519832949532,4.189654742026425
1132,63.0,10712,4,4,3,5,5,0.0,3,3,4,3,2,4,212,1,0,762,974,3,974,0,0,974,0,0,1,0,3,1,3,7,0,0,0,0,0,0,3,0,28,0,0,0,0,0,3,0,9,93500,11.445727410406752,1976,16,15,1,0,0,0,0,0,0,1,1,1.0,0,0,1,0,1,1,0,1,0,0,0,1,0,0,0,0,0,0,0,0,0,0,0,1,0,1,1,0,0,0,1,0,0,0,0,0,0,0,0,0,1,0,0,0,0,0,0,0,0,0,1,0,0,0,0,0,0,0,0,1,0,0,0,1,0,1,0,0,1,0,0,0,1,0,0,0,0,0,1,9.279213236262558,4.1588830833596715
1133,90.0,9900,4,4,3,6,4,0.0,3,3,3,3,2,1,0,1,0,1008,1008,3,1178,1032,0,2210,0,0,2,0,5,1,2,7,0,0,1,1,2,3,1,0,48,0,0,0,0,0,0,0,5,117500,11.674202123168431,3266,127,57,1,0,0,0,0,0,0,1,0,2.0,0,0,0,1,1,0,0,0,1,0,0,0,0,0,0,1,0,0,0,0,0,0,0,0,1,1,1,0,0,0,1,0,0,0,0,0,0,0,0,0,0,0,0,0,0,0,1,0,0,0,0,0,0,0,0,0,1,0,0,1,0,0,0,0,0,1,0,0,1,0,0,1,0,0,0,0,0,0,1,9.200391041122515,4.51085950651685
1134,80.0,9828,3,4,3,8,5,0.0,4,3,4,3,1,6,584,1,0,544,1128,5,1142,878,0,2020,0,0,2,1,3,1,4,7,1,3,2,2,3,3,3,0,155,0,0,0,0,0,0,0,6,239500,12.386312871189734,3303,14,14,0,0,0,0,0,0,0,1,1,2.0,0,0,0,1,0,0,1,0,1,0,0,0,0,0,1,0,0,0,0,0,0,0,0,1,0,1,1,0,0,0,1,0,0,0,0,0,0,0,0,0,0,0,0,0,0,1,0,0,0,0,0,0,0,0,0,1,0,0,0,1,0,0,0,1,0,1,0,0,1,0,0,0,0,0,0,0,0,0,1,9.19309247856663,4.394449154672439
1135,57.0,8773,3,4,3,6,5,0.0,3,3,4,3,3,1,0,1,0,916,916,4,916,684,0,1600,0,0,2,1,3,1,3,7,1,3,3,2,3,3,3,100,38,0,0,0,0,0,0,0,8,169000,12.037659911047468,2654,10,10,0,0,0,1,0,0,0,1,1,2.0,0,0,0,1,0,0,0,1,0,0,0,0,0,0,1,0,0,0,0,0,0,0,0,1,0,1,1,0,0,0,1,0,0,0,0,0,0,0,0,0,0,0,0,0,0,1,0,0,0,0,0,0,0,0,0,1,0,0,0,1,0,0,0,1,0,1,0,0,1,0,0,0,0,0,0,0,1,0,0,9.07954808172616,4.060443010546419
1136,60.0,6180,4,4,3,6,5,0.0,3,3,3,3,1,1,0,1,0,960,960,3,986,0,0,986,0,0,1,0,2,1,3,7,1,4,1,1,3,3,3,0,128,0,0,0,0,0,0,0,5,102000,11.53273789613992,2074,81,57,1,0,0,0,0,0,0,1,1,1.0,0,0,0,1,1,1,0,0,0,0,0,0,1,0,0,0,0,0,0,0,0,0,0,0,1,1,1,0,0,0,0,0,0,0,0,0,0,0,0,0,0,0,0,0,0,0,1,0,0,0,0,0,0,0,0,0,1,0,0,1,0,0,0,0,0,0,0,0,1,0,0,1,0,0,0,0,0,0,1,8.729235349659273,4.110873864173311
1137,80.0,9600,4,4,3,6,5,0.0,3,3,3,3,1,4,280,1,0,752,1032,3,1032,220,0,1252,0,0,1,0,3,1,3,7,0,0,1,1,3,3,3,0,0,96,0,0,0,0,0,0,4,119000,11.686887175419702,2380,58,58,0,0,0,0,0,0,0,1,1,1.5,0,0,1,0,0,0,1,1,0,0,0,0,0,1,0,0,0,0,0,0,0,0,0,1,0,1,1,0,0,0,1,0,0,0,0,0,0,0,0,0,0,0,0,0,0,1,0,0,0,0,0,0,0,0,0,1,0,0,0,1,0,1,0,0,0,1,0,0,0,0,0,0,0,0,0,0,0,0,1,9.169622538697624,4.394449154672439
1138,54.0,6342,4,4,3,5,8,0.0,3,4,3,3,1,1,0,1,0,780,780,4,780,240,0,1020,0,0,1,0,2,1,3,7,0,0,0,0,0,0,1,0,0,176,0,0,0,0,0,0,5,94000,11.451060699493429,1976,135,14,1,0,0,0,0,1,0,1,1,1.5,0,0,0,1,1,1,0,0,1,0,0,0,0,1,0,0,0,0,0,0,0,0,0,1,0,1,1,0,0,0,1,0,0,0,0,0,0,0,0,0,0,0,0,0,0,1,0,0,0,0,0,0,0,0,0,1,0,0,0,1,0,1,0,0,0,0,0,0,1,0,0,0,1,0,0,0,0,0,1,8.755107121633896,4.007333185232471
1139,70.04995836802665,9819,3,4,2,6,5,0.0,3,3,3,3,4,5,1567,1,0,0,1567,3,1567,0,0,1567,1,0,2,0,2,1,4,7,2,3,2,2,3,3,3,264,32,0,0,0,0,0,0,0,5,196000,12.185875040240456,3430,32,32,0,0,0,0,0,0,0,1,1,1.0,0,0,0,1,1,1,0,1,0,0,0,1,0,0,0,0,0,0,0,0,0,0,0,1,0,1,1,0,0,0,1,0,0,0,0,0,0,0,0,0,0,0,0,1,0,0,0,0,0,0,0,0,1,0,0,0,0,0,0,1,0,0,0,1,0,1,0,0,1,0,0,0,0,0,0,0,0,0,1,9.192176401348512,4.2633832685897595
1140,98.0,8731,3,4,3,5,5,0.0,3,2,3,3,1,4,645,1,0,270,915,3,1167,0,0,1167,0,0,1,0,3,1,3,3,1,4,1,2,3,3,3,0,0,216,0,126,0,0,0,0,5,144000,11.87757552297847,2424,87,57,1,0,0,0,0,0,0,1,1,1.0,0,0,0,1,1,1,0,0,0,0,0,0,1,0,0,0,0,0,0,0,0,0,0,1,0,1,1,0,0,0,1,0,0,0,0,0,0,0,0,0,0,0,0,0,1,0,0,0,0,0,0,0,0,0,1,0,0,0,0,1,0,0,0,0,0,1,0,0,1,0,0,1,0,0,0,0,0,0,1,9.074749717669835,4.59511985013459
1141,60.0,7350,4,4,3,5,7,0.0,3,3,3,3,2,5,852,1,0,100,952,3,952,0,0,952,1,0,1,0,2,1,3,7,0,0,1,2,3,3,3,0,0,0,0,0,0,0,0,0,6,139000,11.842236406331557,1904,57,57,0,0,0,0,0,0,0,1,1,1.0,0,0,1,0,0,0,1,1,0,0,0,1,0,0,0,0,0,0,0,0,0,0,0,1,0,1,1,0,0,0,0,0,0,0,0,0,0,0,0,0,1,0,0,0,0,0,0,0,0,0,1,0,0,0,0,0,0,0,0,1,0,1,0,0,0,1,0,0,1,0,0,1,0,0,0,0,0,0,1,8.902591637374087,4.110873864173311
1142,70.04995836802665,10304,3,4,3,5,7,44.0,3,4,3,3,1,5,381,1,0,399,780,5,1088,780,0,1868,1,0,2,1,4,1,4,7,1,3,1,2,3,3,3,448,96,0,0,0,0,0,0,0,10,197500,12.193498926601634,3192,33,33,0,0,0,0,1,0,0,1,1,2.0,0,0,0,1,0,1,1,1,0,0,0,0,0,0,1,0,0,0,0,0,0,0,0,1,0,1,1,0,1,0,0,0,0,0,0,0,0,0,0,0,0,0,0,1,0,0,0,0,0,0,0,0,0,1,0,0,0,0,1,0,0,1,0,0,0,1,0,0,1,0,0,0,0,0,0,0,0,0,1,9.240384493324559,4.2633832685897595
1143,77.0,9965,4,4,3,8,5,340.0,4,3,5,3,4,6,1150,1,0,316,1466,5,1466,1362,0,2828,1,0,3,0,4,1,4,7,1,3,2,3,3,3,3,125,144,0,0,0,0,0,0,0,4,424870,12.959540872420414,4563,1,0,1,0,0,0,0,0,0,1,1,2.0,0,1,0,0,1,0,1,0,0,0,0,0,0,0,1,0,0,0,0,0,0,0,0,1,0,1,1,0,0,0,1,0,0,0,0,0,1,0,0,0,0,0,0,0,0,1,0,0,0,0,0,0,0,0,0,1,0,0,0,0,1,0,0,1,0,1,0,0,1,0,1,0,0,0,0,0,0,0,1,9.20693457884135,4.356708826689592
1144,70.04995836802665,9000,4,4,3,5,3,0.0,3,3,3,3,1,6,288,1,0,718,1006,3,1006,0,0,1006,0,0,1,0,3,1,3,7,0,0,0,0,0,0,3,0,24,0,0,0,0,0,0,0,7,80000,11.289794413577894,2036,49,49,0,0,0,0,0,0,0,1,1,1.0,0,0,0,1,1,1,0,0,1,0,0,1,0,0,0,0,0,0,0,0,0,0,0,1,0,1,1,0,0,0,1,0,0,0,0,0,0,0,0,0,0,0,0,0,0,0,1,0,0,0,0,0,0,1,0,0,0,0,0,1,0,1,0,0,0,1,0,0,1,0,0,0,1,0,0,0,0,0,1,9.105090961257085,4.2633832685897595
1145,60.0,12180,4,4,3,4,4,0.0,3,2,4,3,1,4,348,1,0,324,672,2,672,252,0,924,1,0,1,0,2,1,2,7,0,0,1,1,3,3,3,0,0,0,0,0,0,0,3,0,7,80000,11.289794413577894,1596,69,60,1,0,0,0,0,0,0,1,0,1.5,0,0,0,1,1,1,1,0,0,0,1,0,0,0,0,0,0,0,0,0,0,0,0,1,0,1,1,0,0,0,1,0,1,0,0,0,0,0,0,0,0,1,0,0,0,0,0,0,0,0,0,1,0,0,0,0,0,0,0,1,0,0,0,0,0,0,0,0,0,0,0,1,0,0,0,0,0,0,1,9.407632639699958,4.110873864173311
1146,52.0,6240,4,4,3,5,6,0.0,3,3,3,3,1,1,0,1,0,1042,1042,5,1042,534,0,1576,0,0,1,0,3,1,3,7,1,4,1,1,3,3,3,0,0,0,0,0,0,0,0,0,8,149000,11.91170829631447,2618,78,56,1,0,0,0,0,0,0,1,1,1.5,0,0,0,0,1,1,0,0,0,0,0,0,0,1,0,0,0,0,0,0,0,0,0,0,1,1,1,0,0,0,1,0,0,0,0,0,0,0,0,0,0,1,0,0,0,0,0,0,0,0,0,1,0,0,0,0,0,0,0,1,0,0,0,0,0,1,0,0,1,0,0,1,0,0,0,0,0,0,1,8.738895704934043,3.970291913552122
1147,70.04995836802665,11200,4,4,3,6,5,85.0,4,3,4,3,1,6,1258,1,0,40,1298,3,1298,0,0,1298,1,0,2,0,3,1,4,7,1,3,1,2,3,3,3,165,26,0,0,0,0,0,0,0,5,180000,12.100717685412471,2787,21,21,0,0,0,0,0,0,0,1,1,1.0,0,0,0,1,0,0,1,0,1,0,0,1,0,0,0,0,0,0,0,0,0,0,0,1,0,1,1,0,0,0,1,0,0,0,0,0,0,0,0,0,0,0,0,0,0,0,1,0,0,0,0,0,0,0,0,0,0,1,1,0,0,1,0,0,0,1,0,0,1,0,0,0,0,0,0,0,0,0,1,9.32375833901174,4.2633832685897595
1148,75.0,12000,4,4,3,7,7,0.0,3,3,3,3,1,3,275,1,0,429,704,5,860,704,0,1564,0,0,1,1,3,1,2,7,1,4,1,1,3,3,3,0,0,0,0,0,0,0,0,0,7,174500,12.069685751267224,2268,68,59,1,0,0,1,0,0,0,1,1,2.0,0,0,0,1,0,1,1,0,0,0,0,0,0,0,0,1,0,0,0,0,0,0,0,1,0,1,1,0,0,0,1,0,0,0,0,0,0,0,0,0,0,1,0,0,0,0,0,0,0,0,0,1,0,0,0,0,0,0,0,1,0,1,0,0,0,1,0,0,1,0,0,0,0,0,0,0,0,0,0,9.392745258631441,4.330733340286331
1149,70.04995836802665,5700,4,4,3,7,7,0.0,3,3,3,3,1,1,0,1,0,572,572,3,572,539,0,1111,0,0,1,0,2,1,3,7,1,4,1,1,3,3,3,0,0,176,0,0,0,0,0,0,8,116900,11.669082701743504,1859,82,58,1,0,0,0,0,0,0,1,1,1.5,0,0,0,1,1,0,0,0,1,0,0,0,0,1,0,0,0,0,0,0,0,0,0,0,1,1,1,0,0,0,1,0,0,0,0,0,0,0,0,0,0,0,0,0,0,0,1,0,0,0,0,0,0,0,0,0,1,0,0,1,0,0,0,1,0,1,0,0,1,0,0,1,0,0,0,0,0,0,1,8.648396877031582,4.2633832685897595
1150,50.0,9000,4,4,3,7,9,0.0,3,4,3,3,1,5,624,1,0,26,650,5,832,650,0,1482,0,1,1,0,3,1,3,7,0,0,1,2,3,3,3,0,0,0,0,0,0,0,0,0,7,143000,11.870606902224589,2132,89,21,1,0,0,0,0,1,0,1,1,2.0,0,0,0,1,1,0,0,0,1,0,0,0,0,0,0,1,0,0,0,0,0,0,0,0,1,1,1,0,0,0,1,0,0,0,0,0,1,0,0,0,0,0,0,0,0,1,0,0,0,0,0,0,0,0,0,1,0,0,0,1,0,0,0,1,0,1,0,0,1,0,0,1,0,0,0,0,0,0,1,9.105090961257085,3.9318256327243257
1151,57.0,8280,3,4,3,6,5,0.0,3,3,3,3,1,1,0,1,0,932,932,5,932,0,0,932,0,0,1,0,2,1,4,7,1,4,1,1,3,3,3,0,0,214,0,0,0,0,4,0,11,124000,11.728044909070784,2078,57,57,0,0,0,0,0,0,0,1,1,1.0,0,0,0,1,0,0,1,1,0,0,0,1,0,0,0,0,0,0,0,0,0,0,0,1,0,1,1,0,0,0,1,0,0,0,0,0,0,0,1,0,0,0,0,0,0,0,0,0,1,0,0,0,0,0,0,0,0,0,0,1,0,1,0,0,0,1,0,0,0,0,0,0,0,0,0,0,0,0,1,9.0217190130337,4.060443010546419
1152,134.0,17755,4,4,3,5,4,132.0,3,3,3,3,1,4,176,1,0,1290,1466,3,1466,0,0,1466,0,0,1,1,3,1,2,7,2,4,3,2,3,3,3,0,140,0,0,100,0,0,0,0,11,149900,11.917730355182512,3172,47,47,0,0,0,0,0,0,0,1,1,1.0,0,0,0,1,1,1,1,0,0,0,0,1,0,0,0,0,0,0,0,0,0,0,0,1,0,1,1,0,0,0,1,0,0,0,0,0,0,0,0,0,1,0,0,0,0,0,0,0,0,0,0,0,0,1,0,0,0,0,1,0,0,1,0,0,0,1,0,0,1,0,0,0,0,0,0,0,0,0,1,9.784478765953926,4.90527477843843
1153,90.0,14115,3,4,3,6,7,0.0,3,3,3,3,1,5,296,6,547,230,1073,5,1811,0,0,1811,0,0,1,0,2,1,5,7,1,4,3,2,3,3,3,0,0,280,0,0,0,0,0,0,7,230000,12.345838935721968,3164,50,2,1,0,0,0,0,0,0,1,1,1.0,0,0,1,0,0,1,1,0,0,0,0,1,0,0,0,0,0,0,0,0,0,0,0,1,0,1,1,0,0,0,1,0,0,0,0,0,0,0,0,0,0,0,1,0,0,0,0,0,0,0,0,0,1,0,0,0,0,0,0,1,0,0,0,1,0,1,0,0,1,0,0,0,0,0,0,0,0,0,1,9.55506418479516,4.51085950651685
1154,70.04995836802665,5890,4,4,3,6,8,0.0,4,4,3,3,3,5,538,1,0,278,816,5,816,0,0,816,0,0,1,0,2,1,3,7,0,0,1,1,3,3,3,0,0,96,0,0,0,0,0,0,6,120500,11.6994133306336,1728,78,1,1,0,0,0,0,0,0,1,1,1.0,0,0,0,1,1,0,0,1,0,0,0,0,1,0,0,0,0,0,0,0,0,0,0,0,1,1,1,0,0,0,0,0,0,0,0,0,0,0,0,0,0,0,0,0,0,0,1,0,0,0,0,0,0,0,0,0,1,0,0,1,0,0,0,0,0,1,0,0,1,0,0,1,0,0,0,0,0,0,1,8.681181041521688,4.2633832685897595
1155,70.04995836802665,13700,3,4,3,7,6,288.0,3,3,3,3,4,5,454,1,0,410,864,3,902,918,0,1820,0,0,1,2,4,1,4,7,2,4,1,2,3,3,3,60,84,0,0,273,0,0,4,0,5,201800,12.215037342290756,3101,43,20,1,0,0,0,0,0,0,1,1,2.0,0,0,0,1,0,0,1,1,0,0,0,0,0,0,1,0,0,0,0,0,0,0,0,1,0,1,1,0,0,0,1,0,0,0,0,0,0,0,0,0,0,0,0,0,0,1,0,0,0,0,0,0,0,0,0,1,0,0,0,0,1,1,0,0,0,1,0,0,1,0,0,0,0,0,0,0,0,0,1,9.525224101853109,4.2633832685897595
1156,90.0,10768,3,4,3,5,8,0.0,4,4,4,3,4,5,1157,1,0,280,1437,3,1437,0,0,1437,1,0,2,0,3,1,4,7,1,2,2,2,3,3,3,0,21,0,0,180,0,0,0,0,7,218000,12.292254928916668,3075,31,3,1,0,0,0,0,0,0,1,1,1.0,0,0,0,1,0,0,0,1,1,0,0,1,0,0,0,0,0,0,0,0,0,0,0,1,0,1,1,0,0,0,0,0,0,0,0,0,0,0,0,0,0,0,0,1,0,0,0,0,0,0,0,0,0,1,0,0,0,0,0,1,0,1,0,0,0,1,0,0,1,0,0,0,0,0,0,0,0,0,1,9.284426915328881,4.51085950651685
1157,85.0,9350,4,4,3,5,8,0.0,3,4,3,3,4,5,633,1,0,586,1219,4,1265,0,0,1265,0,1,2,0,3,1,4,7,1,4,2,2,3,3,3,0,92,0,96,0,0,0,3,0,10,179900,12.100161978566868,2672,43,9,1,0,0,0,0,0,0,1,1,1.5,1,0,0,1,0,0,1,1,0,0,0,0,0,0,0,0,0,1,0,0,0,0,0,1,0,1,1,0,0,0,1,0,0,0,0,0,0,0,1,0,0,0,0,0,0,0,0,0,1,0,0,0,0,0,0,0,0,0,0,1,0,0,0,1,0,1,0,0,1,0,0,0,0,0,0,0,0,0,1,9.143238568435446,4.454347296253507
1158,34.0,5001,3,4,3,7,5,166.0,4,3,4,3,1,6,904,1,0,410,1314,5,1314,0,0,1314,1,0,2,0,2,1,4,7,1,4,2,2,3,3,3,172,62,0,0,0,0,0,0,0,7,230000,12.345838935721968,2862,2,1,1,0,0,0,0,0,0,1,1,1.0,0,0,0,1,0,0,0,0,1,0,0,0,0,0,0,0,0,0,0,0,0,0,0,1,0,1,1,0,0,0,1,0,0,0,1,0,0,0,0,0,0,0,0,0,0,1,0,0,0,0,0,0,0,0,0,1,0,0,0,0,1,0,0,1,0,1,0,0,1,0,0,0,0,0,0,0,0,0,1,8.517593111437565,3.5553480614894135
1159,92.0,11932,4,4,3,8,5,186.0,4,3,4,3,1,1,0,1,0,1580,1580,5,1580,0,0,1580,0,0,2,0,3,1,4,7,0,0,2,3,3,3,3,0,24,0,0,0,0,0,0,0,6,235128,12.367889578686164,3184,1,0,1,0,0,0,0,1,0,1,1,1.0,0,1,0,0,1,0,1,0,1,0,0,1,0,0,0,0,0,0,0,0,0,0,0,1,0,1,1,0,0,1,0,0,0,0,0,0,0,0,0,0,0,0,0,0,0,1,0,0,0,0,0,0,0,0,0,1,0,0,0,0,1,0,0,1,0,1,0,0,1,0,0,0,0,0,0,0,0,0,1,9.387062950369655,4.532599493153256
1160,76.0,9120,4,4,3,6,6,270.0,4,3,3,3,1,5,442,1,0,459,901,3,943,933,0,1876,0,0,2,1,4,1,4,7,1,3,2,2,4,3,3,0,69,0,0,0,0,0,0,0,7,185000,12.128116509451258,2846,34,34,0,0,0,0,0,0,0,1,1,2.0,0,0,0,1,0,1,1,1,0,0,0,0,0,0,1,0,0,0,0,0,0,0,0,1,0,1,1,0,0,0,1,0,0,0,0,0,1,0,0,0,1,0,0,0,0,0,0,0,0,0,1,0,0,0,0,0,0,0,1,0,0,1,0,0,0,1,0,0,1,0,0,0,0,0,0,0,0,0,1,9.118334726180159,4.343805421853684
1161,24.0,2280,4,4,3,6,5,0.0,3,3,4,3,1,5,311,1,0,544,855,2,855,601,0,1456,0,0,2,1,3,1,3,7,1,3,1,2,3,3,3,26,0,0,0,0,0,0,0,0,7,146000,11.891368749982083,2337,32,32,0,0,0,0,0,0,0,1,1,2.0,0,0,0,1,1,0,1,1,0,1,0,0,0,0,0,0,0,0,0,0,0,0,0,1,0,1,1,0,0,0,1,0,0,0,1,0,0,0,0,0,0,0,0,1,0,0,0,0,0,0,0,0,1,0,0,0,0,0,0,1,0,1,0,0,0,1,0,0,1,0,0,0,0,0,0,0,0,0,1,7.732369222284388,3.2188758248682006
1162,70.04995836802665,14778,3,4,3,6,7,72.0,4,3,3,3,1,4,728,1,0,568,1296,5,1640,0,0,1640,1,0,1,0,3,1,4,7,1,4,1,2,3,3,3,108,0,0,216,0,0,0,0,0,11,224000,12.319405795112926,3260,54,2,1,0,0,1,1,0,0,1,1,1.0,0,0,0,1,0,1,1,0,0,0,0,1,0,0,0,0,0,0,0,0,0,0,0,1,0,1,1,0,1,0,0,0,0,0,0,0,1,0,0,0,1,0,0,0,0,0,0,0,0,0,1,0,0,0,0,0,0,0,1,0,0,1,0,0,0,1,0,0,1,0,0,1,0,0,0,0,0,1,0,9.600962533214572,4.2633832685897595
1163,109.0,8724,4,4,3,5,5,0.0,3,3,4,3,1,4,492,1,0,402,894,4,894,0,0,894,0,0,1,0,3,1,3,7,1,1,3,2,3,3,3,0,0,0,0,0,0,0,0,0,5,129000,11.767575435251748,1788,39,39,0,0,0,0,0,0,0,1,1,1.0,0,0,0,1,1,1,0,0,1,0,0,1,0,0,0,0,0,0,0,0,0,0,0,1,0,1,1,0,0,0,1,0,0,0,0,0,0,0,0,0,0,0,0,0,0,1,0,0,0,0,0,0,0,0,0,1,0,0,0,1,0,1,0,0,0,1,0,0,1,0,0,0,0,0,0,0,0,0,1,9.073947747070628,4.700480365792417
1164,60.0,12900,4,4,3,4,4,0.0,3,3,4,3,3,6,1198,1,0,0,1198,3,1258,0,0,1258,2,0,0,2,0,2,3,7,0,0,1,2,2,3,3,120,0,0,0,0,0,0,0,0,1,108959,11.59873612138334,2576,39,39,0,0,0,0,0,1,0,1,1,1.5,1,0,1,0,1,1,0,0,1,0,0,0,0,0,0,0,0,0,0,1,0,0,0,1,0,1,1,0,0,0,1,0,0,1,0,0,0,0,0,0,0,0,0,1,0,0,0,0,0,0,0,0,0,1,0,0,0,0,0,1,0,1,0,0,0,1,0,0,1,0,0,0,0,1,0,0,0,0,1,9.465060106725137,4.110873864173311
1165,70.04995836802665,16157,3,4,3,5,7,0.0,3,3,4,3,4,5,680,3,391,289,1360,5,1432,0,0,1432,1,0,1,1,2,1,4,7,1,3,1,2,3,3,3,168,180,0,0,0,0,0,0,0,6,194000,12.175618592671356,3140,29,29,0,0,0,0,0,1,0,1,1,1.5,1,0,0,1,0,0,0,1,1,0,0,0,0,0,0,0,0,1,0,0,0,0,0,1,0,1,1,0,0,1,0,0,0,0,0,0,0,0,0,0,0,0,0,1,0,0,0,0,0,0,0,0,0,1,0,0,0,0,0,1,0,0,0,1,0,1,0,0,1,0,0,0,0,0,0,0,0,0,1,9.690170562039654,4.2633832685897595
1166,79.0,9541,3,4,3,7,5,268.0,4,3,4,3,1,1,0,1,0,1502,1502,5,1502,0,0,1502,0,0,2,0,3,1,4,7,0,0,2,2,3,3,3,0,114,0,0,0,0,0,0,0,9,233170,12.359527368950229,3118,0,0,0,0,0,0,0,0,0,1,1,1.0,0,1,0,0,0,0,0,0,1,0,0,1,0,0,0,0,0,0,0,0,0,0,0,1,0,1,1,0,0,0,1,0,0,0,0,0,0,0,0,0,0,0,0,0,0,1,0,0,0,0,0,0,0,0,0,1,0,0,0,0,1,0,0,1,0,1,0,0,1,0,0,0,0,0,0,0,0,0,1,9.163458386076051,4.382026634673881
1167,64.0,10475,3,4,3,8,5,72.0,4,3,4,3,3,1,0,1,0,1694,1694,5,1694,0,0,1694,0,0,2,0,3,1,4,7,0,0,2,3,3,3,3,160,33,0,0,0,0,0,0,0,2,245350,12.41044511731981,3581,2,2,0,0,0,0,0,0,0,1,1,1.0,0,0,0,1,1,0,1,0,0,0,0,1,0,0,0,0,0,0,0,0,0,0,0,1,0,1,1,0,0,0,0,0,0,0,0,0,0,0,0,0,0,0,0,0,0,1,0,0,0,0,0,0,0,0,0,1,0,0,0,0,1,0,0,1,0,1,0,0,1,0,0,0,0,0,0,0,0,0,1,9.256842205627603,4.174387269895637
1168,58.0,10852,3,4,3,6,5,0.0,3,3,4,3,1,6,786,1,0,173,959,5,959,712,0,1671,1,0,2,1,3,1,3,7,1,3,3,2,3,3,3,0,38,0,0,0,0,0,0,0,2,173000,12.06105265381003,2668,6,6,0,0,0,0,0,0,1,1,1,2.0,0,0,0,1,0,0,0,1,0,0,0,0,0,0,1,0,0,0,0,0,0,0,0,1,0,1,1,0,0,0,1,0,0,0,0,0,0,0,0,0,0,0,0,0,0,1,0,0,0,0,0,0,0,0,0,1,0,0,0,1,0,0,0,1,0,1,0,0,1,0,0,0,0,0,0,0,0,0,1,9.292196818446016,4.07753744390572
1169,120.0,13728,4,4,3,6,7,0.0,3,3,3,3,1,3,626,1,0,501,1127,5,1236,872,0,2108,0,0,2,0,4,1,4,7,2,3,1,2,3,3,3,0,0,0,0,90,0,0,0,0,7,235000,12.367345048436391,3325,73,22,1,0,0,0,0,0,0,1,1,2.0,0,0,0,1,1,1,1,0,0,0,0,0,0,0,0,1,0,0,0,0,0,0,0,1,0,1,1,0,0,0,0,0,0,0,0,0,1,0,0,0,0,0,0,0,1,0,0,0,0,0,0,0,0,0,1,0,0,0,0,1,0,1,0,0,0,1,0,0,1,1,0,0,0,0,0,0,0,0,1,9.527265662897605,4.795790545596741
1170,118.0,35760,3,4,3,10,5,1378.0,4,4,5,3,4,6,1387,1,0,543,1930,5,1831,1796,0,3627,1,0,3,1,4,1,4,7,1,3,3,3,3,3,3,361,76,0,0,0,0,0,0,0,7,625000,13.34550852871726,5994,11,10,1,0,0,0,0,0,0,1,1,2.0,0,0,0,1,1,1,1,1,0,0,0,0,0,0,1,0,0,0,0,0,0,0,0,1,0,1,1,0,1,0,0,0,0,0,0,0,1,0,0,0,1,0,0,0,0,0,0,0,0,0,1,0,0,0,0,0,0,0,1,0,0,0,0,1,0,1,0,0,1,0,0,0,0,0,0,0,0,0,1,10.484613193102275,4.77912349311153
1171,76.0,9880,4,4,3,6,6,0.0,3,3,3,3,3,5,522,1,0,574,1096,3,1118,0,0,1118,1,0,1,0,3,1,3,7,1,1,3,1,3,3,3,203,0,0,0,0,576,4,4,0,7,171000,12.049424683420916,2417,31,31,0,1,0,0,0,0,0,1,1,1.5,1,0,0,1,1,1,0,1,0,0,0,0,0,0,0,0,0,1,0,0,0,0,0,1,0,1,1,0,0,0,1,0,0,0,0,0,0,0,0,0,0,0,0,1,0,0,0,0,0,0,0,0,0,1,0,0,0,0,0,1,0,1,0,0,0,1,0,0,1,0,0,0,0,0,0,0,0,0,1,9.198369000194964,4.343805421853684
1172,76.0,9120,4,4,3,6,6,0.0,3,3,3,3,1,5,662,1,0,599,1261,5,1261,0,0,1261,1,0,1,0,3,1,3,7,1,3,2,2,3,3,3,0,0,0,0,288,0,0,0,1400,11,163000,12.001511614739403,2810,50,50,0,0,1,0,0,0,0,1,1,1.0,0,0,0,1,0,0,1,1,0,0,0,1,0,0,0,0,0,0,0,0,0,0,0,1,0,1,1,0,0,0,1,0,0,0,0,0,1,0,0,0,0,1,0,0,0,0,0,0,0,0,0,1,0,0,0,0,0,0,0,1,0,1,0,0,0,1,0,0,1,0,0,0,0,0,0,1,0,0,1,9.118334726180159,4.343805421853684
1173,35.0,4017,3,4,3,7,5,0.0,4,3,4,3,1,1,0,1,0,625,625,5,625,625,0,1250,0,0,2,1,2,1,4,7,0,0,3,2,3,3,3,0,54,0,0,0,0,0,0,0,3,171900,12.05467400868968,1929,2,1,1,0,0,0,0,0,0,1,1,2.0,0,0,0,1,1,0,1,0,1,1,0,0,0,0,0,0,0,0,0,0,0,0,0,0,0,1,0,1,0,0,1,0,0,0,0,1,0,0,0,0,0,1,0,0,0,0,0,0,0,0,0,1,0,0,0,0,0,0,0,1,0,0,0,1,0,1,0,0,1,0,0,1,0,0,0,0,0,0,1,8.29853954537488,3.58351893845611
1174,138.0,18030,3,4,3,5,6,0.0,3,3,3,3,1,3,152,4,469,977,1598,3,1636,971,479,3086,0,0,3,0,3,1,5,3,1,4,0,0,0,0,3,122,0,0,0,0,0,0,3,0,3,200500,12.208574513247497,4806,61,13,1,0,0,1,0,0,0,1,1,1.5,0,0,0,1,0,0,1,0,0,0,0,0,0,1,0,0,0,0,0,0,0,0,0,1,0,1,1,0,0,0,1,0,0,0,0,0,0,0,0,0,0,1,0,0,0,0,0,0,0,0,0,1,0,0,0,0,0,0,0,1,0,1,0,0,0,1,0,0,1,0,0,0,1,0,0,0,0,0,0,9.799847777776368,4.9344739331306915
1175,80.0,16560,3,4,3,6,8,0.0,3,3,4,3,1,3,503,1,0,449,952,3,1170,1175,0,2345,0,0,2,1,4,1,3,7,1,4,1,2,3,3,3,0,0,0,0,0,0,0,0,0,7,239000,12.384223015005311,3297,74,56,1,0,0,0,0,0,0,1,1,2.0,0,0,0,1,0,1,1,0,0,0,0,0,0,0,0,1,0,0,0,0,0,0,0,1,0,1,1,0,0,0,1,0,0,0,0,0,0,0,0,0,0,0,0,0,0,0,1,0,0,0,0,0,0,0,0,0,1,0,0,1,0,0,0,0,0,1,0,0,1,0,0,1,0,0,0,0,0,0,1,9.714805812589491,4.394449154672439
1176,85.0,10678,4,4,3,8,5,337.0,4,3,4,3,1,6,700,1,0,983,1683,5,2129,743,0,2872,0,0,2,1,4,1,4,7,1,3,3,2,3,3,3,0,33,0,0,0,0,0,0,0,4,285000,12.560247968016562,4588,15,7,1,0,0,0,0,0,0,1,1,1.5,0,0,0,1,1,1,1,1,0,0,0,0,0,1,0,0,0,0,0,0,0,0,0,1,0,1,1,0,0,0,1,0,0,0,0,0,1,0,0,0,1,0,0,0,0,0,0,0,0,0,1,0,0,0,0,0,0,0,1,0,0,0,0,1,0,1,0,0,1,0,0,0,0,0,0,0,0,0,1,9.276034475171546,4.454347296253507
1177,37.0,6951,3,4,3,5,5,0.0,3,3,3,3,1,5,658,1,0,218,876,3,923,0,0,923,1,0,1,0,3,1,3,7,0,0,1,1,3,3,3,362,0,0,0,0,0,0,3,0,10,119500,11.691080018519528,2161,24,23,1,0,0,0,0,0,0,1,1,1.0,0,0,0,1,1,1,0,1,0,0,0,1,0,0,0,0,0,0,0,0,0,0,0,1,0,1,1,0,1,0,0,0,0,0,0,0,0,0,0,0,1,0,0,0,0,0,0,0,0,0,0,0,0,1,0,0,0,0,0,1,0,1,0,0,0,1,0,0,1,0,0,0,0,0,0,0,0,0,1,8.846784666945227,3.6375861597263857
1178,70.04995836802665,3950,4,4,3,6,8,0.0,3,3,3,3,1,3,468,1,0,350,818,3,818,406,0,1224,0,0,1,0,3,1,3,7,0,0,1,1,3,3,1,0,0,116,0,0,0,0,0,0,12,115000,11.652696102959752,2158,83,5,1,0,0,1,0,1,0,1,1,1.5,0,0,0,1,1,0,0,0,1,0,0,0,0,1,0,0,0,0,0,0,0,0,0,0,1,1,0,0,0,0,1,0,0,0,0,0,0,0,0,0,0,1,0,0,0,0,0,0,0,0,0,1,0,0,0,0,0,0,0,1,0,1,0,0,0,1,0,0,1,0,0,1,0,0,0,0,0,0,0,8.281723990411392,4.2633832685897595
1179,54.0,7681,3,4,3,5,6,0.0,3,3,3,3,1,1,0,1,0,731,731,5,820,523,0,1343,0,0,1,1,3,1,3,7,1,4,1,1,2,3,3,192,0,102,0,0,0,0,0,0,7,154900,11.950541482162045,2368,88,59,1,0,0,0,0,0,0,1,1,1.5,0,0,0,1,0,1,1,0,0,0,0,0,0,1,0,0,0,0,0,0,0,0,0,1,0,1,1,0,0,1,0,0,0,0,0,0,0,0,0,0,0,0,0,0,0,0,1,0,0,0,0,0,0,0,0,0,1,0,0,1,0,0,0,0,0,1,0,0,1,0,0,1,0,0,0,0,0,0,1,8.94663520890585,4.007333185232471
1180,77.0,8335,4,4,3,5,5,0.0,3,3,0,0,0,0,0,0,0,0,0,4,1124,0,0,1124,0,0,1,0,3,1,3,5,1,4,0,0,0,0,1,0,36,190,0,0,0,0,0,0,4,93000,11.440365524765756,1350,52,52,0,0,0,0,0,0,0,1,1,1.0,0,0,0,1,1,1,1,0,0,0,0,1,0,0,0,0,0,0,0,0,0,0,0,1,0,1,1,0,0,0,0,0,0,0,0,0,0,0,0,0,0,0,0,0,0,0,1,0,0,0,0,0,0,0,0,0,1,0,0,1,0,0,0,0,1,1,0,0,1,0,0,0,1,0,0,0,0,0,1,9.028338763993148,4.356708826689592
1181,70.04995836802665,11170,2,4,3,7,5,0.0,3,3,4,3,1,2,1216,1,0,0,1216,5,1298,1216,0,2514,0,0,2,1,4,1,3,7,0,0,3,2,3,3,3,0,0,0,0,0,0,0,4,0,4,250000,12.429220196836384,3730,16,15,1,0,0,0,0,0,0,1,1,2.0,0,0,0,1,1,1,1,0,1,0,0,0,0,0,1,0,0,0,0,0,0,0,0,1,0,1,1,0,0,0,0,0,0,0,0,0,0,0,0,0,0,1,0,0,0,0,0,0,0,0,0,1,0,0,0,0,0,0,0,1,0,0,1,0,0,1,0,0,1,0,0,0,0,0,0,0,0,0,1,9.321076413570848,4.2633832685897595
1182,64.0,5587,3,4,2,8,5,186.0,5,3,5,3,4,6,1480,1,0,120,1600,5,1652,0,0,1652,1,1,2,0,2,1,4,7,1,4,3,2,3,3,3,162,53,0,153,0,0,0,0,0,11,392500,12.880294363972055,3620,0,0,0,0,0,1,0,0,0,1,1,1.0,0,1,0,0,0,1,1,0,0,0,0,0,0,0,0,0,0,0,0,0,0,0,0,0,1,1,1,0,0,0,1,0,0,0,0,1,1,0,0,1,0,0,0,0,0,0,0,0,0,1,0,0,0,0,0,0,0,0,0,0,1,0,0,1,0,1,0,0,1,0,0,0,0,0,0,0,1,0,0,8.628376720376853,4.174387269895637
1184,60.0,10800,4,4,3,5,6,0.0,3,3,3,3,1,3,821,1,0,299,1120,5,1130,0,0,1130,1,0,1,0,2,1,3,7,1,4,1,2,3,3,3,229,0,0,0,0,0,0,0,0,6,120000,11.695255355062796,2479,86,56,1,0,0,0,0,0,0,1,1,1.0,0,0,0,1,1,0,0,0,1,0,0,0,1,0,0,0,0,0,0,0,0,0,0,1,0,1,0,0,0,0,1,0,0,0,0,0,1,0,0,0,0,0,0,0,1,0,0,0,0,0,0,0,0,0,1,0,0,0,0,1,0,0,0,0,0,1,0,0,1,0,0,1,0,0,0,0,0,0,1,9.287394001418473,4.110873864173311
1185,50.0,35133,4,4,2,5,4,226.0,3,3,3,3,4,3,1159,1,0,413,1572,4,1572,0,0,1572,1,0,1,1,3,1,3,7,2,3,2,3,3,3,3,0,263,0,0,263,0,0,0,0,5,186700,12.137263685701864,3670,44,44,0,0,0,0,0,0,0,1,1,1.0,0,0,0,1,1,1,1,0,1,0,0,1,0,0,0,0,0,0,0,0,0,0,0,1,0,0,1,0,0,0,1,0,0,0,0,0,1,0,0,0,0,1,0,0,0,0,0,0,0,0,0,1,0,0,0,0,0,0,1,0,0,1,0,0,0,1,0,0,1,0,0,0,0,1,0,0,0,0,1,10.466924601573329,3.9318256327243257
1186,60.0,9738,4,4,3,5,7,0.0,3,4,3,3,1,4,392,1,0,392,784,4,949,272,0,1221,1,0,1,0,4,1,3,7,0,0,1,1,3,3,3,0,0,236,0,0,0,0,0,0,3,104900,11.560772327227417,2241,82,56,1,0,0,0,0,0,0,1,1,1.5,0,0,0,1,1,1,1,0,0,0,0,0,0,1,0,0,0,0,0,0,0,0,0,1,0,1,1,0,0,0,1,0,0,0,0,0,0,0,0,0,0,0,0,0,0,0,0,0,0,0,0,0,0,0,0,0,0,0,0,1,0,0,0,0,0,1,0,0,1,0,0,0,0,0,0,0,0,0,1,9.1838937219612,4.110873864173311
1187,107.0,10615,3,4,2,3,5,0.0,3,3,2,3,2,4,440,1,0,538,978,3,1014,685,0,1699,1,0,2,0,3,2,3,7,0,0,1,2,2,2,3,0,74,0,0,0,0,0,0,0,8,95000,11.461642696843066,2751,109,39,1,0,0,1,0,1,0,1,1,2.0,0,0,1,0,1,0,0,0,1,0,1,0,0,0,0,0,0,0,0,0,0,0,0,1,0,1,1,0,0,0,0,0,1,0,0,0,0,0,0,0,1,0,0,0,0,0,0,0,0,0,1,0,0,0,0,0,0,0,0,1,0,1,0,0,0,1,0,0,1,0,0,0,0,1,0,0,0,0,0,9.270117576012044,4.68213122712422
1188,89.0,12461,4,4,3,8,5,0.0,4,3,4,3,1,6,1456,1,0,168,1624,5,1624,0,0,1624,1,0,2,0,2,1,4,7,1,2,2,3,3,3,3,0,114,192,0,0,0,0,4,0,7,262000,12.476103599529845,3554,12,11,1,0,0,0,0,0,0,1,1,1.0,0,0,0,1,1,1,1,1,0,0,0,1,0,0,0,0,0,0,0,0,0,0,0,1,0,1,1,0,0,0,0,0,0,0,0,0,0,0,0,0,0,0,1,0,0,0,0,0,0,0,0,0,1,0,0,0,0,0,0,1,0,0,0,1,0,1,0,0,1,0,0,0,0,0,0,0,0,0,1,9.430439293104167,4.499809670330265
1189,68.0,8935,3,4,3,7,5,95.0,4,3,4,3,1,1,0,1,0,831,831,5,831,829,0,1660,0,0,2,1,3,1,4,7,0,0,2,2,3,3,3,144,68,0,0,0,0,0,0,0,7,195000,12.180759965737863,2703,7,7,0,0,0,0,0,0,0,1,1,2.0,0,0,0,1,1,0,1,0,0,0,0,0,0,0,1,0,0,0,0,0,0,0,0,1,0,1,1,0,0,0,1,0,0,0,0,0,0,0,0,0,0,0,0,0,0,1,0,0,0,0,0,0,0,0,0,1,0,0,1,0,0,0,0,1,0,1,0,0,1,0,0,0,0,0,0,0,0,0,1,9.097843340749037,4.23410650459726
1190,60.0,7500,4,4,3,7,5,0.0,3,3,3,3,1,1,0,1,0,994,994,4,1028,776,0,1804,0,0,2,1,3,1,4,7,1,3,3,2,3,3,3,140,60,0,0,0,0,0,0,0,6,189000,12.149507585033072,2998,11,11,0,0,0,0,0,0,0,1,1,2.0,0,0,0,1,0,0,0,1,0,0,0,0,0,0,1,0,0,0,0,0,0,0,0,1,0,1,1,0,0,0,1,0,0,0,0,0,0,0,0,0,0,0,0,0,0,1,0,0,0,0,0,0,0,0,0,1,0,0,0,1,0,0,0,1,0,1,0,0,1,0,0,0,0,0,0,0,0,0,1,8.922791623969637,4.110873864173311
1191,70.04995836802665,32463,4,4,2,4,4,149.0,3,4,3,3,3,4,1159,1,0,90,1249,5,1622,0,0,1622,1,0,1,0,3,1,3,7,1,3,3,4,3,3,3,439,0,0,0,0,0,0,0,0,3,168000,12.031725210748633,3310,46,32,1,0,0,1,0,0,0,1,1,1.0,0,0,0,1,1,1,0,1,0,0,1,0,0,0,0,0,0,0,0,0,0,0,0,1,0,1,1,0,0,0,1,0,1,0,0,0,0,0,0,0,0,1,0,0,0,0,0,0,0,0,0,1,0,0,0,0,0,0,0,0,1,1,0,0,0,1,0,0,1,0,0,0,0,1,0,0,0,1,0,10.387887062065596,4.2633832685897595
1192,24.0,2645,4,4,3,8,5,456.0,4,3,4,3,1,1,0,1,0,776,776,5,764,677,0,1441,0,0,2,1,2,1,4,7,0,0,1,2,3,3,3,206,0,0,0,0,0,0,0,0,11,174000,12.066816325306588,2423,8,7,1,0,0,0,0,0,0,1,1,2.0,0,0,0,1,1,0,1,0,1,1,0,0,0,0,0,0,0,0,0,0,0,0,0,0,0,1,0,1,0,0,1,0,0,0,1,0,0,0,0,0,0,1,0,0,0,0,0,0,0,0,0,1,0,0,0,0,0,0,1,0,0,0,0,1,0,1,0,0,1,0,0,1,0,0,0,0,0,0,1,7.880804344674901,3.2188758248682006
1193,60.0,9600,4,4,3,5,8,0.0,3,3,3,3,2,1,0,1,0,702,702,4,842,630,0,1472,0,0,1,0,3,1,4,7,0,0,1,1,3,2,2,0,0,84,0,0,0,0,2,0,7,125000,11.736077016252436,2258,82,13,1,0,0,0,0,0,0,1,1,1.5,0,0,0,1,1,0,0,0,1,0,0,0,0,1,0,0,0,0,0,0,0,0,0,0,1,1,0,0,0,0,1,0,0,0,0,0,0,1,0,0,0,0,0,0,0,1,0,0,0,0,0,0,0,0,0,1,0,0,0,1,0,0,0,1,0,1,0,0,1,0,0,1,0,0,0,0,0,0,1,9.169622538697624,4.110873864173311
1194,70.04995836802665,4500,4,4,3,6,5,425.0,3,3,5,3,1,6,883,1,0,341,1224,5,1224,0,0,1224,1,0,2,0,2,1,3,7,0,0,3,2,3,3,3,0,304,0,0,0,0,0,0,0,6,165000,12.013706813470414,2752,10,10,0,0,0,0,0,0,0,1,1,1.0,0,0,0,1,1,1,0,1,0,0,0,0,0,0,0,0,0,0,0,0,0,0,0,0,1,1,1,0,0,1,0,0,0,0,0,1,1,0,0,0,0,0,0,0,0,1,0,0,0,0,0,0,0,0,0,1,0,0,1,0,0,0,0,1,0,1,0,0,1,0,0,0,0,0,0,0,0,0,1,8.412054873292933,4.2633832685897595
1195,80.0,9364,4,4,3,6,7,143.0,3,3,3,3,1,5,371,1,0,292,663,3,663,689,0,1352,0,0,1,1,4,1,3,7,0,0,3,1,3,3,3,379,36,0,0,0,0,0,3,0,3,158000,11.970356641103,2430,41,41,0,0,0,0,0,0,0,1,1,2.0,0,0,0,1,1,1,0,0,1,0,0,0,0,0,1,0,0,0,0,0,0,0,0,1,0,1,1,0,0,0,0,0,0,0,0,0,0,0,0,0,1,0,0,0,0,0,0,0,0,0,1,0,0,0,0,0,0,0,0,0,1,1,0,0,0,1,0,0,1,0,0,0,0,0,0,0,0,0,1,9.144734614878189,4.394449154672439
1196,51.0,8029,3,4,3,6,5,0.0,3,3,4,3,1,1,0,1,0,728,728,5,728,728,0,1456,0,0,2,1,3,1,4,7,0,0,3,2,3,3,3,100,24,0,0,0,0,0,0,0,7,176000,12.07824495582233,2308,3,3,0,0,0,0,0,0,0,1,1,2.0,0,0,0,1,0,0,0,1,0,0,0,0,0,0,1,0,0,0,0,0,0,0,0,1,0,1,1,0,0,0,1,0,0,0,0,0,0,0,0,0,0,0,0,0,0,1,0,0,0,0,0,0,0,0,0,1,0,0,0,1,0,0,0,1,0,1,0,0,1,0,0,0,0,0,0,0,0,0,1,8.990939806940807,3.9512437185814275
1197,58.0,14054,3,4,3,7,5,0.0,4,3,4,3,3,1,0,1,0,879,879,5,879,984,0,1863,0,0,2,1,4,1,4,7,1,4,3,3,3,3,3,100,17,0,0,0,0,0,0,0,11,219210,12.29779001527865,2859,0,0,0,0,0,0,0,0,0,1,1,2.0,0,1,0,0,0,0,0,1,0,0,0,0,0,0,1,0,0,0,0,0,0,0,0,1,0,1,1,0,0,0,1,0,0,0,0,0,0,0,0,0,0,0,0,0,0,1,0,0,0,0,0,0,0,0,0,1,0,0,0,1,0,0,0,1,0,1,0,0,1,0,1,0,0,0,0,0,0,0,1,9.550733483340633,4.07753744390572
1198,65.0,8850,3,4,3,7,6,0.0,3,3,3,3,1,1,0,1,0,815,815,5,815,875,0,1690,0,0,1,0,3,1,3,7,1,4,1,1,3,3,3,0,0,330,0,0,0,0,0,0,7,144000,11.87757552297847,2835,90,56,1,0,0,1,0,0,0,1,1,2.25,0,0,0,1,1,0,0,0,1,0,0,0,0,0,0,0,1,0,0,0,0,0,0,0,1,1,1,0,0,0,0,0,0,0,0,0,0,0,0,0,0,1,0,0,0,0,0,0,0,0,0,1,0,0,0,0,0,0,0,1,0,0,0,0,0,1,0,0,1,0,0,1,0,0,0,0,0,0,0,9.088285725968877,4.189654742026425
1199,70.0,9100,4,4,3,7,5,0.0,4,3,4,3,1,1,0,1,0,1212,1212,5,1212,0,0,1212,0,0,2,0,3,1,4,7,0,0,2,2,3,3,3,356,0,0,0,0,0,0,0,0,6,178000,12.08954444723597,2780,8,8,0,0,0,0,0,0,0,1,1,1.0,0,0,0,1,1,0,1,0,0,0,0,1,0,0,0,0,0,0,0,0,0,0,0,1,0,1,1,0,0,0,1,0,0,0,0,0,0,0,0,0,0,0,0,0,0,1,0,0,0,0,0,0,0,0,0,1,0,0,0,1,0,0,0,1,0,1,0,0,1,0,0,0,0,0,0,0,0,0,1,9.116139576577355,4.2626798770413155
1200,75.0,11235,4,4,3,4,5,51.0,3,3,3,3,1,3,547,1,0,504,1051,4,1382,0,0,1382,0,0,1,1,3,1,3,7,1,1,1,2,3,3,3,0,82,0,0,0,0,0,0,0,10,148000,11.904974309480185,2515,43,27,1,0,0,0,0,0,0,1,1,1.0,0,0,0,1,1,1,0,0,1,0,0,1,0,0,0,0,0,0,0,0,0,0,0,1,0,1,1,0,0,0,1,0,0,0,0,0,0,0,0,0,1,0,0,0,0,0,0,0,0,0,1,0,0,0,0,0,0,0,1,0,0,1,0,0,0,1,0,0,1,0,0,0,0,0,0,0,0,0,1,9.326878188224134,4.330733340286331
1201,71.0,9353,4,4,3,4,5,0.0,3,3,3,3,1,1,0,1,0,864,864,4,864,0,0,864,0,0,1,0,3,1,3,7,0,0,1,1,3,3,3,0,0,0,0,0,0,0,0,0,7,116050,11.6617850286409,1728,36,36,0,0,0,0,0,0,0,1,1,1.0,0,0,1,0,0,0,1,1,0,0,0,1,0,0,0,0,0,0,0,0,0,0,0,1,0,1,1,0,0,0,1,0,0,0,0,0,0,0,0,0,0,1,0,0,0,0,0,0,0,0,0,1,0,0,0,0,0,0,0,1,0,1,0,0,0,1,0,0,1,0,0,0,0,0,0,1,0,0,1,9.143559338285831,4.276666119016055
1202,80.0,10400,4,4,3,7,5,0.0,3,3,4,3,3,1,0,1,0,866,866,5,866,913,0,1779,0,0,2,1,3,1,4,7,0,0,2,2,3,3,3,198,36,0,0,0,0,0,0,0,3,197900,12.19552218463499,2879,11,11,0,0,0,0,0,0,0,1,1,2.0,0,0,0,1,1,0,1,0,0,0,0,0,0,0,1,0,0,0,0,0,0,0,0,1,0,1,1,0,0,0,0,0,0,0,0,0,0,0,0,0,0,0,0,0,0,1,0,0,0,0,0,0,0,0,0,1,0,0,0,1,0,0,0,1,0,1,0,0,1,0,0,0,0,0,0,0,0,0,1,9.249657234353133,4.394449154672439
1203,50.0,6000,4,4,3,5,8,0.0,3,3,3,3,1,1,0,1,0,884,884,5,884,464,0,1348,1,0,1,0,3,1,3,7,1,2,1,1,3,3,1,0,0,208,0,0,0,0,0,0,5,117000,11.669937760751914,2440,84,12,1,0,0,0,0,0,0,1,1,1.5,0,0,0,1,1,1,0,0,0,0,0,0,0,1,0,0,0,0,0,0,0,0,0,0,1,1,1,0,0,0,0,0,0,0,0,0,0,0,0,0,0,0,0,0,0,0,1,0,0,0,0,0,0,0,0,0,1,0,0,1,0,0,0,0,0,1,0,0,1,0,0,1,0,0,0,0,0,0,1,8.699681400989514,3.9318256327243257
1204,75.0,9750,4,4,3,7,5,171.0,4,3,4,3,1,1,0,1,0,1630,1630,5,1630,0,0,1630,0,0,2,0,3,1,4,7,1,3,1,2,3,3,3,74,234,0,0,0,0,0,0,0,10,213000,12.269052139516225,3568,9,8,1,0,0,0,0,0,0,1,1,1.0,0,0,0,1,1,0,1,0,0,0,0,1,0,0,0,0,0,0,0,0,0,0,0,1,0,1,1,0,0,0,1,0,0,0,0,0,0,0,0,0,0,0,0,0,0,1,0,0,0,0,0,0,0,0,0,1,0,0,1,0,0,0,0,1,0,1,0,0,1,0,0,0,0,0,0,0,0,0,1,9.18512512283512,4.330733340286331
1205,78.0,10140,4,4,3,5,6,0.0,3,3,4,3,1,5,788,1,0,268,1056,5,1074,0,0,1074,1,0,1,1,3,1,3,7,0,0,2,2,3,3,3,0,88,0,0,0,0,0,3,0,7,153500,11.941462360646147,2218,31,31,0,0,0,0,0,0,0,1,1,1.0,0,0,0,1,0,1,1,1,0,0,0,1,0,0,0,0,0,0,0,0,0,0,0,1,0,1,1,0,0,0,1,0,0,0,0,0,0,0,0,0,1,0,0,0,0,0,0,0,0,0,1,0,0,0,0,0,0,0,0,1,0,1,0,0,0,1,0,0,1,0,0,0,0,0,0,0,0,0,1,9.224341891611996,4.3694478524670215
1206,90.0,14684,3,4,3,7,7,234.0,4,3,4,3,2,5,485,4,177,1496,2052,4,2196,0,0,2196,0,0,2,0,3,1,4,7,1,3,2,3,3,3,3,84,70,0,0,0,0,0,0,0,6,271900,12.513193308436527,4402,19,18,1,0,0,0,0,0,0,1,1,1.0,0,0,0,1,0,0,1,0,1,0,0,1,0,0,0,0,0,0,0,0,0,0,0,1,0,1,1,0,1,0,0,0,0,0,0,0,1,0,0,0,1,0,0,0,0,0,0,0,0,0,1,0,0,0,0,0,0,0,1,0,0,1,0,0,0,1,0,0,1,0,0,0,0,0,0,0,0,0,1,9.59458184363272,4.51085950651685
1207,70.04995836802665,8900,4,4,3,4,4,0.0,3,3,3,3,1,3,1056,1,0,0,1056,3,1056,0,0,1056,1,0,1,0,2,1,3,7,0,0,1,1,3,3,3,0,42,0,0,0,0,0,3,0,11,107000,11.580593459194764,2154,40,40,0,0,0,0,0,0,0,1,1,1.0,0,0,0,1,0,0,1,0,1,0,0,1,0,0,0,0,0,0,0,0,0,0,1,0,0,1,1,0,0,0,1,0,0,0,0,0,0,0,0,0,1,0,0,0,0,0,0,0,0,0,1,0,0,0,0,0,0,0,0,1,0,1,0,0,0,1,0,0,1,0,0,1,0,0,0,0,0,0,1,9.093918908958932,4.2633832685897595
1208,70.0,9135,4,4,3,6,5,120.0,4,3,4,3,3,6,340,1,0,1342,1682,5,1700,0,0,1700,1,0,2,0,3,1,4,7,0,0,2,2,3,3,3,192,23,0,0,0,0,0,0,0,5,200000,12.206077645517674,3597,3,3,0,0,0,0,0,0,0,1,1,1.0,0,0,0,1,1,0,1,0,0,0,0,1,0,0,0,0,0,0,0,0,0,0,0,1,0,1,1,0,0,0,1,0,0,0,0,0,0,0,0,0,0,0,0,0,0,1,0,0,0,0,0,0,0,0,0,1,0,0,1,0,0,0,0,1,0,1,0,0,1,0,0,0,0,0,0,0,0,0,1,9.119977931895791,4.2626798770413155
1209,70.0,7763,4,4,3,5,7,0.0,3,4,3,3,1,3,504,4,108,319,931,3,1283,0,0,1283,1,0,1,0,3,1,3,7,0,0,1,2,3,3,3,0,0,0,0,0,0,0,0,0,10,140000,11.849404844423074,2214,46,28,1,0,0,0,0,0,0,1,1,1.0,0,0,0,1,0,0,1,1,0,0,0,1,0,0,0,0,0,0,0,0,0,0,0,1,0,1,1,0,0,0,1,0,0,0,0,0,0,0,0,0,0,1,0,0,0,0,0,0,0,0,0,1,0,0,0,0,0,0,0,1,0,1,0,0,0,1,0,0,1,0,0,1,0,0,0,0,0,0,1,8.957252944288902,4.2626798770413155
1210,85.0,10182,3,4,3,8,5,420.0,4,3,5,3,2,6,1220,1,0,440,1660,5,1660,0,0,1660,1,0,2,0,3,1,4,7,1,4,2,2,3,3,3,322,50,0,0,0,0,0,0,0,5,290000,12.577639650232571,3692,0,0,0,0,0,0,0,0,1,1,1,1.0,0,1,0,0,1,0,1,0,1,0,0,1,0,0,0,0,0,0,0,0,0,0,0,1,0,1,1,0,1,0,0,0,0,0,0,0,1,0,0,0,0,0,0,0,0,1,0,0,0,0,0,0,0,0,0,1,0,0,0,0,1,0,0,1,0,1,0,0,1,0,0,0,0,0,0,0,0,0,1,9.228474942171665,4.454347296253507
1211,70.0,11218,4,4,3,6,5,0.0,4,3,4,3,1,1,0,1,0,1055,1055,5,1055,790,0,1845,0,0,2,1,3,1,4,7,1,3,2,2,3,3,3,635,104,0,0,0,0,0,4,400,5,189000,12.149507585033072,3639,18,18,0,0,1,0,0,0,0,1,1,2.0,0,0,0,1,0,0,1,0,1,0,0,0,0,0,1,0,0,0,0,0,0,0,0,1,0,1,1,0,0,0,1,0,0,0,0,0,0,0,0,0,0,0,0,0,0,0,1,0,0,0,0,0,0,0,0,0,1,0,0,1,0,0,0,1,0,1,0,0,1,0,0,0,0,0,0,1,0,0,1,9.325364048544964,4.2626798770413155
1212,152.0,12134,3,4,2,8,7,0.0,4,3,4,3,3,6,427,1,0,132,559,4,1080,672,0,1752,0,0,2,0,4,1,3,7,0,0,2,2,3,3,3,325,12,0,0,0,0,0,0,0,6,164000,12.00762780434872,2648,22,5,1,0,0,1,0,0,0,1,1,1.5,0,0,0,1,0,0,0,1,0,0,0,0,0,1,0,0,0,0,0,0,0,0,0,1,0,1,1,0,0,0,1,0,0,0,0,0,0,0,0,0,0,0,0,0,0,0,1,0,0,0,0,0,0,0,0,0,1,0,0,1,0,0,1,0,0,1,0,0,1,1,0,0,0,0,0,0,0,0,0,9.403849118160702,5.030437921392435
1213,50.0,9340,4,4,3,4,6,0.0,3,3,3,3,1,3,344,1,0,328,672,3,672,0,0,672,1,0,1,0,2,1,3,7,0,0,1,1,3,3,1,0,113,0,0,0,0,0,0,0,8,113000,11.635151947212842,1457,68,59,1,0,0,0,0,0,0,1,1,1.0,0,0,0,1,1,1,1,0,0,0,0,0,1,0,0,0,0,0,0,0,0,0,0,1,0,1,1,0,0,0,1,0,0,0,0,0,1,0,0,0,0,1,0,0,0,0,0,0,0,0,0,1,0,0,0,0,0,0,0,1,0,1,0,0,0,1,0,0,1,0,0,0,0,0,0,0,0,0,1,9.14216859187285,3.9318256327243257
1214,70.04995836802665,10246,3,4,3,4,9,0.0,3,4,3,4,3,6,648,1,0,0,648,5,960,0,0,960,1,1,0,0,0,1,3,7,0,0,1,1,3,3,3,88,0,0,0,0,0,0,0,0,5,145000,11.884495917930655,1696,41,5,1,0,0,0,0,0,0,1,1,1.5,1,0,0,1,1,1,0,0,1,0,0,0,0,0,0,0,0,1,0,0,0,0,0,1,0,1,1,0,1,0,0,0,0,0,0,0,0,0,0,0,0,0,0,0,0,1,0,0,0,0,0,0,0,0,0,1,0,0,0,1,0,1,0,0,0,1,0,0,1,0,0,0,0,0,0,0,0,0,1,9.234740258799718,4.2633832685897595
1215,69.0,10205,3,4,3,5,5,0.0,3,3,3,3,3,4,784,1,0,141,925,3,999,0,0,999,1,0,1,0,3,1,3,7,0,0,1,1,3,3,3,150,72,0,0,0,0,0,0,0,5,134500,11.80932691294063,2146,44,44,0,0,0,0,0,0,0,1,1,1.5,1,0,0,1,0,0,1,1,0,0,0,0,0,0,0,0,0,0,1,0,0,0,0,1,0,1,1,0,0,0,1,0,0,0,0,0,0,0,0,0,0,1,0,0,0,0,0,0,0,0,0,1,0,0,0,0,0,0,0,1,0,1,0,0,0,1,0,0,1,0,0,0,0,0,0,0,0,0,1,9.230731061623917,4.248495242049359
1216,99.0,7094,3,4,3,5,5,0.0,3,3,3,3,1,3,180,2,374,340,894,3,894,0,0,894,0,0,1,0,3,1,3,7,0,0,2,1,3,3,3,0,0,0,0,0,0,0,3,0,5,125000,11.736077016252436,1788,41,41,0,0,0,0,0,0,0,1,1,1.0,0,0,0,1,1,1,0,0,1,0,0,1,0,0,0,0,0,0,0,0,0,0,0,1,0,1,1,0,0,0,1,0,0,0,0,0,0,0,0,0,0,0,0,0,0,1,0,0,0,0,0,0,0,0,0,1,0,0,0,1,0,1,0,0,0,1,0,0,1,0,0,1,0,0,0,0,0,0,1,8.867145589594143,4.605170185988092
1217,68.0,8930,4,4,3,6,5,0.0,3,3,0,0,0,0,0,0,0,0,0,3,1318,584,0,1902,0,0,2,0,4,2,3,7,0,0,1,2,3,3,3,0,0,0,0,0,0,0,0,0,4,112000,11.6262630788088,1902,32,32,0,0,0,0,0,0,1,1,1,1.5,0,0,0,1,1,1,0,0,1,0,0,0,0,0,0,0,0,0,0,1,0,0,0,0,1,1,1,0,0,0,1,0,0,1,0,0,0,0,0,0,0,0,0,0,0,1,0,0,0,0,0,0,0,0,0,1,0,0,0,1,0,0,0,0,1,1,0,0,1,0,0,0,0,0,0,0,0,0,1,9.097283649683886,4.23410650459726
1218,72.0,8640,4,4,3,8,5,72.0,4,3,4,3,2,6,936,1,0,364,1300,5,1314,0,0,1314,1,0,2,0,3,1,4,7,0,0,2,2,3,3,3,135,112,0,0,0,0,0,0,0,9,229456,12.343470927093518,2861,0,0,0,0,0,0,0,0,0,1,1,1.0,0,1,0,0,1,0,1,0,1,0,0,1,0,0,0,0,0,0,0,0,0,0,0,0,0,1,1,0,0,0,1,0,0,0,0,0,0,0,0,1,0,0,0,0,0,0,0,0,0,1,0,0,0,0,0,0,0,0,0,0,1,0,0,1,0,1,0,0,1,0,0,0,0,0,0,0,0,0,1,9.0642735958414,4.290459441148391
1219,52.0,6240,4,4,3,4,5,0.0,3,3,0,0,0,0,0,0,0,0,0,4,672,240,0,912,0,0,1,0,2,1,3,7,0,0,0,0,0,0,1,0,0,0,0,0,0,0,0,0,7,80500,11.296024885689746,912,59,56,1,0,0,0,0,0,0,1,1,1.5,0,0,0,1,1,1,0,0,0,0,0,0,0,1,0,0,0,0,0,0,0,0,0,0,1,1,1,0,0,0,1,0,0,0,0,0,0,0,0,0,0,0,0,0,0,0,0,0,0,0,0,0,0,0,0,0,0,0,0,1,0,0,0,0,1,0,0,0,1,0,0,0,1,0,0,0,0,0,1,8.738895704934043,3.970291913552122
1220,21.0,1680,4,4,3,6,5,236.0,3,3,3,3,1,1,0,1,0,672,672,3,672,546,0,1218,0,0,1,1,3,1,3,7,0,0,0,0,0,0,1,201,0,0,0,0,0,0,0,0,4,91500,11.42410518016564,2091,35,35,0,0,0,0,0,0,0,1,1,2.0,0,0,1,0,0,1,0,0,0,1,0,0,0,0,0,0,0,0,0,0,0,0,0,0,1,1,1,0,0,0,1,0,0,0,1,0,0,0,0,1,0,0,0,0,0,0,0,0,0,1,0,0,0,0,0,0,0,0,1,0,0,1,0,0,0,1,0,0,1,0,0,0,1,0,0,0,0,0,1,7.427144133408616,3.091042453358316
1221,66.0,7800,3,4,3,5,5,0.0,3,3,3,3,1,3,312,2,600,0,912,3,912,0,0,912,0,0,1,0,2,1,3,7,0,0,1,1,3,3,3,0,0,0,0,0,0,0,0,0,11,115000,11.652696102959752,1824,42,42,0,0,0,0,0,0,0,1,1,1.0,0,0,1,0,0,0,1,1,0,0,0,1,0,0,0,0,0,0,0,0,0,0,0,1,0,1,1,0,0,0,1,0,0,0,0,0,0,0,0,0,0,0,0,0,0,0,1,0,0,0,0,0,0,0,0,0,1,0,0,1,0,1,0,0,0,1,0,0,1,0,0,0,0,0,0,0,0,0,1,8.962007209588313,4.204692619390966
1222,55.0,8250,4,4,3,5,5,0.0,3,3,3,3,1,4,250,2,492,210,952,5,1211,0,0,1211,0,0,1,0,3,1,3,7,1,3,1,1,3,3,3,0,63,0,0,0,0,0,0,0,8,134000,11.80560254159177,2226,40,40,0,0,0,0,0,1,0,1,1,1.0,0,0,0,1,1,1,0,0,1,0,0,1,0,0,0,0,0,0,0,0,0,0,0,1,0,1,1,0,0,0,1,0,0,0,0,0,1,0,0,0,1,0,0,0,0,0,0,0,0,0,1,0,0,0,0,0,0,0,0,1,0,1,0,0,0,1,0,0,1,0,0,0,0,0,0,0,0,0,1,9.018089684104343,4.02535169073515
1223,78.0,10496,4,4,3,6,6,320.0,3,3,3,3,2,3,196,1,0,844,1040,5,1168,678,0,1846,0,0,2,0,3,1,3,7,1,4,1,1,3,3,3,0,0,0,0,0,0,0,2,0,1,143000,11.870606902224589,2886,58,57,1,0,0,0,0,1,0,1,1,1.5,0,0,0,1,0,0,1,1,0,0,0,0,0,1,0,0,0,0,0,0,0,0,0,1,0,1,1,0,0,0,1,0,0,0,0,0,0,0,0,0,0,0,0,0,0,0,1,0,0,0,0,0,0,0,0,0,1,0,1,0,0,1,0,0,0,1,0,0,1,0,0,0,0,0,0,0,0,0,1,9.258844781035798,4.3694478524670215
1224,89.0,10680,4,4,3,5,3,44.0,3,3,3,2,1,2,756,1,0,1380,2052,3,2136,0,0,2136,0,0,2,0,4,1,3,4,0,0,1,2,3,3,3,0,30,0,0,0,0,0,3,0,10,137900,11.834291315386718,4218,55,55,0,0,0,0,0,0,0,1,1,1.0,0,0,0,1,0,0,1,1,0,0,0,1,0,0,0,0,0,0,0,0,0,0,0,1,0,1,1,0,0,0,1,0,0,0,0,0,1,0,0,0,0,0,0,0,0,0,1,0,0,0,0,0,0,0,0,0,1,0,1,0,0,1,0,0,0,0,0,0,0,0,0,1,0,0,0,0,0,0,1,9.276221741089696,4.499809670330265
1225,60.0,15384,3,4,3,7,5,0.0,4,3,4,3,3,6,724,1,0,64,788,5,788,702,0,1490,1,0,2,1,3,1,4,7,1,4,3,2,3,3,3,100,75,0,0,0,0,0,0,0,2,184000,12.122696471358964,2453,4,3,1,0,0,0,0,0,1,1,1,2.0,0,0,0,1,0,0,0,1,0,0,0,0,0,0,1,0,0,0,0,0,0,0,0,1,0,1,1,0,0,0,1,0,0,0,0,0,0,0,0,0,0,0,0,0,0,1,0,0,0,0,0,0,0,0,0,1,0,0,0,1,0,0,0,1,0,1,0,0,1,0,0,0,0,0,0,0,0,0,1,9.641148287756142,4.110873864173311
1226,65.0,10482,4,4,3,6,8,63.0,3,4,3,3,3,6,507,1,0,81,588,5,1138,0,0,1138,0,1,1,0,3,1,3,7,0,0,2,1,3,3,3,224,0,0,0,0,0,0,1,0,6,145000,11.884495917930655,1950,49,49,0,0,0,0,0,0,0,1,1,1.5,1,0,0,1,0,0,1,1,0,0,0,0,0,0,0,0,0,1,0,0,0,0,0,1,0,1,1,0,0,0,1,0,0,0,0,0,1,0,0,0,0,0,0,0,0,1,0,0,0,0,0,0,0,0,0,1,0,0,1,0,0,1,0,0,0,1,0,0,1,0,0,0,0,0,0,0,0,0,1,9.257510176452573,4.189654742026425
1227,86.0,14598,3,4,3,6,5,74.0,4,3,4,3,2,1,0,1,0,894,894,5,894,1039,0,1933,0,0,2,1,4,1,4,7,1,4,3,3,3,3,3,100,18,0,0,0,0,0,0,0,1,214000,12.273735966890268,2945,1,1,0,0,0,0,0,1,0,1,1,2.0,0,0,0,1,1,0,1,0,1,0,0,0,0,0,1,0,0,0,0,0,0,0,0,1,0,1,1,0,1,0,0,0,0,0,0,0,0,0,0,0,0,0,0,0,0,1,0,0,0,0,0,0,0,0,0,1,0,0,0,0,1,0,0,1,0,1,0,0,1,0,1,0,0,0,0,0,0,0,1,9.58870831219998,4.465908118654584
1228,72.0,8872,4,4,3,5,8,300.0,3,3,3,3,1,5,595,1,0,317,912,5,912,0,0,912,1,0,1,0,2,1,4,7,0,0,1,2,3,3,3,0,240,0,0,0,0,0,0,0,12,147000,11.898194668458824,2064,43,0,1,0,0,0,0,0,0,1,1,1.0,0,0,0,1,0,0,1,1,0,0,0,1,0,0,0,0,0,0,0,0,0,0,0,1,0,1,1,0,0,0,0,0,0,0,0,0,0,0,0,0,0,0,0,0,0,1,0,0,0,0,0,0,0,0,0,1,0,0,1,0,0,1,0,0,0,1,0,0,1,0,0,1,0,0,0,0,0,0,1,9.090768236835338,4.290459441148391
1229,65.0,8769,4,4,3,9,5,766.0,5,3,5,3,1,6,1540,1,0,162,1702,5,1702,0,0,1702,1,0,1,1,1,1,5,7,1,4,3,3,3,3,3,0,72,0,0,224,0,0,0,0,10,367294,12.813920618864572,3700,0,0,0,0,0,0,0,0,0,1,1,1.0,0,1,0,0,0,0,0,0,1,0,0,0,0,0,0,0,0,0,0,0,0,0,0,1,0,1,1,0,0,0,0,0,0,0,0,1,1,0,0,0,0,1,0,0,0,0,0,0,0,0,0,1,0,0,0,0,0,0,1,0,0,0,0,1,0,1,0,0,1,0,0,0,0,0,0,0,0,0,1,9.079092085366229,4.189654742026425
1230,70.0,7910,4,4,3,5,5,0.0,3,3,3,3,1,5,666,1,0,409,1075,4,1507,0,0,1507,0,0,2,0,4,1,3,3,0,0,1,1,3,3,3,0,0,0,0,0,0,0,2,0,8,127000,11.751950239425476,2582,48,48,0,0,0,0,0,0,0,1,1,1.5,1,0,0,1,0,0,1,1,0,0,0,0,0,0,0,0,0,1,0,0,0,0,0,1,0,1,1,0,0,0,1,0,0,0,0,0,1,0,1,0,0,0,0,0,0,0,0,0,0,0,1,0,0,0,0,0,0,0,0,1,0,1,0,0,0,1,0,0,1,1,0,0,0,0,0,0,0,0,1,8.976009475021396,4.2626798770413155
1231,70.04995836802665,18890,3,4,3,5,5,1.0,3,3,4,3,1,6,498,3,211,652,1361,5,1361,1259,0,2620,0,0,2,2,4,2,3,7,1,3,2,2,3,3,1,155,24,145,0,0,0,0,0,8300,8,190000,12.154784614286667,4305,30,30,0,0,1,0,0,1,1,1,1,1.5,0,0,0,1,1,1,0,0,1,0,0,0,0,0,0,0,0,0,0,1,0,0,0,1,0,1,1,0,0,0,1,0,0,1,0,0,0,1,0,0,0,0,0,1,0,0,0,0,0,0,0,0,0,1,0,0,0,0,0,1,0,1,0,0,0,1,0,0,1,0,1,0,0,0,1,0,0,0,1,9.846440897156853,4.2633832685897595
1232,70.0,7728,4,4,3,5,6,120.0,3,3,3,3,3,5,803,1,0,303,1106,3,1190,0,0,1190,1,0,1,0,3,1,3,7,0,0,1,2,3,3,3,0,18,0,0,0,0,0,2,0,5,132500,11.794345471549745,2314,44,44,0,0,0,0,0,0,0,1,1,1.5,1,0,0,1,0,0,1,1,0,0,0,0,0,0,0,0,0,0,0,1,0,0,0,1,0,1,1,0,0,0,1,0,0,1,0,0,1,0,0,0,0,0,0,0,0,0,1,0,0,0,0,0,0,0,0,0,1,0,1,0,0,1,0,0,0,1,0,0,1,0,0,0,0,0,0,0,0,0,1,8.952734767106872,4.2626798770413155
1233,70.0,9842,4,4,3,4,5,0.0,3,3,0,0,0,0,0,0,0,0,0,3,1224,0,0,1224,0,0,2,0,2,2,3,7,0,0,1,2,3,3,3,0,0,0,0,0,0,0,0,0,3,101800,11.530775206233024,1224,45,45,0,0,0,0,0,0,0,1,1,1.0,0,0,0,1,0,0,1,1,0,0,0,0,0,0,0,0,0,0,0,1,0,0,0,1,0,1,1,0,0,1,0,0,0,1,0,0,0,0,0,0,1,0,0,0,0,0,0,0,0,0,1,0,0,0,0,0,0,0,0,1,0,0,0,0,1,1,0,0,1,0,0,0,0,1,0,0,0,0,1,9.194515821629212,4.2626798770413155
1234,70.04995836802665,12160,3,4,3,5,5,180.0,3,3,3,3,1,3,1000,1,0,188,1188,2,1188,0,0,1188,1,0,1,0,3,1,3,7,0,0,2,2,3,3,3,0,0,0,0,0,0,0,3,0,5,142000,11.863589378812122,2376,51,51,0,0,0,0,0,0,0,1,1,1.0,0,0,1,0,0,0,1,1,0,0,0,1,0,0,0,0,0,0,0,0,0,0,0,1,0,1,1,0,0,0,1,0,0,0,0,0,1,0,0,0,0,0,0,1,0,0,0,0,0,0,0,0,0,1,0,0,0,0,1,0,0,1,0,0,0,1,0,0,1,0,0,0,0,0,0,0,0,0,1,9.405989388981,4.2633832685897595
1235,55.0,8525,4,4,3,5,6,0.0,3,3,3,3,3,1,0,1,0,940,940,3,1024,940,0,1964,0,0,1,1,4,1,3,7,0,0,0,0,0,0,1,0,192,0,0,0,0,0,0,0,11,130000,11.775297421715829,3096,97,58,1,0,0,1,0,0,0,1,1,2.0,0,0,1,0,0,1,0,0,1,0,0,0,0,0,0,1,0,0,0,0,0,0,1,0,0,1,1,0,0,0,1,0,0,0,0,0,0,0,0,0,0,1,0,0,0,0,0,0,0,0,0,1,0,0,0,0,0,0,0,1,0,0,0,1,0,0,0,0,0,0,0,0,1,0,0,0,0,0,0,9.050875597325156,4.02535169073515
1236,96.0,13132,4,4,3,5,5,0.0,3,3,4,3,2,1,0,1,0,747,747,4,892,892,0,1784,0,0,1,1,4,1,3,7,0,0,1,1,2,2,1,203,40,0,0,0,0,0,0,0,7,138887,11.841423131921784,2774,92,56,1,0,0,0,0,0,0,1,1,2.0,0,0,0,1,0,1,1,0,0,0,0,0,0,0,0,1,0,0,0,0,0,0,0,1,0,1,1,0,0,0,1,0,0,0,0,0,0,0,0,0,0,0,0,0,0,0,1,0,0,0,0,0,0,0,0,0,1,0,0,1,0,0,0,0,0,1,1,0,0,0,0,1,0,0,0,0,0,0,1,9.48288342558516,4.574710978503383
1237,36.0,2628,4,4,3,7,5,106.0,4,3,4,3,1,1,0,1,0,764,764,5,764,862,0,1626,0,0,2,1,2,1,4,7,0,0,2,2,3,3,3,0,27,0,0,0,0,0,0,0,6,175500,12.075400019877522,2417,7,7,0,0,0,0,0,0,0,1,1,2.0,0,0,0,1,0,0,0,0,1,1,0,0,0,0,0,0,0,0,0,0,0,0,0,1,0,1,1,0,0,0,1,0,0,0,1,0,0,0,0,0,0,0,0,0,0,1,0,0,0,0,0,0,0,0,0,0,0,1,0,0,1,0,0,1,0,1,0,0,1,0,1,0,0,0,0,0,0,0,1,7.874358824729881,3.6109179126442243
1238,41.0,12393,2,4,3,7,5,0.0,4,3,4,3,1,1,0,1,0,847,847,5,847,1101,0,1948,0,0,2,1,4,1,4,7,1,4,3,2,3,3,3,100,48,0,0,0,0,0,0,0,9,195000,12.180759965737863,2943,2,1,1,0,0,0,0,0,0,1,1,2.0,0,0,0,1,1,0,1,0,0,0,0,0,0,0,1,0,0,0,0,0,0,0,0,1,0,1,1,0,0,1,0,0,0,0,0,0,0,0,0,0,0,0,0,0,0,1,0,0,0,0,0,0,0,0,0,1,0,0,0,1,0,0,0,1,0,1,0,0,1,0,1,0,0,0,0,0,0,0,1,9.424967763522053,3.7376696182833684
1239,63.0,13072,4,4,3,6,5,0.0,4,3,4,3,1,1,0,1,0,1141,1141,5,1141,0,0,1141,0,0,1,1,3,1,3,7,0,0,1,2,3,3,3,0,0,0,0,0,0,0,0,0,3,142500,11.86710429621008,2282,1,1,0,0,0,0,0,0,1,1,1,1.0,0,0,1,0,0,0,1,0,1,0,0,1,0,0,0,0,0,0,0,0,0,0,0,1,0,1,1,0,0,0,1,0,0,0,0,0,0,0,0,0,0,0,0,0,0,1,0,0,0,0,0,0,0,0,0,1,0,0,0,1,0,0,0,1,0,1,0,0,1,0,0,1,0,0,0,0,0,0,1,9.47830431356186,4.1588830833596715
1240,64.0,9037,3,4,3,8,5,32.0,4,3,4,3,3,6,428,1,0,1048,1476,5,1484,0,0,1484,0,0,2,0,2,1,5,7,1,4,2,2,3,3,3,120,33,0,0,0,0,0,0,0,12,265900,12.490879338036375,3113,1,1,0,0,0,1,0,0,0,1,1,1.0,0,0,0,1,1,1,1,0,1,0,0,1,0,0,0,0,0,0,0,0,0,0,0,1,0,1,1,0,0,0,1,0,0,0,0,0,1,0,0,0,0,0,0,0,0,1,0,0,0,0,0,0,0,0,0,1,0,0,1,0,0,0,0,1,0,1,0,0,1,0,0,0,0,0,0,0,1,0,0,9.109193189971226,4.174387269895637
1241,65.0,8158,4,4,3,7,5,252.0,4,3,4,3,1,6,550,1,0,334,884,5,884,884,0,1768,1,0,2,1,3,1,4,7,0,0,2,2,3,3,3,0,63,0,0,0,0,0,0,0,7,224900,12.323415584358154,2715,5,5,0,0,0,0,0,0,0,1,1,2.0,0,0,0,1,1,0,1,0,0,0,0,0,0,0,1,0,0,0,0,0,0,0,0,1,0,1,1,0,0,0,1,0,0,0,0,0,0,0,0,0,0,0,0,0,0,1,0,0,0,0,0,0,0,0,0,1,0,0,1,0,0,0,0,1,0,1,0,0,1,0,0,0,0,0,0,0,0,0,1,9.0068768914288,4.189654742026425
1242,83.0,9849,4,4,3,7,6,0.0,4,3,4,3,3,1,0,1,0,1689,1689,5,1689,0,0,1689,0,0,2,0,3,1,4,7,0,0,2,3,3,3,3,0,56,0,0,0,0,0,0,0,6,248328,12.42250975887691,3434,0,0,0,0,0,0,0,0,0,1,1,1.0,0,1,0,0,1,0,1,0,1,0,0,1,0,0,0,0,0,0,0,0,0,0,0,1,0,1,1,0,0,0,1,0,0,0,0,0,1,0,0,0,0,0,0,0,0,1,0,0,0,0,0,0,0,0,0,1,0,0,0,0,1,0,0,1,0,1,0,0,1,0,0,0,0,0,0,0,0,0,1,9.195226734166134,4.430816798843313
1243,85.0,10625,4,4,3,7,6,81.0,3,3,4,3,4,6,885,2,168,0,1053,3,1173,0,0,1173,1,0,2,0,3,1,4,7,2,3,2,2,3,3,3,0,120,0,0,0,0,0,3,0,1,170000,12.04355959836804,2346,36,36,0,0,0,0,0,0,0,1,1,1.5,1,0,0,0,0,1,1,1,0,0,0,0,0,0,0,0,0,0,1,0,0,0,0,1,0,1,1,0,0,0,1,0,0,0,0,0,0,0,0,0,0,0,0,1,0,0,0,0,0,0,0,0,0,1,0,0,0,0,1,0,0,1,0,0,0,1,0,0,1,0,0,0,0,0,0,0,0,0,1,9.271059107010888,4.454347296253507
1244,107.0,13891,4,4,3,10,5,,5,3,5,4,4,6,1386,1,0,690,2052,5,2076,0,0,2076,1,0,2,1,2,1,5,7,1,4,3,3,3,3,3,216,229,0,0,0,0,0,0,0,9,465000,13.049794835104816,4573,0,0,0,0,0,0,0,0,0,1,1,1.0,0,1,0,0,0,0,0,0,1,0,0,1,0,0,0,0,0,0,0,0,0,0,0,1,0,1,1,0,0,0,1,0,0,0,0,0,0,0,0,0,0,0,0,0,0,1,0,0,0,0,0,0,0,0,0,1,0,0,0,1,0,0,0,1,0,1,0,0,1,0,0,0,0,0,0,0,0,0,1,9.539068413863964,4.68213122712422
1245,70.04995836802665,11435,3,4,2,8,7,0.0,3,3,4,3,1,1,0,1,0,792,792,2,792,725,0,1517,0,0,1,0,3,1,4,7,2,4,1,2,3,3,3,0,0,0,0,0,0,0,0,0,6,230000,12.345838935721968,2309,77,56,1,0,0,1,0,0,0,1,1,2.0,0,0,0,1,0,1,1,0,0,0,0,0,0,0,0,1,0,0,0,0,0,0,0,1,0,1,1,0,0,0,0,0,0,0,0,0,0,0,1,0,0,0,0,0,0,0,0,0,0,0,0,0,0,0,1,0,0,0,0,1,0,0,0,1,0,1,0,0,1,0,0,1,0,0,0,0,1,0,0,9.344521553442203,4.2633832685897595
1246,78.0,12090,4,4,3,6,7,74.0,3,3,4,3,1,1,0,1,0,585,585,5,1140,728,0,1868,0,0,3,1,3,1,3,7,1,3,3,2,3,3,3,268,112,0,0,147,0,0,0,0,1,178000,12.08954444723597,2980,23,4,1,0,0,0,0,0,0,1,1,1.5,1,0,1,0,0,1,1,1,0,0,0,0,0,0,0,0,0,1,0,0,0,0,0,1,0,1,1,0,0,0,1,0,0,0,0,0,1,0,0,0,0,0,0,0,0,1,0,0,0,0,0,0,0,0,0,1,0,0,1,0,0,1,0,0,0,1,0,0,1,0,1,0,0,0,0,0,0,0,1,9.400216653174247,4.3694478524670215
1247,65.0,8125,4,4,3,7,5,0.0,4,3,4,3,1,1,0,1,0,756,756,5,756,797,0,1553,0,0,2,1,3,1,4,7,0,0,2,2,3,3,3,0,45,0,0,0,0,0,0,0,3,186500,12.136191879981927,2354,1,0,1,0,0,0,0,0,0,1,1,2.0,0,1,0,0,1,0,1,0,1,0,0,0,0,0,1,0,0,0,0,0,0,0,0,0,0,1,1,0,0,0,1,0,0,0,0,0,0,0,0,0,0,0,0,0,0,1,0,0,0,0,0,0,0,0,0,1,0,0,0,1,0,0,0,1,0,1,0,0,1,0,0,0,0,0,0,0,0,0,1,9.002824076547672,4.189654742026425
1248,70.04995836802665,12328,3,4,3,6,5,335.0,3,3,3,3,3,6,539,1,0,473,1012,3,1034,0,0,1034,1,0,1,0,3,1,3,7,0,0,1,3,3,3,3,0,0,0,0,0,0,0,0,0,5,169900,12.042971193457888,2046,34,34,0,0,0,0,0,0,0,1,1,1.5,1,0,0,1,1,1,0,1,0,0,0,0,0,0,0,0,0,1,0,0,0,0,0,1,0,1,1,0,0,0,1,0,0,0,0,0,0,0,0,0,1,0,0,0,0,0,0,0,0,0,1,0,0,0,0,0,0,0,1,0,0,1,0,0,0,1,0,0,1,0,0,0,0,0,0,0,0,0,1,9.419709489868552,4.2633832685897595
1249,60.0,9600,4,4,3,6,5,0.0,3,3,4,3,1,3,319,1,0,416,735,2,1134,924,0,2058,0,0,1,1,3,1,3,7,1,4,1,2,2,2,2,0,0,259,0,0,0,0,0,0,4,129500,11.771443882099636,3052,91,58,1,0,0,0,0,0,0,1,0,2.25,0,0,0,1,1,0,0,0,1,0,0,0,0,0,0,0,1,0,0,0,0,0,0,0,1,1,0,0,0,0,1,0,0,0,0,0,0,0,0,0,0,0,0,0,0,0,0,0,0,0,0,0,0,0,0,0,0,0,0,1,0,0,0,0,0,0,0,0,1,0,0,1,0,0,0,0,0,0,1,9.169622538697624,4.110873864173311
1250,60.0,7200,4,4,3,5,7,0.0,3,3,3,3,1,4,534,3,96,246,876,3,988,0,0,988,0,0,1,0,3,1,3,7,0,0,1,1,3,3,3,0,80,0,0,0,0,0,0,0,5,119000,11.686887175419702,1944,57,57,0,0,0,0,0,0,0,1,1,1.0,0,0,0,1,0,0,1,1,0,0,0,1,0,0,0,0,0,0,0,0,0,0,0,1,0,1,1,0,0,0,1,0,0,0,0,0,0,0,0,0,0,1,0,0,0,0,0,0,0,0,0,1,0,0,0,0,0,0,0,1,0,1,0,0,0,1,0,0,1,0,0,0,0,0,0,0,0,0,1,8.881975184248867,4.110873864173311
1251,93.0,11160,4,4,3,7,5,0.0,4,3,3,3,1,5,1065,1,0,1045,2052,5,2110,0,0,2110,1,0,2,1,3,1,5,7,2,3,3,2,3,3,3,0,0,0,0,0,0,0,0,0,4,244000,12.404927602627597,4162,42,42,0,0,0,0,0,0,0,1,1,1.0,0,0,0,1,0,0,1,1,0,0,0,1,0,0,0,0,0,0,0,0,0,0,0,1,0,1,1,0,0,0,0,0,0,0,0,0,1,0,1,0,0,0,0,0,0,0,0,0,1,0,0,0,0,0,0,0,0,0,0,1,0,1,0,0,0,1,0,0,1,0,0,0,0,0,0,0,0,0,1,9.320180837655714,4.543294782270004
1252,70.04995836802665,3136,3,4,3,7,5,163.0,4,3,4,3,1,1,0,1,0,1405,1405,5,1405,0,0,1405,0,0,2,0,2,1,4,7,1,4,2,2,3,3,3,148,36,0,0,0,0,0,0,0,3,171750,12.053801032483948,2994,3,3,0,0,0,0,0,0,0,1,1,1.0,0,0,0,1,0,0,0,0,1,0,0,0,0,0,0,0,0,0,0,0,0,0,0,1,0,1,1,0,0,0,0,0,0,0,0,1,0,0,0,0,0,0,0,0,0,1,0,0,0,0,0,0,0,0,0,0,0,1,0,0,1,0,0,1,0,1,0,0,1,0,0,0,0,0,0,0,0,0,1,8.051022208190679,4.2633832685897595
1253,62.0,9858,4,4,3,5,6,0.0,3,3,3,3,1,4,510,1,0,354,864,3,874,0,0,874,1,0,1,0,3,1,3,7,0,0,2,1,3,3,3,33,0,0,0,0,0,0,2,600,11,130000,11.775297421715829,1771,41,41,0,0,1,0,0,0,0,1,1,1.0,0,0,0,1,1,1,0,1,0,0,0,1,0,0,0,0,0,0,0,0,0,0,0,1,0,1,1,0,0,0,1,0,0,0,0,0,0,0,0,0,1,0,0,0,0,0,0,0,0,0,1,0,0,0,0,0,0,0,0,1,0,1,0,0,0,1,0,0,1,0,0,0,0,0,0,1,0,0,1,9.196140022575042,4.143134726391533
1254,70.04995836802665,17542,3,4,3,7,7,0.0,4,3,3,3,4,2,125,5,1031,36,1192,3,1516,651,0,2167,1,0,2,1,3,1,4,7,2,4,2,2,3,3,3,220,47,0,0,0,0,0,3,0,7,294000,12.59133844767558,3626,33,4,1,0,0,0,0,0,0,1,1,2.0,0,0,0,1,0,0,0,1,1,0,0,0,0,0,1,0,0,0,0,0,0,0,0,1,0,1,1,0,0,0,1,0,0,0,0,0,0,0,0,0,0,0,0,0,0,0,1,0,0,0,0,0,0,0,0,0,1,0,0,1,0,1,0,0,0,1,0,0,1,0,0,0,0,0,0,0,0,0,1,9.772410288929185,4.2633832685897595
1255,60.0,6931,4,4,3,7,5,92.0,4,3,4,3,1,1,0,1,0,746,746,5,760,896,0,1656,0,0,2,1,3,1,4,7,1,4,3,2,3,3,3,178,128,0,0,0,0,0,0,0,7,165400,12.016128107502665,2708,5,4,1,0,0,0,0,0,0,1,1,2.0,0,0,0,1,1,1,1,0,0,0,0,0,0,0,1,0,0,0,0,0,0,0,0,1,0,1,1,0,0,0,1,0,0,0,0,0,0,0,0,0,0,0,0,0,0,1,0,0,0,0,0,0,0,0,0,1,0,0,0,0,1,0,0,1,0,1,0,0,1,0,1,0,0,0,0,0,0,0,1,8.843903650835497,4.110873864173311
1256,52.0,6240,4,4,3,6,6,0.0,3,3,3,2,1,2,425,1,0,459,884,3,959,408,0,1367,0,0,1,0,3,1,3,7,1,4,1,1,3,3,3,0,0,0,0,120,0,0,0,0,11,127500,11.755879486687116,2371,76,57,1,0,0,0,0,0,0,1,1,1.5,0,0,0,1,1,1,0,0,0,0,0,0,0,1,0,0,0,0,0,0,0,0,0,0,1,1,1,0,0,0,1,0,0,0,0,0,0,0,0,0,0,0,0,0,0,0,1,0,0,0,0,0,0,0,0,0,1,0,0,1,0,0,0,0,0,1,0,0,0,0,0,1,0,0,0,0,0,0,1,8.738895704934043,3.970291913552122
1257,91.0,14303,3,4,3,8,5,554.0,4,3,4,3,4,6,1314,1,0,672,1986,5,1987,0,0,1987,1,0,2,0,2,1,4,7,1,3,3,2,3,3,3,262,36,0,0,0,0,0,0,0,8,301500,12.616528611893465,4271,14,14,0,0,0,0,0,0,0,1,1,1.0,0,0,0,1,1,1,1,1,0,0,0,1,0,0,0,0,0,0,0,0,0,0,0,1,0,1,1,0,0,0,0,0,0,0,0,0,1,0,0,0,1,0,0,0,0,0,0,0,0,0,1,0,0,0,0,0,0,0,1,0,0,0,0,1,0,1,0,0,1,0,0,0,0,0,0,0,0,0,1,9.568294497413296,4.5217885770490405
1258,56.0,4060,4,4,3,5,8,0.0,3,3,2,3,1,1,0,1,0,864,864,5,864,0,0,864,0,0,1,0,2,1,3,7,0,0,0,0,0,0,3,0,96,0,0,0,0,0,0,0,7,99900,11.511934974596556,1824,87,59,1,0,0,0,0,1,0,1,1,1.0,0,0,0,1,1,1,1,0,0,0,0,0,1,0,0,0,0,0,0,0,0,0,0,1,0,1,1,0,0,0,0,0,0,0,0,0,0,0,0,0,0,0,0,0,0,0,1,0,0,0,0,0,0,0,0,0,1,0,0,1,0,0,0,1,0,1,0,0,1,0,0,0,1,0,0,0,0,0,1,8.309184527686298,4.04305126783455
1259,59.0,9587,3,4,3,7,5,182.0,4,3,4,3,4,6,655,1,0,201,856,5,1166,0,0,1166,1,0,2,0,2,1,4,7,0,0,3,2,3,3,3,212,0,0,0,0,0,0,0,0,7,190000,12.154784614286667,2234,3,3,0,0,0,0,0,0,0,1,1,1.5,1,0,0,1,0,0,0,1,0,0,0,0,0,0,0,0,0,1,0,0,0,0,0,1,0,1,1,0,0,0,1,0,0,0,0,0,0,0,0,0,0,0,0,0,0,1,0,0,0,0,0,0,0,0,0,1,0,0,0,0,1,0,0,1,0,1,0,0,1,0,0,0,0,0,0,0,0,0,1,9.168267595554275,4.0943445622221
1260,65.0,9750,4,4,3,6,8,0.0,3,3,4,3,1,5,602,2,438,14,1054,4,1054,0,0,1054,1,0,1,1,3,1,3,7,0,0,1,2,3,3,3,180,0,0,0,80,0,0,0,0,7,151000,11.92504173829169,2368,39,39,0,0,0,0,0,0,0,1,1,1.0,0,0,0,1,0,0,1,1,0,0,0,1,0,0,0,0,0,0,0,0,0,0,0,1,0,1,1,0,0,1,0,0,0,0,0,0,0,0,0,0,1,0,0,0,0,0,0,0,0,0,1,0,0,0,0,0,0,0,0,1,0,1,0,0,0,1,0,0,1,0,0,0,0,0,0,0,0,0,1,9.18512512283512,4.189654742026425
1261,70.04995836802665,24682,1,4,3,6,5,0.0,3,3,4,3,1,1,0,1,0,841,841,5,892,783,0,1675,0,0,2,1,3,1,3,7,1,3,3,2,3,3,3,0,103,0,0,0,0,0,0,0,6,181000,12.10625783509458,2619,10,10,0,0,0,0,0,0,1,1,1,2.0,0,0,0,1,0,0,0,1,0,0,0,0,0,0,1,0,0,0,0,0,0,0,0,1,0,1,1,0,1,0,0,0,0,0,0,0,0,0,0,0,0,0,0,0,0,1,0,0,0,0,0,0,0,0,0,1,0,0,0,1,0,0,0,1,0,1,0,0,1,0,1,0,0,0,0,0,0,0,1,10.113870026547724,4.2633832685897595
1262,80.0,9600,4,4,3,5,6,0.0,3,3,3,3,1,3,504,1,0,546,1050,4,1050,0,0,1050,0,0,1,0,2,1,3,7,0,0,1,1,3,3,3,0,0,0,0,0,0,0,0,0,6,128900,11.766799946849089,2100,53,53,0,0,0,0,0,0,0,1,1,1.0,0,0,0,1,0,0,1,1,0,0,0,1,0,0,0,0,0,0,0,0,0,0,0,1,0,1,1,0,0,0,1,0,0,0,0,0,1,0,0,0,0,1,0,0,0,0,0,0,0,0,0,1,0,0,0,0,0,0,0,1,0,1,0,0,0,1,0,0,1,0,0,0,0,0,0,0,0,0,1,9.169622538697624,4.394449154672439
1263,70.04995836802665,11250,4,4,3,4,5,0.0,3,3,3,3,3,1,0,1,0,1104,1104,5,1104,684,0,1788,1,0,1,0,5,1,3,5,2,3,1,1,3,3,3,120,0,0,0,0,0,0,0,0,11,161500,11.992266613576142,3012,52,20,1,0,0,0,0,0,0,1,1,1.5,0,0,0,1,0,0,1,0,0,0,0,0,0,1,0,0,0,0,0,0,0,0,0,1,0,1,1,0,0,0,1,0,0,0,0,0,0,0,0,0,0,0,0,0,0,0,1,0,0,0,0,0,0,0,0,0,1,0,0,1,0,1,0,0,0,1,0,0,0,0,0,0,0,0,0,0,0,0,1,9.328212292571072,4.2633832685897595
1264,60.0,13515,4,4,3,6,6,0.0,3,3,3,3,1,1,0,1,0,764,764,5,1060,764,0,1824,0,0,1,0,3,1,3,7,1,4,1,2,3,3,1,0,0,126,0,0,0,0,4,0,7,180500,12.103491596905933,2714,88,57,1,0,0,0,0,0,0,1,1,2.0,0,0,0,1,1,1,0,0,0,0,0,0,0,0,0,1,0,0,0,0,0,0,0,1,0,1,0,1,0,0,1,0,0,0,0,0,0,1,0,0,0,0,0,0,0,0,1,0,0,0,0,0,0,0,0,0,1,0,0,1,0,0,0,1,0,1,0,0,0,0,0,1,0,0,0,0,0,0,1,9.511629447834181,4.110873864173311
1265,34.0,4060,4,4,3,6,5,0.0,4,3,4,3,1,6,266,1,0,1139,1405,5,1337,0,0,1337,1,0,2,0,2,1,4,7,0,0,3,2,3,3,3,144,68,0,0,0,0,0,0,0,8,181000,12.10625783509458,2954,10,9,1,0,0,0,0,0,0,1,1,1.0,0,0,1,0,0,0,1,1,0,0,0,0,0,0,0,0,0,0,0,0,0,0,1,0,0,1,1,0,0,0,1,0,0,0,0,1,0,0,0,0,0,1,0,0,0,0,0,0,0,0,0,1,0,0,0,0,0,0,0,1,0,0,0,1,0,1,0,0,1,0,0,0,0,0,0,0,0,0,1,8.309184527686298,3.5553480614894135
1266,35.0,3735,4,4,3,7,5,218.0,4,3,4,3,1,6,450,1,0,241,691,5,713,739,0,1452,1,0,2,1,3,1,4,7,0,0,1,2,3,3,3,0,34,0,0,0,0,0,0,0,3,183900,12.12215284831553,2177,7,7,0,0,0,0,0,0,0,1,1,2.0,0,0,0,1,1,0,1,0,1,1,0,0,0,0,0,0,0,0,0,0,0,0,0,0,0,1,1,0,0,0,0,1,0,0,0,1,1,0,0,0,0,1,0,0,0,0,0,0,0,0,0,1,0,0,0,0,0,0,1,0,0,0,0,1,0,1,0,0,1,0,0,1,0,0,0,0,0,0,1,8.225770799348734,3.58351893845611
1267,60.0,10120,3,4,3,7,4,0.0,2,3,3,3,1,1,0,1,0,925,925,3,964,925,0,1889,0,0,1,1,4,2,3,7,1,4,1,1,3,3,1,0,0,264,0,0,0,0,3,0,1,122000,11.711784520403112,3078,97,57,1,0,0,1,0,1,0,1,1,2.25,0,0,0,1,1,0,0,0,1,0,1,0,0,0,0,0,0,0,0,0,0,0,0,0,1,1,1,0,0,0,1,0,1,0,0,0,1,0,0,0,0,0,0,0,0,0,1,0,0,0,0,0,0,0,0,0,1,0,0,1,0,1,0,0,0,0,1,0,0,0,0,1,0,0,0,0,0,0,0,9.222367752188902,4.110873864173311
1268,89.0,13214,3,4,3,9,5,0.0,5,3,5,3,4,1,0,1,0,2002,2002,5,2018,0,0,2018,0,0,2,0,3,1,5,7,1,4,3,3,3,3,3,144,76,0,0,0,0,0,0,0,5,378500,12.843973993864076,4240,2,1,1,0,0,1,0,0,0,1,1,1.0,0,0,0,1,1,1,1,0,1,0,0,1,0,0,0,0,0,0,0,0,0,0,0,1,0,1,1,0,0,0,1,0,0,0,0,0,1,0,0,0,0,0,0,0,1,0,0,0,0,1,0,0,0,0,0,0,0,0,0,1,0,0,0,1,0,1,0,0,1,0,0,0,0,0,0,0,1,0,0,9.48910782703839,4.499809670330265
1269,70.04995836802665,14100,3,4,2,8,9,632.0,3,4,3,3,2,3,192,1,0,536,728,5,1968,1479,0,3447,0,0,3,1,4,1,4,7,2,4,1,3,3,3,3,314,12,0,0,0,0,0,2,0,5,381000,12.850557278777307,4501,73,11,1,0,0,0,0,0,0,1,1,1.5,0,0,0,1,0,1,1,0,0,0,0,0,0,1,0,0,0,0,0,0,0,0,0,1,0,1,1,0,0,0,1,0,0,0,0,0,0,0,0,0,0,0,0,0,1,0,0,0,0,0,0,0,0,0,1,0,0,0,1,0,0,1,0,0,0,1,0,0,1,0,1,0,0,0,0,0,0,0,1,9.55400099583723,4.2633832685897595
1270,78.0,11344,4,4,3,5,5,180.0,3,3,3,3,1,4,460,1,0,414,874,3,874,650,0,1524,0,0,1,1,3,1,3,7,0,0,1,1,3,3,3,0,0,0,0,0,0,0,2,0,7,144000,11.87757552297847,2398,49,49,0,0,0,0,0,1,0,1,0,1.5,0,0,0,1,0,0,1,1,0,0,0,0,0,1,0,0,0,0,0,0,0,0,0,1,0,1,1,0,0,0,1,0,0,0,0,0,0,0,0,0,0,1,0,0,0,0,0,0,0,0,0,1,0,0,0,0,0,0,1,0,0,1,0,0,0,1,0,0,0,0,0,0,0,0,0,0,0,0,1,9.336532397213942,4.3694478524670215
1271,70.04995836802665,23595,4,4,1,7,6,0.0,4,3,4,3,4,6,1258,1,0,74,1332,3,1332,192,0,1524,2,0,0,1,0,1,4,7,1,3,3,2,3,3,3,268,0,0,0,0,0,0,0,0,4,260000,12.468440756144114,3124,31,31,0,0,0,1,0,0,0,0,1,1.0,0,0,0,1,0,0,1,0,0,0,0,0,0,0,0,0,0,0,0,0,1,0,0,1,0,1,1,0,0,0,1,0,0,0,0,0,0,1,0,0,0,0,0,1,0,0,0,0,0,0,0,0,0,1,0,0,0,0,0,1,0,0,0,1,0,1,0,0,1,0,0,0,0,0,0,0,0,1,0,10.068832485122966,4.2633832685897595
1272,70.04995836802665,9156,3,4,3,6,7,0.0,3,3,3,3,1,1,0,1,0,1489,1489,4,1489,0,0,1489,0,0,2,0,3,1,4,7,1,4,2,2,3,3,3,0,0,0,0,0,0,0,0,0,8,185750,12.132162346145597,2978,41,41,0,0,0,0,1,0,0,1,1,1.0,0,0,0,1,0,1,1,1,0,0,0,1,0,0,0,0,0,0,0,0,0,0,0,1,0,1,1,0,0,0,1,0,0,0,0,0,1,0,1,0,0,0,0,0,0,0,0,0,1,0,0,0,0,0,0,0,0,0,0,1,0,1,0,0,0,1,0,0,1,0,0,0,0,0,0,0,0,0,1,9.122273893107732,4.2633832685897595
1273,70.04995836802665,13526,3,4,3,5,6,114.0,3,3,3,3,1,4,560,2,375,0,935,3,935,0,0,935,1,0,1,0,3,1,3,7,0,0,1,1,3,3,3,180,0,0,0,0,0,0,3,0,11,137000,11.827743504053696,2050,41,41,0,0,0,0,0,0,0,1,1,1.0,0,0,0,1,1,1,0,0,1,0,0,1,0,0,0,0,0,0,0,0,0,0,0,1,0,1,1,0,1,0,0,0,0,0,0,0,1,0,0,0,1,0,0,0,0,0,0,0,0,0,0,0,0,1,0,0,0,0,1,0,0,1,0,0,0,1,0,0,1,0,0,0,0,0,0,0,0,0,1,9.512442967089195,4.2633832685897595
1274,124.0,11512,3,4,3,6,7,84.0,3,3,3,3,3,5,719,1,0,300,1019,4,1357,0,0,1357,1,0,1,0,2,1,5,7,1,4,2,1,3,3,3,0,0,0,0,163,0,0,4,0,5,177000,12.08391066125752,2539,49,2,1,0,0,0,0,0,0,1,1,1.5,1,0,0,1,1,1,1,0,0,0,0,0,0,0,0,0,0,1,0,0,0,0,0,1,0,1,1,0,0,0,0,0,0,0,0,0,0,0,0,0,0,0,0,1,0,0,0,0,0,0,0,0,0,1,0,0,0,0,1,0,0,1,0,0,0,1,0,0,1,1,0,0,0,0,0,0,0,0,1,9.351232110673664,4.8283137373023015
1275,53.0,5362,4,4,3,5,6,0.0,3,3,3,3,1,1,0,1,0,661,661,5,661,589,0,1250,0,0,2,0,3,1,3,7,1,4,1,2,3,3,3,242,0,81,0,0,0,0,0,0,11,139000,11.842236406331557,2234,97,4,1,0,0,0,0,0,0,1,1,1.5,0,0,0,1,0,1,1,0,0,0,0,0,0,1,0,0,0,0,0,0,0,0,0,1,0,1,1,0,0,0,0,0,0,0,0,0,0,0,0,0,0,0,0,0,0,0,1,0,0,0,0,0,0,0,0,0,0,1,0,1,0,0,0,1,0,1,0,0,1,0,0,1,0,0,0,0,0,0,1,8.587278798982926,3.9889840465642745
1276,95.0,11345,4,4,3,5,5,567.0,3,3,3,3,1,3,220,1,0,708,928,4,928,992,0,1920,0,0,2,0,4,2,3,7,0,0,1,2,3,2,3,0,0,0,0,0,0,0,0,0,7,137000,11.827743504053696,2848,59,57,1,0,0,0,0,1,0,0,1,2.0,0,0,0,1,0,0,1,1,0,0,0,0,0,0,0,0,0,0,0,1,0,0,0,1,0,1,1,0,0,0,0,0,0,1,0,0,0,0,0,0,0,0,0,0,0,0,0,0,0,0,0,0,0,0,0,0,0,0,0,0,1,1,0,0,0,1,0,0,0,0,0,1,0,0,0,0,0,0,1,9.336620537886512,4.564348191467836
1277,70.04995836802665,12936,3,4,3,6,6,0.0,3,3,3,4,1,4,593,1,0,130,723,3,735,660,0,1395,0,1,1,1,3,1,3,7,1,3,1,2,3,3,3,294,116,0,0,0,0,0,0,0,12,162000,11.995357787034976,2528,37,37,0,0,0,0,0,0,0,1,1,2.0,0,0,0,1,0,1,1,1,0,0,0,0,0,0,1,0,0,0,0,0,0,0,0,1,0,1,1,0,1,0,0,0,0,0,0,0,0,0,0,0,1,0,0,0,0,0,0,0,0,0,0,0,0,1,0,0,0,0,0,1,0,1,0,0,0,1,0,0,1,0,0,0,0,0,0,0,0,0,1,9.467846701917901,4.2633832685897595
1278,70.04995836802665,17871,3,4,3,6,5,359.0,3,3,4,3,3,5,528,1,0,1152,1680,2,1724,0,0,1724,1,0,1,1,3,1,3,7,1,4,2,2,3,3,3,0,0,0,0,0,0,0,0,0,6,197900,12.19552218463499,3404,42,33,1,0,0,0,0,0,0,1,1,1.5,1,0,0,1,0,1,1,1,0,0,0,0,0,0,0,0,0,1,0,0,0,0,0,1,0,1,1,0,1,0,0,0,0,0,0,0,0,0,0,0,1,0,0,0,0,0,0,0,0,0,1,0,0,0,0,0,0,0,1,0,0,1,0,0,0,1,0,0,1,0,0,0,0,0,0,0,0,0,1,9.790990521308983,4.2633832685897595
1279,75.0,9473,4,4,3,8,5,,4,3,4,3,1,6,804,1,0,324,1128,5,1128,903,0,2031,1,0,2,1,3,1,4,7,1,4,2,2,3,3,3,0,211,0,0,0,0,0,0,0,3,237000,12.37581963951765,3370,6,6,0,0,0,0,0,0,0,1,1,2.0,0,0,0,1,1,0,1,0,0,0,0,0,0,0,1,0,0,0,0,0,0,0,0,1,0,1,1,0,0,0,1,0,0,0,0,0,0,0,0,0,0,0,0,0,0,1,0,0,0,0,0,0,0,0,0,1,0,0,0,1,0,0,0,1,0,1,0,0,1,0,0,0,0,0,0,0,0,0,1,9.156306483483696,4.330733340286331
1280,60.0,7500,4,4,3,4,4,0.0,3,4,3,3,1,1,0,1,0,698,698,3,698,430,0,1128,0,0,1,0,2,1,3,7,0,0,2,2,3,3,3,30,0,164,0,0,0,0,0,0,4,68400,11.133142723386811,2020,90,60,1,0,0,0,0,0,0,1,1,1.5,0,0,1,0,1,0,0,1,0,0,0,0,0,1,0,0,0,0,0,0,0,1,0,0,0,1,1,0,0,0,1,0,0,0,0,0,0,0,0,0,0,1,0,0,0,0,0,0,0,0,0,1,0,0,0,0,0,0,0,1,0,1,0,0,0,1,0,0,0,0,0,1,0,0,0,0,0,0,1,8.922791623969637,4.110873864173311
1281,67.0,9808,3,4,3,7,5,110.0,4,3,4,3,1,6,788,1,0,785,1573,5,1573,0,0,1573,1,0,2,0,3,1,4,7,0,0,2,2,3,3,3,0,72,0,0,0,0,0,0,0,3,227000,12.33270970174018,3218,7,7,0,0,0,0,0,0,0,1,1,1.0,0,0,0,1,1,0,1,0,0,0,0,1,0,0,0,0,0,0,0,0,0,0,0,1,0,1,1,0,0,0,1,0,0,0,0,0,0,0,0,0,0,0,0,0,0,1,0,0,0,0,0,0,0,0,0,1,0,0,1,0,0,0,0,1,0,1,0,0,1,0,0,0,0,0,0,0,0,0,1,9.191055610564316,4.219507705176107
1282,50.0,8049,3,4,3,7,5,54.0,3,3,4,3,1,5,1053,1,0,256,1309,3,1339,0,0,1339,1,0,2,0,2,1,3,7,1,3,3,2,4,4,3,0,58,0,0,90,0,0,0,0,7,180000,12.100717685412471,2796,16,16,0,0,0,0,0,0,0,1,1,1.0,0,0,0,1,1,1,1,0,1,0,0,1,0,0,0,0,0,0,0,0,0,0,0,1,0,1,1,0,1,0,0,0,0,0,0,0,1,0,0,0,1,0,0,0,0,0,0,0,0,0,1,0,0,0,0,0,0,0,1,0,0,1,0,0,0,1,0,0,1,0,0,0,0,0,0,0,0,0,1,8.99342737041261,3.9318256327243257
1283,61.0,8800,3,4,3,5,7,0.0,3,3,4,3,2,2,532,3,144,364,1040,3,1040,0,0,1040,0,0,2,0,3,1,4,7,0,0,1,2,3,3,3,0,0,0,0,288,0,0,0,0,9,150500,11.921725007667265,2368,32,1,1,0,0,0,0,0,0,1,1,1.0,0,0,0,1,1,0,1,0,0,0,0,1,0,0,0,0,0,0,0,0,0,0,0,1,0,1,1,0,0,0,1,0,0,0,0,0,0,0,0,0,1,0,0,0,0,0,0,0,0,0,1,0,0,0,0,0,0,0,0,1,0,1,0,0,0,1,0,0,1,0,0,1,0,0,0,0,0,0,1,9.082620630373812,4.127134385045092
1284,94.0,9400,4,4,3,6,5,0.0,3,3,3,3,3,1,0,1,0,912,912,3,912,912,0,1824,0,0,2,2,4,2,3,7,0,0,0,0,0,0,3,128,0,0,0,0,0,0,0,0,4,139000,11.842236406331557,2864,39,39,0,0,0,1,0,0,0,1,1,2.0,0,0,0,1,1,1,0,1,0,0,0,0,0,0,0,0,0,0,0,1,0,0,0,1,0,1,1,0,0,0,0,0,0,1,0,0,0,1,0,0,0,1,0,0,0,0,0,0,0,0,0,0,0,0,0,0,0,1,0,1,0,1,0,0,0,1,0,0,1,0,0,0,1,0,0,0,0,1,0,9.148571345578551,4.553876891600541
1285,50.0,9638,4,4,3,6,7,0.0,3,3,3,3,1,1,0,1,0,804,804,5,1699,748,0,2447,0,0,2,0,4,1,4,5,1,4,1,1,3,3,3,272,0,42,0,116,0,0,0,0,3,169000,12.037659911047468,3681,91,20,1,0,0,0,0,1,0,1,1,1.5,0,0,0,1,0,1,0,0,1,0,0,0,0,1,0,0,0,0,0,0,0,0,0,1,0,1,1,0,0,0,1,0,0,0,0,0,0,0,0,0,0,0,0,0,0,0,1,0,0,0,0,0,0,0,0,0,0,1,0,1,0,0,0,1,0,1,0,0,1,0,0,1,0,0,0,0,0,0,1,9.173572647783969,3.9318256327243257
1286,50.0,6000,4,4,3,6,6,0.0,3,2,3,3,1,1,0,1,0,780,780,5,825,587,0,1412,0,0,1,0,4,1,3,7,1,4,1,1,3,3,3,45,0,0,0,0,0,0,0,0,5,132500,11.794345471549745,2237,70,59,1,0,0,0,0,0,0,1,1,1.5,0,0,0,1,1,1,0,0,0,0,0,0,0,1,0,0,0,0,0,0,0,0,0,0,1,1,1,0,0,0,1,0,0,0,0,0,0,0,0,0,0,1,0,0,0,0,0,0,0,0,0,1,0,0,0,0,0,0,0,1,0,1,0,0,0,1,1,0,0,0,0,1,0,0,0,0,0,0,1,8.699681400989514,3.9318256327243257
1287,70.04995836802665,9790,4,4,3,6,5,451.0,3,3,3,3,1,5,569,3,81,678,1328,3,1328,0,0,1328,1,0,1,1,3,1,3,7,2,4,1,2,3,3,3,0,26,0,0,0,0,0,0,0,6,143000,11.870606902224589,2682,47,47,0,0,0,0,0,1,0,1,1,1.0,0,0,0,1,0,1,1,1,0,0,0,1,0,0,0,0,0,0,0,0,0,0,0,1,0,1,1,0,0,0,1,0,0,0,0,0,1,0,0,0,1,0,0,0,0,0,0,0,0,0,1,0,0,0,0,0,0,0,1,0,0,1,0,0,0,1,0,0,1,0,0,0,0,0,0,0,0,0,1,9.189218875354072,4.2633832685897595
1288,70.04995836802665,36500,3,4,2,5,5,621.0,3,4,3,3,3,3,812,1,0,812,1624,2,1582,0,0,1582,0,1,2,0,4,1,3,7,0,0,1,2,3,3,1,168,198,0,0,0,0,0,0,0,6,190000,12.154784614286667,3572,42,42,0,0,0,1,0,0,0,1,1,1.0,0,0,0,1,0,0,1,0,0,0,0,1,0,0,0,0,0,0,0,0,0,0,0,1,0,1,1,0,0,0,1,0,0,0,0,0,0,0,0,0,0,0,0,0,0,0,1,0,0,0,0,0,0,0,0,0,1,0,0,0,0,1,0,0,0,1,0,0,1,0,0,0,0,0,0,0,0,1,0,10.505094936455558,4.2633832685897595
1289,40.0,5664,3,4,3,8,5,0.0,4,3,4,3,1,6,1158,1,0,343,1501,5,1659,0,0,1659,1,0,2,0,2,1,5,7,1,5,3,2,3,3,3,212,59,0,0,0,0,0,0,0,10,278000,12.535379989788607,3431,9,9,0,0,0,0,0,0,0,1,1,1.0,0,0,0,1,0,1,1,0,1,0,0,0,0,0,0,0,0,0,0,0,0,0,0,1,0,1,1,0,0,0,1,0,0,0,0,1,0,0,0,1,0,0,0,0,0,0,0,0,0,1,0,0,0,0,0,0,0,0,0,1,0,0,0,1,0,1,0,0,1,0,0,0,0,0,0,0,0,0,1,8.642062173462106,3.713572066704308
1290,86.0,11065,3,4,3,8,5,788.0,4,3,4,3,2,1,0,1,0,1085,1085,5,1120,850,0,1970,0,0,2,1,3,1,5,7,1,4,3,3,3,3,3,177,74,0,0,0,0,0,0,0,10,281000,12.546113507028412,3306,0,0,0,0,0,0,0,0,0,1,1,2.0,0,1,0,0,0,0,0,0,1,0,0,0,0,0,1,0,0,0,0,0,0,0,0,1,0,1,1,0,0,0,1,0,0,0,0,0,0,0,0,0,0,0,0,0,0,1,0,0,0,0,0,0,0,0,0,1,0,0,0,0,1,0,0,1,0,1,0,0,1,0,1,0,0,0,0,0,0,0,1,9.311632623458054,4.465908118654584
1291,70.04995836802665,14112,3,4,3,5,7,86.0,3,3,3,3,3,6,1014,1,0,138,1152,3,1152,0,0,1152,1,0,1,0,3,1,3,7,1,4,2,2,3,3,3,227,0,0,0,0,0,0,0,0,4,180500,12.103491596905933,2531,46,46,0,0,0,0,0,0,0,1,1,1.5,1,0,0,1,0,0,1,1,0,0,0,0,0,0,0,0,0,1,0,0,0,0,0,1,0,1,1,0,0,0,0,0,0,0,0,0,1,0,0,0,0,0,0,0,0,0,1,0,0,0,1,0,0,0,0,0,0,0,1,0,0,0,0,1,0,1,0,0,1,0,0,0,0,0,0,0,0,0,1,9.554851637414007,4.2633832685897595
1292,21.0,1680,4,4,3,5,7,268.0,3,3,3,3,1,5,231,1,0,399,630,3,630,672,0,1302,0,0,2,1,3,1,3,7,0,0,1,1,3,3,3,185,0,0,0,0,0,0,0,0,2,119500,11.691080018519528,2117,37,37,0,0,0,0,0,0,0,1,1,2.0,0,0,0,1,0,1,0,0,0,1,0,0,0,0,0,0,0,0,0,0,0,0,0,0,1,1,1,0,0,0,1,0,0,0,1,0,0,0,0,1,0,0,0,0,0,0,0,0,0,1,0,0,0,0,0,0,0,0,1,0,0,1,0,0,0,1,0,0,1,0,0,1,0,0,0,0,0,0,1,7.427144133408616,3.091042453358316
1293,60.0,6600,4,4,3,5,4,0.0,3,3,3,3,1,1,0,1,0,994,994,3,1378,994,0,2372,0,0,2,0,4,2,3,5,0,0,2,1,3,3,3,0,287,0,0,0,0,0,0,0,12,107500,11.58525542883217,3653,117,44,1,0,0,0,0,0,0,1,1,2.0,0,0,0,1,1,0,0,0,1,0,0,0,0,0,0,1,0,0,0,0,0,0,0,0,1,1,1,0,0,0,0,0,0,0,0,0,0,0,0,0,0,0,0,0,0,0,1,0,0,0,0,0,0,0,0,0,1,0,0,1,0,0,1,0,0,0,0,0,1,0,0,0,0,0,0,0,0,0,1,8.79497643168877,4.110873864173311
1294,78.0,10140,4,4,3,7,5,0.0,3,3,4,3,1,6,194,1,0,638,832,3,832,832,0,1664,0,0,2,1,4,1,3,7,1,3,2,2,3,3,3,0,28,0,0,259,0,0,2,0,3,162900,12.000897933306716,2783,30,30,0,0,0,0,0,0,0,1,1,2.0,0,0,0,1,0,1,1,1,0,0,0,0,0,0,1,0,0,0,0,0,0,0,0,1,0,1,1,0,0,0,1,0,0,0,0,0,0,0,0,0,1,0,0,0,0,0,0,0,0,0,1,0,0,0,0,0,0,0,0,1,0,0,0,1,0,1,0,0,1,0,0,0,0,0,0,0,0,0,1,9.224341891611996,4.3694478524670215
1295,60.0,8172,4,4,3,5,7,0.0,3,3,3,3,1,3,167,1,0,697,864,3,864,0,0,864,1,0,1,0,2,1,3,7,0,0,1,2,3,3,1,0,0,0,0,0,0,0,0,0,4,115000,11.652696102959752,1728,51,16,1,0,0,0,0,0,0,1,1,1.0,0,0,0,1,1,1,1,0,0,0,0,1,0,0,0,0,0,0,0,0,0,0,0,1,0,1,1,0,0,0,1,0,0,0,0,0,1,0,0,0,0,0,0,0,0,0,0,1,0,0,0,0,0,1,0,0,0,0,0,1,0,1,0,0,0,1,0,0,1,0,0,1,0,0,0,0,0,0,1,9.00859131751613,4.110873864173311
1296,70.0,8400,4,4,3,5,5,168.0,3,3,3,3,3,4,1016,1,0,36,1052,4,1052,0,0,1052,1,0,1,1,3,1,3,7,0,0,2,1,3,3,3,356,0,0,0,0,0,0,2,0,11,138500,11.83863282480007,2460,38,38,0,0,0,0,0,1,0,1,1,1.0,0,0,0,1,0,0,1,1,0,0,0,1,0,0,0,0,0,0,0,0,0,0,0,1,0,1,1,0,0,0,1,0,0,0,0,0,1,0,0,0,1,0,0,0,0,0,0,0,0,0,1,0,0,0,0,0,0,0,1,0,0,1,0,0,0,1,0,0,1,0,0,0,0,0,0,0,0,0,1,9.036106025364846,4.2626798770413155
1297,80.0,8700,4,4,3,5,6,148.0,3,4,3,3,2,5,776,1,0,344,1120,4,1128,0,0,1128,1,0,2,0,3,1,3,7,0,0,2,2,3,3,3,192,20,123,0,0,0,0,3,0,12,155000,11.951186847493476,2583,45,45,0,0,0,0,0,0,0,1,1,1.0,0,0,0,1,0,0,1,1,0,0,0,1,0,0,0,0,0,0,0,0,0,0,0,1,0,1,1,0,0,0,1,0,0,0,0,0,1,0,0,0,0,1,0,0,0,0,0,0,0,0,0,1,0,0,0,0,0,0,1,0,0,1,0,0,0,1,0,0,1,0,0,0,0,0,0,0,0,0,1,9.071193240566025,4.394449154672439
1298,35.0,3675,4,4,3,6,5,82.0,3,3,4,3,4,6,547,1,0,0,547,4,1072,0,0,1072,1,0,2,0,2,1,3,7,0,0,3,2,3,3,3,0,44,0,0,0,0,0,0,0,6,140000,11.849404844423074,1663,1,0,1,0,0,0,0,0,0,1,1,1.5,1,1,0,0,1,1,1,0,0,0,0,0,0,0,0,0,0,0,0,0,1,0,0,0,1,1,1,0,0,0,1,0,0,0,0,1,0,0,0,0,0,0,0,0,0,1,0,0,0,0,0,0,0,0,0,1,0,0,1,0,0,0,0,1,0,1,0,0,1,1,0,0,0,0,0,0,0,0,1,8.209580483475577,3.58351893845611
1300,75.0,7500,4,4,3,5,7,0.0,3,3,3,3,1,2,340,3,906,0,1246,5,1246,0,0,1246,1,0,1,1,3,1,4,7,0,0,2,1,3,3,3,218,0,0,0,0,0,0,4,0,5,154000,11.944714374881176,2710,51,16,1,0,0,0,0,0,0,1,1,1.0,0,0,0,1,0,0,1,1,0,0,0,1,0,0,0,0,0,0,0,0,0,0,0,1,0,1,1,0,0,0,1,0,0,0,0,0,1,0,1,0,0,0,0,0,0,0,0,0,1,0,0,0,0,0,0,0,0,0,0,1,0,1,0,0,0,1,0,0,1,0,0,0,0,0,0,0,0,0,1,8.922791623969637,4.330733340286331
1301,70.04995836802665,10762,3,4,3,7,5,344.0,4,3,4,3,1,6,694,1,0,284,978,5,1005,978,0,1983,0,0,2,1,3,1,4,7,1,3,3,2,3,3,3,0,0,0,0,0,0,0,0,0,5,225000,12.323860125621126,2961,10,10,0,0,0,0,0,0,0,1,1,2.0,0,0,0,1,0,0,0,1,0,0,0,0,0,0,1,0,0,0,0,0,0,0,0,1,0,1,1,0,1,0,0,0,0,0,0,0,0,0,0,0,0,0,0,0,0,1,0,0,0,0,0,0,0,0,0,1,0,0,0,1,0,0,0,1,0,1,0,0,1,0,0,0,0,0,0,0,0,0,1,9.283869605264298,4.2633832685897595
1302,70.04995836802665,7500,3,4,3,6,7,0.0,3,3,3,3,1,4,547,1,0,224,771,2,753,741,0,1494,0,0,1,0,3,1,4,7,2,4,1,1,3,3,2,0,0,0,0,224,0,0,0,0,11,177500,12.086731521684555,2489,67,59,1,0,0,1,0,0,0,1,1,2.0,0,0,0,1,0,1,1,0,0,0,0,0,0,0,0,1,0,0,0,0,0,0,0,1,0,1,1,0,0,0,1,0,0,0,0,0,0,0,0,0,0,0,0,0,0,0,1,0,0,0,0,0,0,0,0,0,1,0,0,1,0,1,0,0,0,1,0,0,1,0,0,0,0,0,0,0,0,0,0,8.922791623969637,4.2633832685897595
1303,92.0,10120,4,4,3,8,5,391.0,4,3,4,3,1,6,740,1,0,425,1165,5,1203,1323,0,2526,1,0,2,1,4,1,4,7,1,3,2,3,3,3,3,309,78,0,0,0,0,0,0,0,12,290000,12.577639650232571,4078,12,12,0,0,0,0,0,0,0,1,1,2.0,0,0,0,1,1,1,1,1,0,0,0,0,0,0,1,0,0,0,0,0,0,0,0,1,0,1,1,0,0,0,1,0,0,0,0,0,1,0,0,0,0,0,0,0,0,1,0,0,0,0,0,0,0,0,0,1,0,0,1,0,0,0,0,1,0,1,0,0,1,0,0,0,0,0,0,0,0,0,1,9.222367752188902,4.532599493153256
1304,73.0,8688,4,4,3,7,5,228.0,4,3,4,3,3,1,0,1,0,1616,1616,5,1616,0,0,1616,0,0,2,0,3,1,4,7,0,0,2,3,3,3,3,208,59,0,0,0,0,0,0,0,4,232000,12.354496960983983,3499,1,1,0,0,0,0,0,0,0,1,1,1.0,0,0,0,1,1,0,1,0,1,0,0,1,0,0,0,0,0,0,0,0,0,0,0,1,0,1,1,0,0,0,1,0,0,0,0,0,0,0,0,0,0,0,0,0,0,1,0,0,0,0,0,0,0,0,0,1,0,0,1,0,0,0,0,1,0,1,0,0,1,0,0,0,0,0,0,0,0,0,1,9.069813136839207,4.30406509320417
1305,32.0,3363,4,4,3,7,5,117.0,4,3,4,3,1,1,0,1,0,976,976,5,976,732,0,1708,0,0,2,0,3,1,4,3,0,0,1,2,3,3,3,0,40,0,0,0,0,0,0,0,4,130000,11.775297421715829,2724,2,2,0,0,0,0,0,0,0,1,1,2.0,0,0,0,1,1,1,1,0,0,1,0,0,0,0,0,0,0,0,0,0,0,0,0,0,1,1,1,0,0,0,1,0,0,0,0,1,0,0,0,0,0,0,0,0,0,1,0,0,0,0,0,0,0,0,0,1,0,0,0,0,1,0,0,1,0,1,0,0,1,0,0,1,0,0,0,0,0,0,1,8.120886021092838,3.4965075614664802
1306,108.0,13173,3,4,3,9,5,300.0,4,3,5,3,1,6,1572,1,0,80,1652,5,1652,0,0,1652,1,0,2,0,2,1,5,7,2,5,3,2,3,3,3,404,102,0,0,0,0,0,0,0,11,325000,12.691583538230216,3810,3,2,1,0,0,0,0,0,0,1,1,1.0,0,0,0,1,0,0,0,0,1,0,0,1,0,0,0,0,0,0,0,0,0,0,0,1,0,1,1,0,0,0,0,0,0,0,0,0,1,0,0,0,0,0,0,0,0,1,0,0,0,0,0,0,0,0,0,1,0,0,0,0,1,0,0,1,0,1,0,0,1,0,0,0,0,0,0,0,0,0,1,9.486000469200638,4.6913478822291435
1307,48.0,6955,3,4,3,7,5,94.0,4,3,4,3,1,1,0,1,0,1368,1368,5,1368,0,0,1368,0,0,2,0,2,1,4,7,1,4,2,2,3,3,3,132,35,0,0,0,0,0,0,0,9,202500,12.218500103788145,2903,1,0,1,0,0,0,0,0,0,1,1,1.0,0,1,0,0,0,0,0,0,1,0,0,0,0,0,0,0,0,0,0,0,0,0,0,1,0,1,1,0,0,0,1,0,0,0,0,1,0,0,0,0,0,0,0,0,0,1,0,0,0,0,0,0,0,0,0,1,0,0,0,0,1,0,0,1,0,1,0,0,1,0,0,0,0,0,0,0,0,0,1,8.847359875474174,3.8918202981106265
1308,60.0,8072,4,4,3,5,5,0.0,3,4,4,4,1,5,746,1,0,244,990,5,990,0,0,990,1,0,1,0,3,1,3,7,0,0,1,2,3,3,3,0,64,0,0,0,0,0,0,0,5,138000,11.8350162104899,2044,15,14,1,0,0,0,0,0,0,1,1,1.0,0,0,0,1,1,0,1,0,0,0,0,1,0,0,0,0,0,0,0,0,0,0,0,1,0,1,1,0,0,0,1,0,0,0,0,0,0,0,0,0,0,0,0,0,0,1,0,0,0,0,0,0,0,0,0,1,0,0,0,1,0,0,0,1,0,1,0,0,1,0,0,1,0,0,0,0,0,0,1,8.996280439395015,4.110873864173311
1309,100.0,12000,4,4,3,5,7,0.0,3,3,3,3,1,6,144,5,608,172,924,5,1122,0,0,1122,1,0,1,0,2,1,4,7,0,0,1,2,3,3,3,0,36,0,0,0,0,0,2,0,5,147000,11.898194668458824,2082,60,3,1,0,0,0,0,0,0,1,1,1.0,0,0,0,1,1,0,0,0,1,0,0,1,0,0,0,0,0,0,0,0,0,0,0,0,1,1,1,0,0,0,1,0,0,0,0,0,0,0,0,0,0,1,0,0,0,0,0,0,0,0,0,1,0,0,0,0,0,0,0,1,0,1,0,0,0,1,0,0,1,0,0,0,0,0,0,0,0,0,1,9.392745258631441,4.61512051684126
1310,70.04995836802665,7153,4,4,3,6,5,88.0,3,3,4,3,1,6,1200,1,0,78,1278,4,1294,0,0,1294,1,0,2,0,3,1,4,7,0,0,2,2,3,3,3,112,51,0,0,0,0,0,2,0,6,179200,12.09626335986454,2735,17,17,0,0,0,0,0,0,0,1,1,1.0,0,0,0,1,0,0,1,0,1,0,0,1,0,0,0,0,0,0,0,0,0,0,0,1,0,1,1,0,0,0,1,0,0,0,0,0,0,0,0,0,1,0,0,0,0,0,0,0,0,0,1,0,0,0,0,0,0,0,1,0,0,1,0,0,0,1,0,0,1,0,0,0,0,0,0,0,0,0,1,8.875426919818963,4.2633832685897595
1311,100.0,17500,4,4,3,7,8,0.0,4,4,4,3,3,6,1406,1,0,496,1902,3,1902,0,0,1902,1,0,2,0,3,1,5,7,2,3,3,2,3,3,3,0,207,162,0,0,0,0,0,0,5,335000,12.721888795877376,4173,51,8,1,0,0,0,1,0,0,1,1,1.0,0,0,0,1,0,1,1,0,0,0,0,1,0,0,0,0,0,0,0,0,0,0,0,1,0,1,1,0,0,0,1,0,0,0,0,0,0,0,1,0,0,0,0,0,0,0,0,0,0,0,1,0,0,0,0,0,0,0,0,1,0,0,0,1,0,1,0,0,1,0,0,0,0,0,0,0,0,0,1,9.770013301136158,4.61512051684126
1312,68.0,8814,4,4,3,7,5,80.0,4,3,4,3,1,6,925,1,0,349,1274,5,1274,0,0,1274,1,0,2,0,3,1,4,7,0,0,2,2,3,3,3,264,98,0,0,0,0,0,0,0,1,203000,12.220966184120163,2910,2,0,1,0,0,0,0,0,0,1,1,1.0,0,1,0,0,1,0,1,0,0,0,0,1,0,0,0,0,0,0,0,0,0,0,0,1,0,1,1,0,0,0,1,0,0,0,0,0,0,0,0,0,0,0,0,0,0,1,0,0,0,0,0,0,0,0,0,1,0,0,1,0,0,0,0,1,0,1,0,0,1,0,0,0,0,0,0,0,0,0,1,9.08421009483197,4.23410650459726
1313,70.04995836802665,9572,3,4,3,8,5,336.0,4,3,5,3,1,6,482,1,0,971,1453,5,1453,1357,0,2810,0,0,2,1,4,1,4,7,1,5,2,2,4,4,3,500,0,0,0,0,0,0,0,0,6,302000,12.618185607609805,4763,17,17,0,0,0,0,0,0,0,1,1,2.0,0,0,0,1,1,1,1,1,0,0,0,0,0,0,1,0,0,0,0,0,0,0,0,1,0,1,1,0,0,0,1,0,0,0,0,0,0,0,0,0,0,0,0,0,0,0,1,0,0,0,0,0,0,0,0,0,1,0,1,0,0,0,0,1,0,1,0,0,1,0,0,0,0,0,0,0,0,0,1,9.166701914946353,4.2633832685897595
1314,108.0,14774,3,4,3,9,5,165.0,4,3,4,3,1,1,0,1,0,1393,1393,5,1422,1177,0,2599,0,0,2,1,4,1,4,7,1,3,3,3,3,3,3,668,30,0,0,0,0,0,0,0,5,333168,12.716405147731708,4690,11,11,0,0,0,0,0,0,0,1,1,2.0,0,0,0,1,1,1,1,1,0,0,0,0,0,0,1,0,0,0,0,0,0,0,0,1,0,1,1,0,0,0,0,0,0,0,0,0,0,0,0,0,0,0,0,0,0,1,0,0,0,0,0,0,0,0,0,1,0,0,1,0,0,0,0,1,0,1,0,0,1,0,1,0,0,0,0,0,0,0,1,9.6006918422743,4.6913478822291435
1315,60.0,8190,4,4,3,4,6,0.0,3,3,3,3,1,3,732,1,0,216,948,5,948,0,0,948,1,0,1,0,3,1,3,7,1,3,1,1,3,3,3,0,36,0,0,0,0,0,0,0,10,119000,11.686887175419702,1932,53,53,0,0,0,0,0,0,0,1,1,1.0,0,0,0,1,1,1,1,0,0,0,0,1,0,0,0,0,0,0,0,0,0,0,0,1,0,1,1,0,0,0,1,0,0,0,0,0,1,0,0,0,0,0,0,0,0,0,1,0,0,0,0,0,0,0,0,0,1,0,0,1,0,1,0,0,0,1,0,0,1,0,0,1,0,0,0,0,0,0,1,9.010791269515602,4.110873864173311
1316,85.0,11075,4,4,3,6,5,0.0,3,3,2,3,2,5,500,2,276,176,952,3,1092,1020,0,2112,0,0,2,1,4,1,3,7,2,4,1,2,3,3,3,280,0,0,0,0,0,0,0,0,6,206900,12.239995696974733,3344,39,39,0,0,0,0,0,0,0,1,1,2.0,0,0,0,1,0,0,1,1,0,0,0,0,0,0,1,0,0,0,0,0,0,0,0,1,0,1,1,0,0,0,1,0,0,0,0,0,0,0,0,0,1,0,0,0,0,0,0,0,0,0,1,0,0,0,0,0,0,0,0,1,0,1,0,0,0,1,0,0,1,0,0,0,0,0,0,0,0,0,1,9.312535884290853,4.454347296253507
1317,61.0,10226,3,4,3,8,5,270.0,4,3,5,3,4,1,0,1,0,1622,1622,5,1630,0,0,1630,1,0,2,0,3,1,5,7,1,4,2,3,3,3,3,172,42,0,0,0,0,0,0,0,1,295493,12.59640381105362,3466,1,1,0,0,0,0,0,0,0,1,1,1.0,0,0,0,1,1,0,1,0,0,0,0,1,0,0,0,0,0,0,0,0,0,0,0,1,0,1,1,0,0,0,1,0,0,0,0,0,0,0,0,0,0,0,0,0,0,1,0,0,0,0,0,0,0,0,0,1,0,0,0,0,1,0,0,1,0,1,0,0,1,0,0,0,0,0,0,0,0,0,1,9.232786560806012,4.127134385045092
1318,47.0,4230,4,4,3,7,5,0.0,4,3,5,4,1,1,0,1,0,1352,1352,5,1352,0,0,1352,0,0,2,0,2,1,4,7,1,4,2,2,3,3,3,0,241,0,0,0,0,0,0,0,4,208900,12.249615734512616,2945,1,0,1,0,0,0,0,0,0,1,1,1.0,0,1,0,0,1,0,1,0,1,0,0,0,0,0,0,0,0,0,0,0,0,0,0,0,0,1,0,1,0,0,0,0,0,0,0,1,0,0,0,0,0,0,0,0,0,1,0,0,0,0,0,0,0,0,0,1,0,0,0,1,0,0,0,1,0,1,0,0,1,0,0,0,0,0,0,0,0,0,1,8.350193650720067,3.871201010907891
1319,70.04995836802665,14781,2,4,3,8,5,178.0,4,3,4,3,4,1,0,1,0,1753,1753,5,1787,0,0,1787,0,0,2,0,3,1,4,7,1,3,2,3,3,3,3,198,150,0,0,0,0,0,0,0,8,275000,12.524530013005734,3888,5,4,1,0,0,0,0,0,0,1,1,1.0,0,0,0,1,1,0,1,0,0,0,0,1,0,0,0,0,0,0,0,0,0,0,0,1,0,1,1,0,1,0,0,0,0,0,0,0,1,0,0,0,0,0,0,0,0,1,0,0,0,0,0,0,0,0,0,1,0,0,1,0,0,0,0,1,0,1,0,0,1,0,0,0,0,0,0,0,0,0,1,9.601165503344832,4.2633832685897595
1320,75.0,10215,4,4,3,4,5,132.0,3,3,3,3,1,5,492,1,0,372,864,5,948,0,0,948,0,0,1,0,3,1,3,7,0,0,1,1,3,3,3,0,0,0,0,0,0,0,0,0,2,111000,11.6172944892629,1812,53,53,0,0,0,1,0,0,0,1,1,1.0,0,0,0,1,1,1,1,0,0,0,0,1,0,0,0,0,0,0,0,0,0,0,0,1,0,1,1,0,0,0,1,0,0,0,0,0,1,0,0,0,0,0,0,0,0,0,1,0,0,0,0,0,0,0,0,0,1,0,1,0,0,0,0,1,0,1,0,0,1,0,0,0,0,0,0,0,0,0,0,9.231710397712375,4.330733340286331
1321,70.0,8400,4,4,3,6,3,0.0,3,3,3,3,1,5,189,3,661,628,1478,4,1478,0,0,1478,1,0,1,1,3,1,3,7,2,4,2,2,3,3,3,114,0,0,0,216,0,0,0,0,6,156500,11.960817678718287,3286,52,52,0,0,0,0,0,0,0,1,1,1.0,0,0,0,1,0,0,1,1,0,0,0,1,0,0,0,0,0,0,0,0,0,0,0,1,0,1,1,0,0,0,1,0,0,0,0,0,1,0,1,0,0,0,0,0,0,0,0,0,1,0,0,0,0,0,0,0,0,0,0,1,0,1,0,0,0,1,0,0,1,0,0,0,0,0,0,0,0,0,1,9.036106025364846,4.2626798770413155
1322,70.04995836802665,6627,3,4,3,3,6,0.0,3,3,0,0,0,0,0,0,0,0,0,3,720,0,0,720,0,0,1,0,2,1,3,7,0,0,1,1,3,2,3,0,0,0,0,0,0,0,0,0,7,72500,11.19135563385109,720,59,58,1,0,0,0,0,1,0,1,0,1.0,0,0,0,1,1,1,0,0,0,0,0,1,0,0,0,0,0,0,0,0,0,0,0,1,0,1,1,0,0,0,0,0,0,0,0,0,1,0,0,0,0,0,0,0,0,1,0,0,0,0,0,0,0,0,0,1,0,0,0,1,0,1,0,0,0,0,0,0,1,0,0,1,0,0,0,0,0,0,1,8.799058378546453,4.2633832685897595
1323,107.0,10186,3,4,3,7,5,0.0,4,3,4,3,1,6,674,1,0,76,750,5,1061,862,0,1923,1,0,2,1,3,1,4,7,1,3,2,2,3,3,3,240,39,0,0,0,0,0,0,0,6,190000,12.154784614286667,2952,18,18,0,0,0,0,0,0,0,1,1,2.0,0,0,0,1,1,1,1,1,0,0,0,0,0,0,1,0,0,0,0,0,0,0,0,1,0,1,1,0,0,0,1,0,0,0,0,0,0,0,0,0,1,0,0,0,0,0,0,0,0,0,1,0,0,0,0,0,0,0,0,1,0,0,0,1,0,1,0,0,1,0,0,0,0,0,0,0,0,0,1,9.228867676590067,4.68213122712422
1324,50.0,5330,4,4,3,4,7,0.0,2,3,3,3,1,2,280,1,0,140,420,4,708,0,0,708,0,0,1,0,2,1,2,7,0,0,0,0,0,0,3,164,0,0,0,0,0,0,0,0,12,82500,11.320565693461432,1292,69,59,1,0,0,1,0,0,0,1,1,1.0,0,0,0,1,1,1,0,0,0,0,0,0,1,0,0,0,0,0,0,0,0,0,0,1,0,1,1,0,0,0,1,0,0,0,0,0,1,0,0,0,0,0,0,0,0,1,0,0,0,0,0,0,0,0,0,1,0,0,0,1,0,1,0,0,0,1,0,0,1,0,0,0,1,0,0,0,1,0,0,8.581294116822761,3.9318256327243257
1325,75.0,9986,4,4,3,8,5,428.0,4,3,5,3,3,1,0,1,0,1795,1795,5,1795,0,0,1795,0,0,2,0,2,1,4,7,1,4,2,3,3,3,3,0,49,0,0,0,0,0,0,0,2,147000,11.898194668458824,3639,1,0,1,0,0,0,0,0,0,1,1,1.0,0,1,0,0,1,0,1,0,1,0,0,1,0,0,0,0,0,0,0,0,0,0,0,1,0,1,1,0,0,0,1,0,0,0,0,0,0,0,0,0,0,0,0,0,0,1,0,0,0,0,0,0,0,0,0,1,0,0,1,0,0,0,0,1,0,1,0,0,1,0,0,0,0,0,0,0,0,0,1,9.209039526243135,4.330733340286331
1326,40.0,3636,4,4,3,4,4,0.0,3,3,3,2,1,1,0,1,0,796,796,2,796,0,0,796,0,0,1,0,2,1,3,7,0,0,0,0,0,0,1,0,0,100,0,0,0,0,3,0,1,55000,10.915106645867503,1692,86,58,1,0,0,0,0,0,0,1,1,1.0,0,0,0,1,1,0,0,1,0,0,0,0,1,0,0,0,0,0,0,0,0,0,0,0,1,1,1,0,0,0,1,0,0,0,0,0,0,0,0,0,0,0,0,0,0,0,0,0,0,0,0,0,0,0,0,0,0,0,0,1,0,0,0,0,0,0,0,0,1,0,0,0,1,0,0,0,0,0,1,8.19891444498699,3.713572066704308
1327,70.0,4270,4,4,2,3,6,0.0,3,3,3,3,1,3,544,1,0,0,544,5,774,0,0,774,0,0,1,0,3,1,4,7,0,0,0,0,0,0,3,0,0,286,0,0,0,0,0,0,5,79000,11.277215789596893,1604,76,1,1,0,0,1,0,0,0,1,1,1.0,0,0,0,1,1,1,1,0,0,0,0,0,1,0,0,0,0,0,0,0,0,0,1,0,0,1,1,0,0,0,1,0,0,0,0,0,0,0,0,0,0,1,0,0,0,0,0,0,0,0,0,1,0,0,0,0,0,0,0,1,0,0,0,0,0,1,0,0,1,0,0,0,1,0,0,0,0,0,0,8.359603270841466,4.2626798770413155
1328,60.0,6600,4,4,3,5,9,0.0,4,4,3,3,1,5,641,1,0,175,816,5,816,0,0,816,0,1,1,0,3,1,4,7,1,5,1,1,3,3,3,0,0,0,0,0,0,0,3,0,10,130500,11.779136168550774,1632,26,0,1,0,0,0,0,0,0,1,1,1.0,0,0,0,1,1,1,0,1,0,0,0,1,0,0,0,0,0,0,0,0,0,0,0,1,0,1,1,0,0,0,1,0,0,0,0,0,0,0,0,0,0,0,0,0,0,1,0,0,0,0,0,0,0,0,0,1,0,0,0,1,0,1,0,0,0,1,0,0,1,0,0,0,0,0,0,0,0,0,1,8.79497643168877,4.110873864173311
1329,60.0,10440,4,4,3,6,7,0.0,4,4,4,3,1,2,493,1,0,1017,1510,5,1584,1208,0,2792,0,0,2,0,5,1,3,4,2,3,1,2,2,3,3,0,547,0,0,480,0,0,3,1150,6,256000,12.45293662970407,5329,88,58,1,0,1,0,0,0,0,1,0,1.5,0,0,0,1,1,0,0,0,1,0,0,0,0,1,0,0,0,0,0,0,0,0,0,0,1,1,0,0,0,0,0,0,0,0,0,0,0,0,1,0,0,0,0,0,0,0,0,0,0,0,0,0,0,0,0,0,1,0,0,1,0,0,0,0,0,1,0,0,1,0,0,1,0,0,0,1,0,0,1,9.25349564229011,4.110873864173311
1330,63.0,9084,3,4,3,7,5,0.0,3,3,4,3,1,1,0,1,0,935,935,4,955,677,0,1632,0,0,2,1,3,1,3,7,1,3,3,2,3,3,3,0,28,0,0,0,0,0,0,0,6,176500,12.08108182106182,2595,8,8,0,0,0,0,0,0,0,1,1,2.0,0,0,0,1,0,0,0,1,0,0,0,0,0,0,1,0,0,0,0,0,0,0,0,1,0,1,1,0,0,0,1,0,0,0,0,0,1,0,0,0,0,0,0,0,0,1,0,0,0,0,0,0,0,0,0,1,0,0,0,1,0,0,0,1,0,1,0,0,1,0,0,0,0,0,0,0,0,0,1,9.114379980830272,4.1588830833596715
1331,85.0,10000,4,4,3,8,5,410.0,4,3,4,4,3,1,0,1,0,1588,1588,5,1588,0,0,1588,0,0,2,0,3,1,4,7,1,4,2,3,3,3,3,144,45,0,0,0,0,0,0,0,12,227000,12.33270970174018,3365,1,1,0,0,0,0,0,0,0,1,1,1.0,0,0,0,1,1,0,1,0,1,0,0,1,0,0,0,0,0,0,0,0,0,0,0,1,0,1,1,0,0,0,1,0,0,0,0,0,1,0,0,0,0,0,0,0,0,1,0,0,0,0,0,0,0,0,0,1,0,0,0,0,1,0,0,1,0,1,0,0,1,0,0,0,0,0,0,0,0,0,1,9.210440366976517,4.454347296253507
1332,55.0,10780,3,4,3,5,5,0.0,3,3,3,3,3,5,483,1,0,428,911,4,954,0,0,954,0,0,1,0,3,1,3,7,0,0,1,2,3,3,3,0,0,0,0,0,0,0,0,0,7,132500,11.794345471549745,1865,30,30,0,0,0,0,0,0,0,1,1,1.5,1,0,0,1,1,0,1,0,0,0,0,0,0,0,0,0,0,1,0,0,0,0,0,1,0,1,1,0,0,0,1,0,0,0,0,0,0,0,0,0,0,1,0,0,0,0,0,0,0,0,0,1,0,0,0,0,0,0,0,1,0,1,0,0,0,1,0,0,1,0,0,1,0,0,0,0,0,0,1,9.285540604539118,4.02535169073515
1333,67.0,8877,4,4,2,4,6,0.0,3,3,3,3,2,5,690,1,0,126,816,5,816,0,0,816,1,0,1,0,2,1,3,7,1,4,1,1,2,2,3,0,0,0,0,0,0,0,0,0,5,100000,11.51293546492023,1632,71,51,1,0,0,0,0,0,0,1,1,1.0,0,0,0,1,1,1,1,0,0,0,0,1,0,0,0,0,0,0,0,0,0,0,0,1,0,1,1,0,0,0,1,0,0,0,0,0,0,0,0,0,0,1,0,0,0,0,0,0,0,0,0,1,0,0,0,0,0,0,0,1,0,1,0,0,0,1,0,0,1,0,0,1,0,0,0,0,0,0,1,9.09133158539398,4.219507705176107
1334,60.0,7200,4,4,3,5,6,0.0,3,3,3,3,1,1,0,1,0,803,803,5,803,557,0,1360,0,0,1,1,2,1,4,7,0,0,1,1,3,3,3,0,65,190,0,0,0,0,3,0,7,125500,11.74006900564972,2418,68,11,1,0,0,0,0,0,0,1,1,1.5,0,0,0,1,1,0,0,1,0,0,0,0,0,1,0,0,0,0,0,0,0,0,0,0,1,1,1,0,0,0,0,0,0,0,0,0,0,0,0,0,0,0,0,0,0,0,1,0,0,0,0,0,0,0,0,0,1,0,0,1,0,1,0,0,0,1,0,0,1,0,0,1,0,0,0,0,0,0,1,8.881975184248867,4.110873864173311
1335,24.0,2368,4,4,3,5,6,312.0,3,3,3,3,1,2,765,1,0,0,765,3,765,600,0,1365,0,0,1,1,3,1,3,6,0,0,1,2,3,3,3,0,36,0,0,0,0,0,0,0,5,125000,11.736077016252436,2166,39,39,0,0,0,0,0,0,0,1,1,2.0,0,0,0,1,0,1,0,0,0,1,0,0,0,0,0,0,0,0,0,0,0,0,0,0,1,1,1,0,0,0,1,0,0,0,0,1,0,0,0,0,1,0,0,0,0,0,0,0,0,0,1,0,0,0,0,0,0,0,0,1,0,1,0,0,0,1,0,0,1,0,0,0,0,0,0,0,0,0,1,7.7702232041587855,3.2188758248682006
1336,80.0,9650,4,4,3,6,5,360.0,3,3,4,3,1,5,686,1,0,664,1350,3,1334,0,0,1334,0,1,2,0,2,1,3,7,1,3,2,2,3,3,3,0,16,0,0,0,0,0,0,0,4,167900,12.031129798974042,2700,32,32,0,0,0,0,0,0,0,1,1,1.0,0,0,0,1,0,1,1,1,0,0,0,1,0,0,0,0,0,0,0,0,0,0,0,1,0,1,1,0,0,0,1,0,0,0,0,0,0,0,0,0,0,0,0,1,0,0,0,0,0,0,0,0,0,1,0,0,0,0,1,0,0,1,0,0,0,1,0,0,1,0,0,0,0,0,0,0,0,0,1,9.174816815907135,4.394449154672439
1337,87.0,9246,3,4,3,5,5,564.0,3,3,3,3,1,1,0,1,0,1656,1656,3,1656,0,0,1656,0,0,2,0,4,2,3,7,0,0,1,2,3,3,3,0,211,0,0,0,0,0,0,0,11,135000,11.81303746480054,3523,35,35,0,0,0,0,0,1,0,1,1,1.0,0,0,0,1,0,1,1,1,0,0,0,0,0,0,0,0,0,0,0,1,0,0,0,1,0,1,1,0,0,0,1,0,0,1,0,0,0,0,0,0,0,0,0,1,0,0,0,0,0,0,0,0,0,1,0,0,0,0,1,0,0,1,0,0,0,1,0,0,1,0,0,1,0,0,0,0,0,0,1,9.132054453577638,4.477336814478207
1338,153.0,4118,3,4,2,4,4,0.0,3,3,3,3,1,1,0,1,0,693,693,2,693,0,0,693,0,0,1,0,2,1,2,7,0,0,0,0,0,0,1,0,20,0,0,0,0,0,0,0,3,52500,10.86858749601736,1406,65,56,1,0,0,1,0,1,0,1,0,1.0,0,0,0,1,1,0,0,0,1,0,0,0,1,0,0,0,0,0,0,0,0,0,0,0,1,1,0,0,0,0,0,0,0,0,0,0,0,0,0,0,0,0,0,0,0,0,1,0,0,0,0,0,0,0,0,0,1,0,0,1,0,1,0,0,0,0,0,0,0,0,0,0,1,0,0,0,0,0,0,8.323365694436081,5.0369526024136295
1339,95.0,13450,3,4,3,7,5,0.0,4,3,4,3,1,6,700,1,0,216,916,5,920,941,0,1861,1,0,2,1,3,1,4,7,0,0,2,2,3,3,3,146,91,0,0,0,0,0,0,0,6,200000,12.206077645517674,3014,4,4,0,0,0,0,0,0,0,1,1,2.0,0,0,0,1,1,0,1,0,0,0,0,0,0,0,1,0,0,0,0,0,0,0,0,1,0,1,1,0,0,0,0,0,0,0,0,0,0,0,0,0,0,0,0,0,0,1,0,0,0,0,0,0,0,0,0,1,0,0,0,1,0,0,0,1,0,1,0,0,1,0,1,0,0,0,0,0,0,0,1,9.506808731708581,4.564348191467836
1340,120.0,9560,3,4,3,5,7,0.0,3,4,3,3,2,3,360,1,0,504,864,5,864,0,0,864,0,0,1,0,3,1,3,7,0,0,2,1,3,3,3,0,0,0,0,0,0,0,0,0,6,128500,11.7636919653883,1728,34,34,0,0,0,0,0,0,0,1,1,1.0,0,0,0,1,1,0,1,0,0,0,0,1,0,0,0,0,0,0,0,0,0,0,0,1,0,1,1,0,0,0,0,0,0,0,0,0,1,0,0,0,0,1,0,0,0,0,0,0,0,0,0,1,0,0,0,0,0,0,0,1,0,1,0,0,0,1,0,0,1,0,0,0,0,0,0,0,0,0,1,9.165447603085447,4.795790545596741
1341,70.0,8294,4,4,3,4,5,0.0,3,3,3,3,1,1,0,1,0,858,858,3,872,0,0,872,0,0,1,0,3,1,3,7,0,0,1,4,3,3,3,0,0,0,0,0,0,0,2,0,6,123000,11.719947764402807,1730,36,36,0,0,0,0,0,0,0,1,1,1.0,0,0,0,1,0,0,1,1,0,0,0,1,0,0,0,0,0,0,0,0,0,0,0,1,0,1,1,0,0,0,1,0,0,0,0,0,0,0,0,0,0,1,0,0,0,0,0,0,0,0,0,1,0,0,0,0,0,0,0,1,0,1,0,0,0,1,0,0,1,0,0,1,0,0,0,0,0,0,1,9.023408202624545,4.2626798770413155
1342,66.0,13695,4,4,3,6,5,0.0,3,3,4,3,1,6,814,1,0,300,1114,5,1114,0,0,1114,1,0,1,0,3,1,4,7,0,0,1,2,3,3,3,0,78,0,0,0,0,0,0,0,7,155000,11.951186847493476,2306,5,4,1,0,0,0,0,0,1,1,1,1.0,0,0,0,1,0,0,1,0,1,0,0,1,0,0,0,0,0,0,0,0,0,0,0,1,0,1,1,0,0,0,1,0,0,0,0,0,0,0,0,0,0,0,0,0,0,1,0,0,0,0,0,0,0,0,0,1,0,0,0,1,0,0,0,1,0,1,0,0,1,0,0,1,0,0,0,0,0,0,1,9.524859098381523,4.204692619390966
1343,70.04995836802665,9375,4,4,3,8,5,149.0,4,3,4,3,1,1,0,1,0,1284,1284,5,1284,885,0,2169,0,0,2,1,3,1,4,7,1,4,2,2,3,3,3,192,87,0,0,0,0,0,0,0,8,228500,12.339295865674435,3732,5,5,0,0,0,0,0,0,0,1,1,2.0,0,0,0,1,1,0,1,0,0,0,0,0,0,0,1,0,0,0,0,0,0,0,0,1,0,1,1,0,0,0,1,0,0,0,0,0,0,0,0,0,0,0,0,0,0,1,0,0,0,0,0,0,0,0,0,1,0,0,1,0,0,0,0,1,0,1,0,0,1,0,0,0,0,0,0,0,0,0,1,9.145908511816794,4.2633832685897595
1344,57.0,7558,4,4,3,6,6,0.0,3,3,3,3,1,1,0,1,0,896,896,4,1172,741,0,1913,0,0,1,1,3,1,3,7,1,3,1,2,2,2,3,0,0,0,0,0,0,0,0,0,3,177000,12.08391066125752,2809,81,59,1,0,0,1,0,0,0,1,1,1.5,0,0,0,1,0,1,1,0,0,0,0,0,0,1,0,0,0,0,0,0,0,0,0,1,0,1,1,0,0,0,1,0,0,0,0,0,0,0,1,0,0,0,0,0,0,0,0,0,0,0,0,0,1,0,0,0,0,0,0,1,0,0,0,0,0,1,0,0,1,0,0,1,0,0,0,0,0,0,0,8.930494185292178,4.060443010546419
1345,85.0,11103,3,4,3,7,5,0.0,4,3,4,3,1,1,0,1,0,728,728,5,728,728,0,1456,0,0,2,1,3,1,4,7,1,3,3,2,3,3,3,0,0,0,0,0,0,0,0,0,7,155835,11.95655945119582,2184,1,1,0,0,0,0,0,0,0,1,1,2.0,0,1,0,0,1,0,1,0,0,0,0,0,0,0,1,0,0,0,0,0,0,0,0,1,0,1,1,0,0,0,0,0,0,0,0,0,0,0,0,0,0,0,0,0,0,1,0,0,0,0,0,0,0,0,0,1,0,0,0,1,0,0,0,1,0,1,0,0,1,0,0,0,0,0,0,0,0,0,1,9.315060682746585,4.454347296253507
1346,50.0,6000,4,4,3,4,4,0.0,3,3,3,3,1,5,250,1,0,710,960,4,960,0,0,960,0,0,1,0,2,1,2,7,0,0,1,1,3,3,3,0,0,168,0,0,0,0,0,0,7,108500,11.59451466851004,2088,87,57,1,0,0,0,0,0,0,1,1,1.0,0,0,0,1,1,0,0,0,1,0,0,0,1,0,0,0,0,0,0,0,0,0,0,0,1,1,1,0,0,0,1,0,0,0,0,0,1,0,0,0,0,1,0,0,0,0,0,0,0,0,0,1,0,0,0,0,0,0,0,1,0,0,0,1,0,1,0,0,0,0,0,1,0,0,0,0,0,0,1,8.699681400989514,3.9318256327243257
1347,70.04995836802665,20781,2,4,3,7,7,0.0,3,3,3,3,1,4,297,3,68,1203,1568,3,2156,0,0,2156,0,0,2,0,3,1,3,7,1,4,2,2,4,3,3,0,80,0,290,0,0,0,0,0,6,262500,12.47801017053037,4094,38,3,1,0,0,0,1,0,0,1,1,1.0,0,0,0,1,0,1,1,1,0,0,0,1,0,0,0,0,0,0,0,0,0,0,0,1,0,1,1,0,1,0,0,0,0,0,0,0,1,0,1,0,0,0,0,0,0,0,0,0,0,0,1,0,0,0,0,0,0,0,0,1,0,1,0,0,0,1,0,0,1,0,0,0,0,0,0,0,0,0,1,9.941842506412591,4.2633832685897595
1348,93.0,15306,3,4,3,8,5,100.0,4,3,5,3,4,6,80,1,0,1652,1732,5,1776,0,0,1776,1,0,2,0,3,1,4,7,1,4,3,3,3,3,3,0,0,0,0,0,0,0,0,0,5,283463,12.554840409959793,3508,1,0,1,0,0,1,0,0,0,1,1,1.0,0,1,0,0,1,1,1,0,1,0,0,1,0,0,0,0,0,0,0,0,0,0,0,1,0,1,1,0,0,0,0,0,0,0,0,0,0,0,0,0,0,0,0,0,0,1,0,0,0,0,0,0,0,0,0,1,0,0,0,0,1,0,0,1,0,1,0,0,1,0,0,0,0,0,0,0,1,0,0,9.636065519091707,4.543294782270004
1349,70.04995836802665,16196,1,4,3,7,5,0.0,4,3,4,3,4,6,1443,1,0,39,1482,5,1494,0,0,1494,1,0,2,0,3,1,4,7,1,2,2,2,3,3,3,402,25,0,0,0,0,0,0,0,8,215000,12.278397958261774,3403,9,9,0,0,0,1,0,0,0,1,1,1.0,0,0,0,1,0,0,1,0,1,0,0,1,0,0,0,0,0,0,0,0,0,0,0,1,0,1,1,0,0,0,1,0,0,0,0,0,0,0,0,0,0,0,0,0,0,1,0,0,0,0,0,0,0,0,0,1,0,0,0,1,0,0,0,1,0,1,0,0,1,0,0,0,0,0,0,0,0,1,0,9.692581318886397,4.2633832685897595
1350,50.0,5250,4,4,3,8,5,0.0,3,4,3,2,1,2,259,1,0,425,684,2,938,1215,205,2358,0,0,2,0,4,1,3,7,0,0,0,0,0,0,3,0,54,20,0,0,0,0,0,0,12,122000,11.711784520403112,3116,136,21,1,0,0,0,0,0,0,1,0,2.0,0,0,0,1,1,0,0,0,1,0,0,0,0,0,0,1,0,0,0,0,0,0,0,0,1,1,0,1,0,0,1,0,0,0,0,0,0,0,0,0,0,1,0,0,0,0,0,0,0,0,0,1,0,0,0,0,0,0,0,1,0,0,0,0,0,0,0,0,1,0,0,0,1,0,0,0,0,0,1,8.566173813637858,3.9318256327243257
1351,91.0,11643,4,4,3,5,5,368.0,3,3,3,3,1,2,500,1,0,748,1248,3,1338,1296,0,2634,1,1,2,2,6,2,3,7,0,0,1,4,3,3,3,0,0,0,0,0,0,0,0,0,8,200000,12.206077645517674,3882,40,40,0,0,0,0,0,1,0,1,1,2.0,0,0,0,1,0,0,1,1,0,0,0,0,0,0,0,0,0,0,0,1,0,0,0,1,0,1,1,0,0,0,1,0,0,1,0,0,0,0,0,0,0,1,0,0,0,0,0,0,0,0,0,1,0,0,0,0,0,0,1,0,0,1,0,0,0,1,0,0,1,0,0,1,0,0,0,0,0,0,1,9.362546304865514,4.5217885770490405
1352,70.0,9247,3,4,3,6,6,318.0,3,3,3,3,1,3,319,1,0,539,858,5,858,858,0,1716,0,0,1,1,4,1,3,7,1,4,3,2,3,3,3,0,84,0,0,120,0,0,0,0,3,171000,12.049424683420916,2778,46,46,0,0,0,0,0,0,0,1,1,2.0,0,0,0,1,0,0,1,1,0,0,0,0,0,0,1,0,0,0,0,0,0,0,0,1,0,1,1,0,0,0,1,0,0,0,0,0,0,0,0,0,1,0,0,0,0,0,0,0,0,0,1,0,0,0,0,0,0,0,1,0,0,1,0,0,0,1,0,0,1,0,0,0,0,0,0,0,0,0,1,9.13216259091216,4.2626798770413155
1353,50.0,6000,4,4,3,6,9,0.0,4,3,3,3,1,1,0,1,0,698,698,3,786,390,0,1176,0,0,1,0,2,1,3,7,0,0,1,2,3,3,1,210,0,0,0,0,0,0,0,0,7,134900,11.812296455066814,2084,72,9,1,0,0,0,0,0,0,1,1,1.5,0,0,0,1,1,1,0,0,0,0,0,0,0,1,0,0,0,0,0,0,0,0,0,0,1,1,1,0,0,0,1,0,0,0,0,0,0,0,0,0,0,1,0,0,0,0,0,0,0,0,0,1,0,0,0,0,0,0,0,1,0,0,0,0,0,1,0,0,1,0,0,1,0,0,0,0,0,0,1,8.699681400989514,3.9318256327243257
1354,56.0,14720,3,4,3,8,5,579.0,4,3,4,3,3,6,816,1,0,1217,2033,5,2053,1185,0,3238,1,0,2,1,4,1,4,7,1,5,3,3,3,3,3,283,86,0,0,0,0,0,0,0,3,410000,12.923914877701906,5640,15,14,1,0,0,0,0,0,0,1,1,1.5,0,0,0,1,1,1,1,1,0,0,0,0,0,1,0,0,0,0,0,0,0,0,0,1,0,1,1,0,1,0,0,0,0,0,0,0,1,0,0,0,0,0,0,0,0,1,0,0,0,0,0,0,0,0,0,1,0,0,1,0,0,0,0,1,0,1,0,0,1,0,0,0,0,0,0,0,0,0,1,9.597030324758013,4.04305126783455
1355,70.04995836802665,10316,3,4,3,7,5,0.0,4,3,4,3,1,6,735,1,0,257,992,5,992,873,0,1865,1,0,2,1,3,1,4,7,1,3,2,3,3,3,3,0,184,0,0,0,0,0,0,0,6,235000,12.367345048436391,3041,8,8,0,0,0,0,0,0,0,1,1,2.0,0,0,0,1,1,0,1,0,0,0,0,0,0,0,1,0,0,0,0,0,0,0,0,1,0,1,1,0,0,0,1,0,0,0,0,0,0,0,0,0,0,0,0,0,0,1,0,0,0,0,0,0,0,0,0,1,0,0,0,1,0,0,0,1,0,1,0,0,1,0,0,0,0,0,0,0,0,0,1,9.241548299100376,4.2633832685897595
1356,102.0,10192,3,4,3,7,6,143.0,3,3,3,3,1,1,0,1,0,570,570,4,1222,698,0,1920,0,0,3,0,4,1,4,7,1,3,2,2,3,3,3,0,98,0,0,0,0,0,4,0,9,170000,12.04355959836804,2588,38,14,1,0,0,0,0,0,0,1,1,1.5,1,0,0,1,0,1,1,1,0,0,0,0,0,0,0,0,0,1,0,0,0,0,0,1,0,1,1,0,0,0,1,0,0,0,0,0,0,0,0,0,0,1,0,0,0,0,0,0,0,0,0,1,0,0,0,0,0,0,1,0,0,1,0,0,0,1,0,0,1,0,0,0,0,0,0,0,0,0,1,9.229456489168413,4.634728988229636
1357,70.04995836802665,9477,4,4,3,5,5,65.0,3,3,3,3,1,3,340,1,0,524,864,3,892,0,0,892,0,0,1,0,3,1,3,7,0,0,2,1,3,3,3,0,0,0,0,0,0,0,2,0,10,110000,11.60824473564232,1756,42,42,0,0,0,0,0,0,0,1,1,1.0,0,0,0,1,0,0,1,1,0,0,0,1,0,0,0,0,0,0,0,0,0,0,0,1,0,1,1,0,0,0,0,0,0,0,0,0,0,0,0,0,1,0,0,0,0,0,0,0,0,0,1,0,0,0,0,0,0,0,1,0,0,1,0,0,0,1,0,0,1,0,0,0,0,0,0,0,0,0,1,9.156728602527533,4.2633832685897595
1358,70.04995836802665,12537,3,4,3,5,6,0.0,3,3,3,3,1,6,734,1,0,344,1078,5,1078,0,0,1078,1,0,1,1,3,1,3,7,1,2,3,2,3,3,3,0,0,0,0,0,0,0,0,0,4,149900,11.917730355182512,2156,39,2,1,0,0,0,0,0,0,1,1,1.0,0,0,0,1,0,0,1,1,0,0,0,1,0,0,0,0,0,0,0,0,0,0,0,1,0,1,1,0,1,0,0,0,0,0,0,0,0,0,0,0,0,0,0,0,0,1,0,0,0,0,0,0,0,0,0,1,0,0,0,1,0,1,0,0,0,1,0,0,1,0,0,0,0,0,0,0,0,0,1,9.436519311833914,4.2633832685897595
1359,70.04995836802665,2117,4,4,3,6,5,216.0,4,3,4,3,1,6,378,1,0,378,756,5,769,804,0,1573,0,0,2,1,3,1,4,7,0,0,1,2,3,3,3,0,32,0,0,0,0,0,0,0,6,177500,12.086731521684555,2361,10,10,0,0,0,0,0,0,0,1,1,2.0,0,0,0,1,1,0,1,0,1,1,0,0,0,0,0,0,0,0,0,0,0,0,0,0,0,1,1,0,0,0,1,0,0,0,1,0,0,0,0,0,0,1,0,0,0,0,0,0,0,0,0,1,0,0,0,0,0,0,1,0,0,0,0,1,0,1,0,0,1,0,0,1,0,0,0,0,0,0,1,7.658227526161352,4.2633832685897595
1360,129.0,16737,4,4,3,9,5,66.0,4,3,5,3,3,6,1447,1,0,533,1980,5,1980,0,0,1980,1,0,2,0,3,1,5,7,1,4,3,3,3,3,3,194,45,0,0,0,0,0,0,0,9,315000,12.660331092405906,4199,2,1,1,0,0,0,0,0,0,1,1,1.0,0,0,0,1,0,0,0,0,1,0,0,1,0,0,0,0,0,0,0,0,0,0,0,1,0,1,1,0,0,0,0,1,0,0,0,0,1,0,0,0,0,0,0,0,0,1,0,0,0,0,0,0,0,0,0,1,0,0,1,0,0,0,0,1,0,1,0,0,1,0,0,0,0,0,0,0,0,0,1,9.725436862592819,4.867534450455582
1361,51.0,9842,4,4,3,5,6,0.0,3,3,3,2,1,1,0,1,0,612,612,5,990,1611,0,2601,0,0,3,1,4,1,3,7,0,0,2,2,3,3,3,183,0,301,0,0,0,0,0,0,5,189000,12.149507585033072,3697,87,10,1,0,0,0,0,1,0,1,1,2.0,0,0,0,1,0,1,0,0,1,0,0,0,0,0,0,1,0,0,0,0,0,0,0,1,0,1,1,0,0,0,1,0,0,0,0,0,0,0,0,0,0,1,0,0,0,0,0,0,0,0,0,0,0,0,0,0,1,0,0,1,0,0,0,0,0,1,0,0,1,0,1,0,0,0,0,0,0,0,1,9.194515821629212,3.9512437185814275
1362,124.0,16158,3,4,2,7,5,16.0,4,3,5,3,3,5,1274,1,0,256,1530,5,1530,0,0,1530,1,0,2,0,3,1,4,7,1,4,3,2,3,3,3,168,36,0,0,0,0,0,0,0,6,260000,12.468440756144114,3264,4,4,0,0,0,1,0,0,0,1,1,1.0,0,0,0,1,0,1,1,0,1,0,0,1,0,0,0,0,0,0,0,0,0,0,0,1,0,1,1,0,0,0,1,0,0,0,0,0,1,0,0,0,0,0,0,0,0,1,0,0,0,0,0,0,0,0,0,1,0,0,0,0,1,0,0,1,0,1,0,0,1,0,0,0,0,0,0,0,0,1,0,9.690232448972248,4.8283137373023015
1363,70.04995836802665,12513,3,4,3,4,4,0.0,3,4,3,2,1,1,0,1,0,715,715,4,1281,457,0,1738,0,0,2,0,4,1,3,7,1,4,1,1,3,3,3,55,0,0,0,0,0,0,0,0,6,104900,11.560772327227417,2508,89,2,1,0,0,0,0,1,0,1,1,1.5,0,0,0,1,0,0,1,1,0,0,0,0,0,1,0,0,0,0,0,0,0,0,0,1,0,1,1,0,0,1,0,0,0,0,0,0,0,0,0,0,0,0,0,0,0,1,0,0,0,0,0,0,0,0,0,1,0,0,0,1,0,0,0,0,0,1,0,0,1,0,0,0,0,0,0,0,0,0,1,9.43460329655831,4.2633832685897595
1364,73.0,8499,3,4,3,6,5,0.0,3,3,4,3,1,1,0,1,0,616,616,5,616,796,0,1412,0,0,2,1,3,1,4,7,1,4,3,2,3,3,3,0,36,0,0,0,0,0,0,0,3,156932,11.963574241653712,2064,1,0,1,0,0,0,0,0,0,1,1,2.0,0,1,0,0,0,0,0,1,0,0,0,0,0,0,1,0,0,0,0,0,0,0,0,1,0,1,1,0,0,0,1,0,0,0,0,0,0,0,0,0,0,0,0,0,0,1,0,0,0,0,0,0,0,0,0,1,0,0,0,1,0,0,0,1,0,1,0,0,1,0,1,0,0,0,0,0,0,0,1,9.047821442478408,4.30406509320417
1365,30.0,3180,4,4,3,7,5,0.0,4,3,4,3,1,1,0,1,0,600,600,5,520,600,80,1200,0,0,2,1,2,1,4,7,0,0,2,2,3,3,3,0,166,0,0,0,0,0,0,0,4,144152,11.878630514504517,1966,1,1,0,0,0,0,0,0,0,1,1,2.0,0,0,1,0,1,0,1,0,1,1,0,0,0,0,0,0,0,0,0,0,0,0,0,0,0,1,0,1,0,0,1,0,0,0,0,1,0,0,0,0,0,1,0,0,0,0,0,0,0,0,0,1,0,0,0,0,0,0,0,1,0,0,0,1,0,1,0,0,1,0,0,1,0,0,0,0,0,0,1,8.064950891749143,3.4339872044851463
1366,70.04995836802665,7500,4,4,3,7,5,0.0,4,3,4,3,1,6,533,1,0,281,814,5,814,860,0,1674,1,0,2,1,3,1,4,7,0,0,2,2,3,3,3,0,96,0,0,0,0,0,0,0,1,216000,12.283038316285214,2584,10,10,0,0,0,0,0,0,0,1,1,2.0,0,0,0,1,1,0,1,0,1,0,0,0,0,0,1,0,0,0,0,0,0,0,0,0,0,1,1,0,0,0,1,0,0,0,0,0,0,0,0,0,0,0,0,0,0,1,0,0,0,0,0,0,0,0,0,1,0,0,0,1,0,0,0,1,0,1,0,0,1,0,0,0,0,0,0,0,0,0,1,8.922791623969637,4.2633832685897595
1367,68.0,9179,3,4,3,7,5,158.0,4,3,4,3,1,6,633,1,0,240,873,5,882,908,0,1790,1,0,2,1,3,1,4,7,0,0,2,2,3,3,3,0,88,0,0,0,0,0,0,0,6,193000,12.170450649220747,2751,9,9,0,0,0,0,0,0,0,1,1,2.0,0,0,1,0,1,0,1,0,0,0,0,0,0,0,1,0,0,0,0,0,0,0,0,1,0,1,1,0,0,0,1,0,0,0,0,0,0,0,0,0,0,0,0,0,0,1,0,0,0,0,0,0,0,0,0,1,0,0,1,0,0,0,0,1,0,1,0,0,1,0,0,0,0,0,0,0,0,0,1,9.124782483614537,4.23410650459726
1368,41.0,2665,4,4,3,5,6,0.0,3,3,3,3,1,5,548,3,173,36,757,5,925,550,0,1475,0,0,2,0,4,1,3,7,1,3,2,1,3,3,3,104,26,0,0,0,0,0,0,0,7,127000,11.751950239425476,2362,29,29,0,0,0,0,0,0,0,1,1,2.0,0,0,0,1,0,1,0,1,0,1,0,0,0,0,0,0,0,0,0,0,0,0,0,0,1,1,1,0,0,0,1,0,0,0,0,1,0,0,0,1,0,0,0,0,0,0,0,0,0,1,0,0,0,0,0,0,0,0,0,1,0,0,0,1,0,1,0,0,1,0,0,0,0,0,0,0,0,0,1,7.888334500738654,3.7376696182833684
1369,70.04995836802665,4435,4,4,3,6,5,170.0,4,3,4,3,3,6,685,1,0,163,848,5,848,0,0,848,1,0,1,0,1,1,4,7,0,0,3,2,3,3,3,140,0,0,0,0,0,0,0,0,6,144000,11.87757552297847,1836,6,5,1,0,0,0,0,0,0,1,1,1.0,0,0,0,1,1,0,1,0,0,0,0,0,0,0,0,0,0,0,0,0,0,0,0,0,1,1,1,0,0,0,1,0,0,0,0,1,0,0,0,0,0,0,0,0,0,1,0,0,0,0,0,0,0,0,0,1,0,0,1,0,0,0,0,1,0,1,0,0,1,0,0,0,0,0,0,0,0,0,1,8.397508348470257,4.2633832685897595
1370,48.0,10635,2,4,3,8,5,171.0,4,3,4,3,3,4,370,6,972,315,1657,5,1668,0,0,1668,1,0,2,0,3,1,4,7,1,3,3,2,3,3,3,0,262,0,0,0,0,0,0,0,5,232000,12.354496960983983,3587,7,7,0,0,0,0,0,0,0,1,1,1.0,0,0,0,1,1,0,1,0,0,0,0,1,0,0,0,0,0,0,0,0,0,0,0,1,0,1,1,0,0,1,0,0,0,0,0,0,1,0,0,0,0,0,0,0,0,1,0,0,0,0,0,0,0,0,0,1,0,0,1,0,0,0,0,1,0,1,0,0,1,0,0,0,0,0,0,0,0,0,1,9.27199975236291,3.8918202981106265
1371,90.0,5400,4,4,3,4,6,0.0,2,3,3,3,1,5,315,3,105,420,840,5,840,534,0,1374,0,0,1,0,2,1,3,7,0,0,3,1,3,3,3,0,0,198,0,0,0,0,0,0,10,105000,11.561725152903833,2412,89,59,1,0,0,0,0,1,0,1,1,1.5,0,0,0,1,1,0,0,0,1,0,0,0,0,1,0,0,0,0,0,0,0,0,0,1,0,1,1,0,0,0,0,0,0,0,0,0,0,0,0,0,0,0,1,0,0,0,0,0,0,0,0,0,1,0,0,0,0,0,0,1,0,0,0,1,0,1,0,0,1,0,0,1,0,0,0,0,0,0,1,8.594339400592892,4.51085950651685
1372,80.0,9600,4,4,3,6,6,0.0,3,3,3,3,3,4,831,1,0,161,992,4,1661,0,0,1661,1,0,1,0,3,1,4,7,1,3,2,1,3,3,3,0,28,0,0,178,0,0,3,0,10,165500,12.016732516077072,2859,53,12,1,0,0,0,0,0,0,1,1,1.5,1,0,0,1,0,0,1,1,0,0,0,0,0,0,0,0,0,1,0,0,0,0,0,1,0,1,1,0,0,0,1,0,0,0,0,0,1,0,0,0,0,0,0,0,0,0,0,0,0,0,0,0,0,0,0,0,0,0,0,1,0,1,0,0,0,1,0,0,1,0,1,0,0,0,0,0,0,0,1,9.169622538697624,4.394449154672439
1373,75.0,9750,4,4,3,7,6,0.0,3,3,4,3,3,6,975,1,0,133,1108,5,1108,989,0,2097,1,0,2,1,3,1,4,7,1,3,2,2,3,3,3,253,170,0,0,0,0,0,0,0,6,274300,12.521981322562503,3628,8,8,0,0,0,0,0,0,0,1,1,2.0,0,0,0,1,1,0,1,0,0,0,0,0,0,0,1,0,0,0,0,0,0,0,0,1,0,1,1,0,0,0,0,0,0,0,0,0,0,0,0,0,0,0,0,0,0,1,0,0,0,0,0,0,0,0,0,1,0,0,0,1,0,0,0,1,0,1,0,0,1,0,0,1,0,0,0,0,0,0,1,9.18512512283512,4.330733340286331
1374,70.04995836802665,11400,4,4,3,10,5,705.0,5,3,5,3,4,6,1282,1,0,1351,2052,5,2633,0,0,2633,1,0,2,1,2,1,5,7,2,4,2,3,3,3,3,314,140,0,0,0,0,0,0,0,3,466500,13.05301544288996,5139,6,5,1,0,0,0,0,0,0,1,1,1.0,0,0,0,1,1,1,1,1,0,0,0,1,0,0,0,0,0,0,0,0,0,0,0,1,0,1,1,0,0,0,1,0,0,0,0,0,1,0,0,0,0,0,0,0,0,1,0,0,0,0,0,0,0,0,0,1,0,0,1,0,0,0,0,1,0,1,0,0,1,0,0,0,0,0,0,0,0,0,1,9.34145634983372,4.2633832685897595
1375,85.0,10625,4,4,3,7,5,0.0,4,3,4,3,1,1,0,1,0,1026,1026,5,1026,932,0,1958,0,0,2,1,3,1,4,7,1,4,3,3,3,3,3,154,210,0,0,0,0,0,0,0,7,250000,12.429220196836384,3348,3,3,0,0,0,0,0,0,0,1,1,2.0,0,0,0,1,1,0,1,0,1,0,0,0,0,0,1,0,0,0,0,0,0,0,0,0,0,1,1,0,0,0,1,0,0,0,0,0,0,0,0,1,0,0,0,0,0,0,0,0,0,1,0,0,0,0,0,0,0,0,0,1,0,0,0,1,0,1,0,0,1,0,0,0,0,0,0,0,0,0,1,9.271059107010888,4.454347296253507
1376,89.0,10991,3,4,3,8,5,80.0,4,3,4,3,4,1,0,1,0,1571,1571,5,1571,0,0,1571,0,0,2,0,3,1,4,7,1,4,3,3,3,3,3,100,36,0,0,0,0,0,0,0,12,239000,12.384223015005311,3278,0,0,0,0,0,1,0,0,0,1,1,1.0,0,1,0,0,1,1,1,0,1,0,0,1,0,0,0,0,0,0,0,0,0,0,0,1,0,1,1,0,0,0,1,0,0,0,0,0,0,0,0,0,0,0,0,0,0,1,0,0,0,0,0,0,0,0,0,1,0,0,1,0,0,0,0,1,0,1,0,0,1,0,0,0,0,0,0,0,1,0,0,9.30492301446213,4.499809670330265
1377,52.0,6292,4,4,3,6,5,0.0,3,3,4,3,2,3,384,1,0,384,768,3,790,0,0,790,0,0,1,0,2,1,3,7,0,0,1,1,2,3,3,0,141,0,0,0,0,0,0,0,4,91000,11.418625774449598,1699,78,58,1,0,0,1,0,0,0,1,1,1.0,0,0,0,1,0,1,0,0,1,0,0,0,1,0,0,0,0,0,0,0,0,0,0,1,0,1,1,0,0,0,1,0,0,0,0,0,0,0,0,0,0,0,0,0,0,0,1,0,0,0,0,0,0,0,0,0,1,0,0,1,0,0,0,0,0,0,0,0,1,0,0,1,0,0,0,0,0,0,0,8.747193183526933,3.970291913552122
1378,60.0,10998,4,4,3,5,5,0.0,3,3,3,3,1,2,408,4,420,156,984,5,984,620,0,1604,0,0,2,0,3,1,3,5,0,0,1,2,3,3,3,0,68,0,0,0,0,0,0,0,7,117000,11.669937760751914,2656,68,49,1,0,0,0,0,0,0,1,1,1.5,0,0,0,1,1,1,1,0,0,0,0,0,0,1,0,0,0,0,0,0,0,0,0,1,0,1,0,0,0,0,1,0,0,0,0,0,0,0,0,0,0,0,0,0,0,0,1,0,0,0,0,0,0,0,0,0,1,0,0,1,0,1,0,0,0,1,0,0,1,0,0,1,0,0,0,0,0,0,1,9.305559638557117,4.110873864173311
1379,21.0,1953,4,4,3,6,5,408.0,3,3,3,2,1,4,309,1,0,174,483,3,483,504,0,987,0,0,1,1,2,1,3,7,0,0,1,1,3,3,3,72,0,0,0,0,0,0,0,0,6,83000,11.326607934898927,1542,33,33,0,0,0,0,0,0,0,1,1,2.0,0,0,0,1,0,1,0,0,0,1,0,0,0,0,0,0,0,0,0,0,0,0,0,0,1,1,1,0,0,0,1,0,0,0,1,0,0,0,0,0,1,0,0,0,0,0,0,0,0,0,1,0,0,0,0,0,0,0,1,0,0,1,0,0,0,1,0,0,1,0,0,1,0,0,0,0,0,0,1,7.577633832602728,3.091042453358316
1380,73.0,9735,4,4,3,5,5,0.0,3,3,4,3,1,1,0,1,0,384,384,4,754,640,0,1394,0,0,2,1,3,1,4,7,0,0,3,2,3,3,3,100,0,0,0,0,0,0,0,0,5,167500,12.02874460037869,1878,2,1,1,0,0,0,0,0,0,1,1,1.5,1,0,0,1,1,1,1,0,1,0,0,0,0,0,0,0,0,1,0,0,0,0,0,1,0,1,1,0,0,0,1,0,0,0,0,0,0,0,0,0,0,0,0,0,0,1,0,0,0,0,0,0,0,0,0,1,0,0,0,1,0,0,0,1,0,1,0,1,0,0,1,0,0,0,0,0,0,0,1,9.183585634667363,4.30406509320417
1381,45.0,8212,4,4,3,3,3,0.0,3,2,3,2,1,3,203,1,0,661,864,3,864,0,0,864,1,0,1,0,2,1,3,7,0,0,1,1,3,2,3,0,0,96,0,0,0,0,0,0,6,58500,10.97679912709094,1824,96,60,1,0,0,0,0,0,0,1,1,1.0,0,0,0,1,1,1,1,0,0,0,0,0,1,0,0,0,0,0,0,0,0,0,0,1,0,1,0,0,0,0,1,0,0,0,0,0,0,0,0,0,0,0,0,0,1,0,0,0,0,0,0,0,0,0,1,0,0,0,0,1,0,0,0,0,0,0,1,0,0,0,0,1,0,0,0,0,0,0,1,9.013473543740192,3.828641396489095
1382,70.04995836802665,12925,3,4,3,6,7,0.0,3,3,3,3,2,4,865,1,0,340,1205,5,2117,0,0,2117,0,0,2,1,4,1,3,7,2,4,3,2,3,3,3,0,42,0,0,0,0,0,0,0,5,237500,12.377927112974284,3364,38,38,0,0,0,0,0,0,0,1,1,1.0,0,0,0,1,0,0,1,1,0,0,0,1,0,0,0,0,0,0,0,0,0,0,0,1,0,1,1,0,0,0,0,0,0,0,0,0,0,0,1,0,0,0,0,0,0,0,0,0,0,0,0,0,0,1,0,0,0,0,0,1,0,1,0,0,0,1,0,0,1,0,0,0,0,0,0,0,0,0,1,9.46699606582284,4.2633832685897595
1383,60.0,7200,4,4,3,7,7,0.0,3,3,2,3,1,1,0,1,0,596,596,5,998,764,0,1762,1,0,1,1,4,1,4,7,0,0,1,2,3,3,1,36,0,221,0,0,0,0,0,0,10,157000,11.964007453736912,2615,86,56,1,0,0,0,0,0,0,1,1,2.0,0,0,0,1,1,0,0,0,1,0,0,0,0,0,0,1,0,0,0,0,0,0,0,0,1,1,1,0,0,0,0,0,0,0,0,0,1,0,0,0,0,0,0,0,0,0,1,0,0,0,0,0,0,0,0,0,1,0,0,1,0,0,0,0,0,1,0,0,1,0,0,1,0,0,0,0,0,0,1,8.881975184248867,4.110873864173311
1384,70.04995836802665,25339,4,4,3,5,7,0.0,3,4,3,3,1,1,0,1,0,816,816,5,1416,0,0,1416,0,0,2,0,3,1,4,7,0,0,1,2,3,3,1,0,0,112,0,0,0,0,0,0,8,112000,11.6262630788088,2344,89,0,1,0,0,0,0,0,0,1,1,1.0,0,0,0,1,1,1,0,0,1,0,0,0,1,0,0,0,0,0,0,0,0,0,0,1,0,1,1,0,0,0,1,0,0,0,0,0,0,0,0,0,0,0,0,0,0,0,1,0,0,0,0,0,0,0,0,0,1,0,0,1,0,0,0,0,0,1,0,0,1,0,0,0,0,0,0,0,0,0,1,10.14013945387513,4.2633832685897595
1385,60.0,9060,4,4,3,6,5,0.0,3,3,3,3,2,3,204,1,0,356,560,3,698,560,0,1258,0,0,1,0,2,1,3,7,0,0,1,1,3,3,2,0,0,0,0,0,0,0,3,0,10,105000,11.561725152903833,1818,70,59,1,0,0,0,0,0,0,1,1,1.5,0,0,0,1,1,1,1,0,0,0,0,0,0,1,0,0,0,0,0,0,0,0,0,1,0,1,1,0,0,0,1,0,0,0,0,0,0,0,0,0,0,0,0,0,0,0,0,1,0,0,0,0,0,0,0,0,0,1,0,1,0,0,0,0,0,1,0,0,1,0,0,1,0,0,0,0,0,0,1,9.11173476822206,4.110873864173311
1386,40.0,5436,4,4,3,4,8,0.0,3,4,3,3,1,4,735,1,0,61,796,4,796,358,0,1154,1,0,1,0,3,1,4,7,0,0,1,1,3,3,1,0,96,0,0,0,0,0,3,0,5,125500,11.74006900564972,2046,88,3,1,0,0,0,0,0,0,1,1,1.5,0,0,0,1,1,0,0,1,0,0,0,0,0,1,0,0,0,0,0,0,0,0,0,0,1,1,1,0,0,0,1,0,0,0,0,0,0,0,0,0,0,0,0,0,0,1,0,0,0,0,0,0,0,0,0,1,0,0,0,1,0,0,0,0,0,1,0,0,1,0,0,1,0,0,0,0,0,0,1,8.600982717145921,3.713572066704308
1387,80.0,16692,3,4,3,7,5,184.0,3,3,4,3,1,4,790,2,469,133,1392,3,1392,1392,0,2784,1,0,3,1,5,1,4,7,2,3,2,2,3,3,3,0,112,0,0,440,519,2,3,2000,7,250000,12.429220196836384,4728,28,28,0,1,1,0,0,0,1,1,1,2.0,0,0,0,1,0,1,1,1,0,0,0,0,0,0,1,0,0,0,0,0,0,0,0,1,0,1,1,0,0,0,1,0,0,0,0,0,0,0,0,0,0,0,0,1,0,0,0,0,0,0,0,0,0,1,0,0,0,0,1,0,0,1,0,0,0,1,0,0,1,0,0,0,0,0,1,0,0,0,1,9.722744748855389,4.394449154672439
1388,60.0,8520,4,4,3,6,7,0.0,3,4,3,3,1,3,168,2,546,0,714,3,1664,862,0,2526,0,0,2,0,5,1,4,7,1,4,1,1,3,3,3,88,15,0,0,0,0,0,2,0,8,136000,11.820417517632333,3343,91,57,1,0,0,0,0,1,0,1,0,1.5,0,0,0,0,1,0,0,0,1,0,0,0,0,1,0,0,0,0,0,0,0,0,0,0,1,1,0,0,0,0,1,0,0,0,0,0,0,0,0,0,0,0,0,0,1,0,0,0,0,0,0,0,0,0,1,0,0,0,0,1,0,0,0,0,0,0,0,0,1,0,0,1,0,0,0,0,0,0,1,9.050288983827956,4.110873864173311
1389,42.0,14892,3,4,3,9,5,160.0,5,3,5,3,4,6,1320,1,0,426,1746,5,1746,0,0,1746,1,0,2,0,3,1,5,7,2,4,3,3,3,3,3,201,39,0,0,0,0,0,0,0,10,377500,12.84132849667433,3732,3,2,1,0,0,1,0,0,0,1,1,1.0,0,0,0,1,0,0,0,1,0,0,0,1,0,0,0,0,0,0,0,0,0,0,0,1,0,1,1,0,1,0,0,0,0,0,0,0,0,0,0,0,0,0,0,0,0,1,0,0,0,0,0,0,0,0,0,1,0,0,0,0,1,0,0,1,0,1,0,0,1,0,0,0,0,0,0,0,1,0,0,9.608646582885868,3.7612001156935624
1390,60.0,6000,4,4,3,6,6,0.0,3,4,3,4,1,5,375,1,0,360,735,5,869,349,0,1218,0,1,1,0,3,1,3,7,1,4,1,2,3,3,3,0,0,0,0,0,0,0,0,0,3,131000,11.78296023574194,1953,66,57,1,0,0,0,0,0,0,1,1,1.5,0,0,0,1,1,1,0,0,0,0,0,0,0,1,0,0,0,0,0,0,0,0,0,0,1,1,1,0,0,0,1,0,0,0,0,0,0,0,0,0,0,0,0,0,0,0,1,0,0,0,0,0,0,0,0,0,1,0,0,1,0,0,0,0,0,1,0,0,1,0,0,1,0,0,0,0,0,0,1,8.699681400989514,4.110873864173311
1391,70.0,9100,4,4,3,7,5,244.0,4,3,4,3,3,6,1400,1,0,125,1525,5,1525,0,0,1525,1,0,2,0,3,1,4,7,0,0,2,2,3,3,3,219,36,0,0,0,0,0,0,0,9,235000,12.367345048436391,3305,6,6,0,0,0,0,0,0,0,1,1,1.0,0,0,0,1,1,0,1,0,0,0,0,1,0,0,0,0,0,0,0,0,0,0,0,1,0,1,1,0,0,0,1,0,0,0,0,0,0,0,0,0,0,0,0,0,0,1,0,0,0,0,0,0,0,0,0,1,0,0,1,0,0,0,0,1,0,1,0,0,1,0,0,0,0,0,0,0,0,0,1,9.116139576577355,4.2626798770413155
1392,65.0,8944,4,4,3,5,5,0.0,3,3,3,3,1,1,0,1,0,1584,1584,3,1584,0,0,1584,0,0,2,0,4,2,3,4,0,0,1,3,3,3,3,0,152,0,0,0,0,0,0,0,4,124000,11.728044909070784,3320,42,42,0,0,0,0,0,0,0,1,1,1.0,0,0,0,1,0,0,1,1,0,0,0,0,0,0,0,0,0,0,0,1,0,0,0,1,0,1,1,0,0,0,1,0,0,1,0,0,0,0,0,0,0,0,0,1,0,0,0,0,0,0,0,0,0,1,0,0,0,0,0,1,0,1,0,0,0,1,0,0,1,0,0,1,0,0,0,0,0,0,1,9.09884999594282,4.189654742026425
1393,68.0,7838,4,4,3,5,5,0.0,3,3,3,3,3,5,769,1,0,95,864,3,900,0,0,900,1,0,1,0,3,1,3,7,1,1,2,1,3,3,3,175,144,0,0,0,0,0,1,0,12,123000,11.719947764402807,2083,39,39,0,0,0,0,0,0,0,1,1,1.5,1,0,0,1,0,0,1,1,0,0,0,0,0,0,0,0,0,0,1,0,0,0,0,1,0,1,1,0,0,0,1,0,0,0,0,0,0,0,0,0,1,0,0,0,0,0,0,0,0,0,1,0,0,0,0,0,0,0,0,1,0,1,0,0,0,1,0,0,1,0,0,0,0,0,0,0,0,0,1,8.966866554188723,4.23410650459726
1394,60.0,10800,4,4,3,6,7,0.0,3,3,2,3,1,1,0,1,0,482,482,5,1221,691,0,1912,0,0,2,0,3,2,3,7,1,3,1,2,4,3,3,0,25,212,0,0,0,0,0,0,4,163000,12.001511614739403,2631,103,8,1,0,0,0,0,0,0,1,1,1.5,0,0,0,1,1,0,0,0,1,0,1,0,0,0,0,0,0,0,0,0,0,0,0,0,1,1,0,1,0,0,1,0,1,0,0,0,0,0,0,0,0,0,0,0,0,0,1,0,0,0,0,0,0,0,0,0,1,0,0,1,0,0,0,0,0,0,0,0,1,0,0,1,0,0,0,0,0,0,1,9.287394001418473,4.110873864173311
1395,53.0,4045,4,4,3,7,5,45.0,4,3,4,3,3,6,1070,1,0,286,1356,5,1500,0,0,1500,1,0,2,0,2,1,4,7,1,4,3,3,3,3,3,161,20,0,0,0,0,0,0,0,10,246578,12.415437707935368,3037,0,0,0,0,0,0,0,0,0,1,1,1.0,0,1,0,0,0,0,0,0,0,0,0,0,0,0,0,0,0,0,0,0,0,0,0,1,0,1,1,0,0,0,1,0,0,0,0,1,1,0,0,0,0,0,0,0,0,1,0,0,0,0,0,0,0,0,0,1,0,0,1,0,0,0,0,1,0,1,0,0,1,0,0,0,0,0,0,0,0,0,1,8.305484017727691,3.9889840465642745
1396,88.0,12665,3,4,3,8,5,245.0,4,3,4,4,4,1,0,1,0,1094,1094,5,1133,1349,0,2482,0,0,2,1,4,1,4,7,1,4,3,3,3,3,3,144,39,0,0,0,0,0,0,0,2,281213,12.546871224308068,3759,2,1,1,0,0,0,0,0,0,1,1,2.0,0,0,0,1,1,1,1,0,1,0,0,0,0,0,1,0,0,0,0,0,0,0,0,1,0,1,1,0,0,0,1,0,0,0,0,0,1,0,0,0,0,0,0,0,0,1,0,0,0,0,0,0,0,0,0,1,0,0,1,0,0,0,0,1,0,1,0,0,1,0,1,0,0,0,0,0,0,0,1,9.446676517076376,4.48863636973214
1397,70.04995836802665,57200,3,4,1,5,5,0.0,3,3,3,3,3,4,353,3,334,60,747,3,1687,0,0,1687,1,0,1,0,3,1,3,6,2,3,1,2,3,3,1,0,0,50,0,0,0,0,0,0,6,160000,11.982935344196433,2484,62,60,1,0,0,1,0,0,0,1,1,1.0,0,0,0,1,1,1,1,0,1,0,0,1,0,0,0,0,0,0,0,0,0,0,0,1,0,1,1,0,0,0,1,0,0,0,0,0,0,0,0,0,0,0,0,0,0,0,1,0,0,0,0,0,0,0,0,0,1,0,0,1,0,1,0,0,0,1,0,0,1,0,0,1,0,0,0,0,0,0,0,10.954326659732555,4.2633832685897595
1398,51.0,6120,4,4,3,5,8,0.0,3,3,3,3,2,1,0,1,0,939,939,5,939,574,0,1513,0,0,1,1,4,1,3,7,0,0,1,1,2,2,1,24,0,150,0,0,0,0,0,0,5,137500,11.83138646878959,2626,87,3,1,0,0,0,0,0,0,1,1,2.0,0,0,0,1,1,1,0,0,0,0,0,0,0,0,0,1,0,0,0,0,0,0,0,0,1,1,1,0,0,0,1,0,0,0,0,0,0,0,0,0,0,1,0,0,0,0,0,0,0,0,0,1,0,0,0,0,0,0,0,1,0,0,0,0,0,1,0,0,1,0,0,1,0,0,0,0,0,0,1,8.71948076085107,3.9512437185814275
1399,60.0,7200,4,4,3,5,4,0.0,3,3,3,3,1,3,180,4,352,676,1208,4,1136,768,0,1904,1,0,1,1,3,1,3,6,0,0,1,1,3,3,3,0,0,168,0,0,0,0,4,0,5,138000,11.8350162104899,3280,59,27,1,0,0,0,0,0,0,1,1,1.5,0,0,0,1,0,0,1,1,0,0,0,0,0,1,0,0,0,0,0,0,0,0,0,1,0,1,1,0,0,0,1,0,0,0,0,0,0,0,0,0,0,0,0,0,0,1,0,0,0,0,0,0,0,0,0,0,1,0,0,1,0,1,0,0,0,1,0,0,0,0,0,0,0,0,0,0,0,0,1,8.881975184248867,4.110873864173311
1400,51.0,6171,4,4,3,6,6,0.0,3,3,3,3,1,4,264,1,0,712,976,5,1160,448,0,1608,0,0,2,1,3,1,4,7,1,4,1,1,2,3,3,147,16,0,0,0,0,0,3,0,10,137450,11.831022768939787,2747,84,19,1,0,0,0,0,0,0,1,1,1.5,0,0,0,1,0,1,0,0,1,0,0,0,0,1,0,0,0,0,0,0,0,0,0,1,0,1,1,0,0,0,1,0,0,0,0,0,0,0,0,0,0,0,0,0,0,0,0,1,0,0,0,0,0,0,0,0,0,1,0,1,0,0,0,0,0,1,0,0,1,0,0,1,0,0,0,0,0,0,1,8.72777821348305,3.9512437185814275
1401,50.0,6000,4,4,3,6,7,0.0,3,3,3,3,1,1,0,1,0,862,862,3,950,208,0,1158,0,0,1,0,3,1,3,7,1,4,2,1,3,3,3,0,0,112,0,0,0,0,0,0,7,120000,11.695255355062796,2132,79,58,1,0,0,0,0,0,0,1,1,1.5,0,0,0,1,1,1,0,0,0,0,0,0,0,1,0,0,0,0,0,0,0,0,0,0,1,1,1,0,0,0,0,0,0,0,0,0,0,0,0,0,0,0,0,0,0,0,0,1,0,0,0,0,0,0,0,0,0,1,0,1,0,0,0,0,0,1,0,0,1,0,1,0,0,0,0,0,0,0,1,8.699681400989514,3.9318256327243257
1402,62.0,7415,3,4,3,6,5,0.0,3,3,3,3,1,6,759,1,0,80,839,5,864,729,0,1593,1,0,2,1,3,1,3,7,1,3,3,2,3,3,3,100,75,0,0,0,0,0,0,0,4,193000,12.170450649220747,2607,4,4,0,0,0,0,0,0,0,1,1,2.0,0,0,0,1,0,0,0,1,0,0,0,0,0,0,1,0,0,0,0,0,0,0,0,1,0,1,1,0,0,0,1,0,0,0,0,0,0,0,0,0,0,0,0,0,0,1,0,0,0,0,0,0,0,0,0,1,0,0,0,1,0,0,0,1,0,1,0,0,1,0,0,0,0,0,0,0,0,0,1,8.91139510724569,4.143134726391533
1403,64.0,6762,4,4,3,7,5,0.0,4,3,4,4,3,1,0,1,0,1286,1286,5,1294,0,0,1294,0,0,2,0,2,1,4,7,1,4,2,2,3,3,3,168,55,0,0,0,0,0,0,0,7,193879,12.174994689959313,2803,0,0,0,0,0,0,0,0,0,1,1,1.0,0,1,0,0,1,0,1,0,0,0,0,1,0,0,0,0,0,0,0,0,0,0,0,1,0,1,1,0,0,0,1,0,0,0,0,0,0,0,0,0,0,0,0,0,0,1,0,0,0,0,0,0,0,0,0,1,0,0,0,1,0,0,0,1,0,1,0,0,1,0,0,0,0,0,0,0,0,0,1,8.81922185757494,4.174387269895637
1404,49.0,15256,3,4,3,8,5,84.0,4,3,4,3,4,6,929,1,0,556,1485,5,1464,0,0,1464,1,0,2,0,3,1,4,7,0,0,1,3,3,3,3,168,160,0,0,0,0,0,0,0,8,282922,12.552930054797937,3277,0,0,0,0,0,0,0,0,1,1,1,1.0,0,0,0,1,1,0,1,0,1,0,0,1,0,0,0,0,0,0,0,0,0,0,0,1,0,1,1,0,1,0,0,0,0,0,0,0,0,0,0,0,0,0,0,0,0,1,0,0,0,0,0,0,0,0,0,1,0,0,0,0,1,0,0,1,0,1,0,0,1,0,0,0,0,0,0,0,0,0,1,9.632793693113202,3.912023005428146
1405,60.0,10410,4,4,3,3,4,0.0,3,3,3,3,1,1,0,1,0,672,672,3,694,520,0,1214,0,0,1,0,3,1,3,7,0,0,1,3,3,3,3,216,0,160,0,0,0,0,3,0,1,105000,11.561725152903833,2262,91,56,1,0,0,0,0,1,0,1,1,1.5,0,0,0,0,1,0,0,0,1,0,0,0,0,1,0,0,0,0,0,0,0,0,0,1,0,1,0,0,0,0,0,0,0,0,0,0,0,0,0,0,0,0,0,0,0,0,1,0,0,0,0,0,0,0,0,0,1,0,0,1,0,0,0,1,0,1,0,0,1,0,0,1,0,0,0,0,0,0,1,9.250618218474752,4.110873864173311
1406,44.0,3842,3,4,2,8,5,174.0,4,3,5,3,4,6,1373,1,0,221,1594,5,1646,0,0,1646,1,1,2,0,2,1,4,7,1,4,3,2,3,3,3,128,53,0,0,155,0,0,0,0,1,275000,12.524530013005734,3576,4,3,1,0,0,1,0,0,0,1,1,1.0,0,0,0,1,0,1,1,0,0,0,0,0,0,0,0,0,0,0,0,0,0,0,0,0,1,1,1,0,0,0,1,0,0,0,0,1,1,0,0,1,0,0,0,0,0,0,0,0,0,1,0,0,0,0,0,0,0,0,0,0,1,0,0,1,0,1,0,0,1,0,0,0,0,0,0,0,1,0,0,8.254008590564844,3.8066624897703196
1407,70.0,8445,4,4,3,5,7,0.0,3,3,4,3,3,6,656,1,0,112,768,3,768,0,0,768,1,0,1,0,2,1,3,7,0,0,1,2,3,3,3,58,0,0,0,0,0,0,3,0,3,133000,11.798111925972618,1594,37,2,1,0,0,0,0,0,0,1,1,1.5,1,0,0,1,1,0,1,0,0,0,0,0,0,0,0,0,0,0,1,0,0,0,0,1,0,1,1,0,0,0,0,0,0,0,0,0,0,0,0,0,1,0,0,0,0,0,0,0,0,0,0,0,0,0,0,0,0,1,0,1,0,1,0,0,0,1,0,0,1,0,0,1,0,0,0,0,0,0,1,9.041448235493888,4.2626798770413155
1408,70.04995836802665,8780,3,4,3,5,5,0.0,3,3,3,3,1,5,625,1,0,208,833,5,833,0,0,833,1,0,1,0,3,1,3,7,0,0,0,0,0,0,3,0,0,0,0,0,0,0,3,0,3,112000,11.6262630788088,1666,24,24,0,0,0,0,0,0,0,1,1,1.0,0,0,0,1,1,1,0,1,0,0,0,1,0,0,0,0,0,0,0,0,0,0,0,1,0,1,1,0,0,0,0,0,0,0,0,0,0,0,0,0,1,0,0,0,0,0,0,0,0,0,0,0,0,1,0,0,0,0,0,1,0,1,0,0,0,1,0,0,1,0,0,0,1,0,0,0,0,0,1,9.080345575359996,4.2633832685897595
1409,60.0,7740,4,4,3,4,7,0.0,3,3,2,3,1,1,0,1,0,622,622,4,741,622,0,1363,0,0,1,0,3,1,3,7,0,0,1,2,3,3,3,0,0,0,0,168,0,0,0,0,6,125500,11.74006900564972,2153,100,60,1,0,0,0,0,0,0,1,1,2.0,0,0,0,1,1,0,0,0,1,0,0,0,0,0,0,1,0,0,0,0,0,0,0,0,1,1,1,0,0,0,1,0,0,0,0,0,0,0,0,0,0,0,0,0,0,1,0,0,0,0,0,0,0,0,0,1,0,0,0,1,0,1,0,0,0,1,0,0,1,0,0,1,0,0,0,0,0,0,1,8.954286157204713,4.110873864173311
1410,46.0,20544,3,4,3,7,6,123.0,3,4,4,3,1,1,0,1,0,791,791,4,1236,857,0,2093,0,0,2,1,3,1,3,7,1,3,3,2,3,3,3,364,63,0,0,0,0,0,3,0,11,215000,12.278397958261774,3311,22,17,1,0,0,0,0,0,0,1,1,2.0,0,0,0,1,0,1,1,1,0,0,0,0,0,0,1,0,0,0,0,0,0,0,0,1,0,1,1,0,1,0,0,0,0,0,0,0,0,0,0,0,0,0,0,1,0,0,0,0,0,0,0,0,0,1,0,0,0,0,1,0,0,1,0,0,0,1,0,0,1,0,0,0,0,0,0,0,0,0,1,9.93037288131751,3.8501476017100584
1411,79.0,12420,4,4,3,7,5,0.0,4,3,4,3,1,6,666,1,0,278,944,5,944,896,0,1840,1,0,2,1,3,1,4,7,0,0,2,2,3,3,3,0,45,0,0,0,0,0,0,0,6,230000,12.345838935721968,2829,8,8,0,0,0,0,0,0,0,1,1,2.0,0,0,0,1,1,0,1,0,0,0,0,0,0,0,1,0,0,0,0,0,0,0,0,1,0,1,1,0,0,0,1,0,0,0,0,0,0,0,0,0,0,0,0,0,0,1,0,0,0,0,0,0,0,0,0,1,0,0,0,1,0,0,0,1,0,1,0,0,1,0,0,0,0,0,0,0,0,0,1,9.427143867544194,4.382026634673881
1412,80.0,9600,4,4,3,6,8,0.0,3,4,3,3,1,4,120,1,0,736,856,5,1112,556,0,1668,0,0,1,1,3,1,3,5,0,0,1,1,3,3,3,0,0,0,0,0,0,0,3,0,9,140000,11.849404844423074,2524,59,4,1,0,0,0,0,0,0,1,1,1.5,0,0,0,1,0,0,1,1,0,0,0,0,0,1,0,0,0,0,0,0,0,0,0,1,0,1,1,0,0,0,1,0,0,0,0,0,0,0,0,0,0,0,0,0,0,1,0,0,0,0,0,0,0,0,0,1,0,0,0,1,0,1,0,0,0,1,0,0,1,0,0,0,0,0,0,0,0,0,1,9.169622538697624,4.394449154672439
1413,60.0,7200,4,4,3,4,5,0.0,3,3,0,0,0,0,0,0,0,0,0,2,1040,0,0,1040,0,0,2,0,2,2,3,7,0,0,1,2,3,3,3,0,0,0,0,0,0,0,0,0,6,90000,11.407576060361786,1040,60,59,1,0,0,0,0,0,0,1,0,1.0,0,0,0,1,0,0,1,1,0,0,0,0,0,0,0,0,0,0,0,1,0,0,0,1,0,1,1,0,0,0,1,0,0,1,0,0,0,0,1,0,0,0,0,0,0,0,0,0,0,0,0,0,1,0,0,0,0,0,0,1,0,0,0,0,1,0,1,0,0,0,0,1,0,0,0,0,0,0,1,8.881975184248867,4.110873864173311
1414,88.0,10994,3,4,3,8,5,366.0,4,3,4,4,1,6,976,1,0,868,1844,5,1844,0,0,1844,1,0,2,0,2,1,4,7,1,4,3,2,3,3,3,165,44,0,0,0,0,0,0,0,9,257000,12.456835254920373,3897,4,3,1,0,0,0,0,0,0,1,1,1.0,0,0,1,0,0,0,1,0,1,0,0,1,0,0,0,0,0,0,0,0,0,0,0,1,0,1,1,0,0,0,0,0,0,0,0,0,0,0,0,0,0,0,0,0,0,1,0,0,0,0,0,0,0,0,0,1,0,0,0,0,1,0,0,1,0,1,0,0,1,0,0,0,0,0,0,0,0,0,1,9.305195902988862,4.48863636973214
1415,64.0,13053,4,4,3,6,7,0.0,3,3,3,3,1,1,0,1,0,833,833,4,1053,795,0,1848,0,0,1,1,4,1,4,7,1,4,1,2,3,3,1,0,0,0,0,220,0,0,0,0,6,207000,12.240478903153711,2901,85,8,1,0,0,1,0,0,0,1,1,1.5,0,0,0,1,1,1,0,0,0,0,0,0,0,1,0,0,0,0,0,0,0,0,0,1,0,1,0,1,0,0,1,0,0,0,0,0,0,1,0,0,0,0,0,0,0,0,1,0,0,0,0,0,0,0,0,0,1,0,0,1,0,0,0,0,0,1,0,0,1,0,0,1,0,0,0,0,0,0,0,9.476849879195163,4.174387269895637
1416,51.0,3635,4,4,3,7,5,130.0,4,3,4,3,1,5,988,1,0,398,1386,5,1569,0,0,1569,0,1,2,0,1,1,4,7,1,3,2,3,3,3,3,143,20,0,0,0,0,0,0,0,5,175900,12.077676615757811,3118,2,2,0,0,0,0,0,0,0,1,1,1.0,0,0,0,1,0,0,0,0,0,0,0,0,0,0,0,0,0,0,0,0,0,0,0,1,0,1,1,0,0,0,1,0,0,0,0,1,1,0,0,0,0,0,0,0,0,1,0,0,0,0,0,0,0,0,0,1,0,0,1,0,0,0,0,1,0,1,0,0,1,0,0,0,0,0,0,0,0,0,1,8.19863945529737,3.9512437185814275
1417,60.0,11340,4,4,3,4,6,0.0,3,3,3,3,1,1,0,1,0,777,777,4,1246,1044,0,2290,0,0,2,0,4,2,3,7,0,0,1,2,3,3,1,0,0,114,0,0,0,0,0,0,4,122500,11.715874472198903,3181,125,60,1,0,0,0,0,0,0,1,1,2.0,0,0,0,1,1,0,0,0,1,0,1,0,0,0,0,0,0,0,0,0,0,0,0,0,1,1,1,0,0,0,1,0,1,0,0,0,0,0,0,0,0,0,0,0,0,1,0,0,0,0,0,0,0,0,0,0,0,0,0,1,0,0,0,1,0,1,0,0,1,0,0,1,0,0,0,0,0,0,1,9.33617975681533,4.110873864173311
1418,70.04995836802665,16545,3,4,3,8,5,731.0,4,3,4,3,2,6,781,1,0,503,1284,5,1310,1140,0,2450,1,0,2,1,3,1,4,7,1,3,3,3,3,3,3,0,126,0,0,0,0,0,0,0,5,340000,12.73670383776449,3860,11,11,0,0,0,0,0,0,0,1,1,2.0,0,0,0,1,1,1,1,1,0,0,0,0,0,0,1,0,0,0,0,0,0,0,0,1,0,1,1,0,0,0,1,0,0,0,0,0,0,0,0,0,0,0,0,0,0,1,0,0,0,0,0,0,0,0,0,1,0,0,1,0,0,0,0,1,0,1,0,0,1,0,0,0,0,0,0,0,0,0,1,9.713899659750128,4.2633832685897595
1419,71.0,9204,4,4,3,5,5,0.0,3,3,3,3,1,4,25,3,872,247,1144,3,1144,0,0,1144,1,0,1,1,3,1,3,7,0,0,1,1,3,3,3,0,88,0,0,0,0,0,0,0,8,124000,11.728044909070784,2376,45,45,0,0,0,0,0,0,0,1,1,1.0,0,0,0,1,0,0,1,1,0,0,0,1,0,0,0,0,0,0,0,0,0,0,0,1,0,1,1,0,0,0,1,0,0,0,0,0,0,0,0,0,1,0,0,0,0,0,0,0,0,0,1,0,0,0,0,0,0,0,0,1,0,1,0,0,0,1,0,0,1,0,0,1,0,0,0,0,0,0,1,9.127502093667179,4.276666119016055
1420,70.04995836802665,16381,3,4,3,6,5,312.0,4,4,3,3,3,3,1110,1,0,734,1844,4,1844,0,0,1844,1,0,2,0,3,1,4,7,1,3,2,2,3,3,3,0,73,216,0,0,0,0,0,0,12,223000,12.314931534737134,3977,37,37,0,0,0,0,0,0,0,1,1,1.0,0,0,0,1,0,1,1,0,0,0,0,1,0,0,0,0,0,0,0,0,0,0,0,1,0,1,1,0,0,0,1,0,0,0,0,0,0,0,0,0,0,0,0,1,0,0,0,0,0,0,0,0,0,1,0,0,0,0,1,0,0,1,0,0,0,1,0,0,1,0,0,0,0,0,0,0,0,0,1,9.703938450075547,4.2633832685897595
1421,90.0,11700,4,4,3,6,6,420.0,3,3,3,3,1,5,404,1,0,304,708,4,708,708,0,1416,0,0,2,1,3,1,3,7,1,3,2,2,3,3,3,0,169,0,0,119,0,0,0,0,5,179900,12.100161978566868,2412,38,38,0,0,0,0,0,0,0,1,1,2.0,0,0,0,1,0,1,1,1,0,0,0,0,0,0,1,0,0,0,0,0,0,0,0,1,0,1,1,0,0,0,0,0,0,0,0,0,0,0,0,0,1,0,0,0,0,0,0,0,0,0,1,0,0,0,0,0,0,0,1,0,0,1,0,0,0,1,0,0,1,0,0,0,0,0,0,0,0,0,1,9.367429587218957,4.51085950651685
1422,53.0,4043,4,4,3,6,5,0.0,3,3,4,3,1,5,360,1,0,709,1069,3,1069,0,0,1069,0,0,2,0,2,1,3,7,1,2,2,2,3,3,3,0,55,0,0,165,0,0,0,0,7,127500,11.755879486687116,2358,33,33,0,0,0,0,0,0,0,1,1,1.0,0,0,0,1,1,0,1,1,0,0,0,0,0,0,0,0,0,0,0,0,0,0,0,1,0,1,1,0,0,0,1,0,0,0,0,1,0,0,0,0,0,0,0,1,0,0,0,0,0,0,0,0,0,1,0,0,0,0,0,1,0,1,0,0,0,1,0,0,1,0,0,0,0,0,0,0,0,0,1,8.304989580140361,3.9889840465642745
1423,37.0,4435,4,4,3,6,5,170.0,4,3,4,3,3,6,686,1,0,162,848,5,848,0,0,848,1,0,1,0,1,1,4,7,0,0,3,2,3,3,3,140,0,0,0,0,0,0,0,0,3,136500,11.824087219587645,1836,5,5,0,0,0,0,0,0,0,1,1,1.0,0,0,0,1,1,0,1,0,0,0,0,0,0,0,0,0,0,0,0,0,0,0,0,0,1,1,1,0,0,0,1,0,0,0,0,1,0,0,0,0,0,0,0,0,0,1,0,0,0,0,0,0,0,0,0,1,0,0,1,0,0,0,0,1,0,1,0,0,1,0,0,0,0,0,0,0,0,0,1,8.397508348470257,3.6375861597263857
1424,70.04995836802665,19690,3,4,3,6,7,0.0,4,4,4,3,3,1,0,1,0,697,697,3,1575,626,0,2201,0,0,2,0,4,1,4,7,1,4,1,2,4,4,3,586,236,0,0,0,738,4,4,0,8,274970,12.524420916542532,3720,40,40,0,1,0,0,0,0,0,0,1,1.5,1,0,1,0,1,1,1,0,0,0,0,0,0,0,0,0,0,1,0,0,0,0,0,1,0,1,1,0,1,0,0,0,0,0,0,0,0,1,0,0,0,0,0,1,0,0,0,0,0,0,0,0,0,1,0,0,0,0,0,1,0,1,0,0,0,1,0,0,1,0,0,0,0,0,0,0,0,0,1,9.88791695754517,4.2633832685897595
1425,70.04995836802665,9503,4,4,3,5,5,0.0,3,3,3,3,1,5,457,3,374,193,1024,3,1344,0,0,1344,1,0,1,0,2,1,3,6,1,3,1,1,3,3,3,316,28,0,0,0,0,0,2,0,6,144000,11.87757552297847,2712,49,24,1,0,0,0,0,0,0,1,1,1.0,0,0,0,1,0,0,1,1,0,0,0,1,0,0,0,0,0,0,0,0,0,0,0,1,0,1,1,0,0,0,1,0,0,0,0,0,1,0,0,0,1,0,0,0,0,0,0,0,0,0,1,0,0,0,0,0,0,0,0,1,0,1,0,0,0,1,0,0,1,0,0,1,0,0,0,0,0,0,1,9.159468041602427,4.2633832685897595
1426,80.0,10721,3,4,3,6,6,243.0,4,3,3,3,1,1,0,1,0,1252,1252,5,1252,0,0,1252,0,0,1,0,3,1,4,7,0,0,1,2,3,3,3,0,39,0,0,0,0,0,0,0,10,142000,11.863589378812122,2543,49,49,0,0,0,0,0,0,0,1,1,1.0,0,0,0,1,0,0,1,1,0,0,0,1,0,0,0,0,0,0,0,0,0,0,0,1,0,1,1,0,0,0,1,0,0,0,0,0,1,0,0,0,1,0,0,0,0,0,0,0,0,0,1,0,0,0,0,0,0,0,0,0,1,1,0,0,0,1,0,0,1,0,0,1,0,0,0,0,0,0,1,9.280052984387483,4.394449154672439
1427,81.0,10944,3,4,3,7,5,448.0,4,3,4,3,1,6,1000,1,0,223,1223,5,1223,904,0,2127,1,0,2,1,3,1,4,7,2,3,2,2,3,3,3,171,132,0,0,0,0,0,0,0,8,271000,12.509877789891933,3653,14,14,0,0,0,0,0,0,0,1,1,2.0,0,0,0,1,1,1,1,1,0,0,0,0,0,0,1,0,0,0,0,0,0,0,0,1,0,1,1,0,0,0,1,0,0,0,0,0,0,0,0,0,0,0,0,0,0,1,0,0,0,0,0,0,0,0,0,1,0,0,1,0,0,0,0,1,0,1,0,0,1,0,0,0,0,0,0,0,0,0,1,9.300638009956963,4.406719247264253
1428,60.0,10930,4,4,3,5,6,0.0,3,3,3,3,1,4,580,1,0,333,913,3,1048,510,0,1558,1,0,1,1,3,1,3,7,1,3,1,1,3,3,3,0,0,0,0,0,0,0,0,0,4,140000,11.849404844423074,2471,63,58,1,0,0,1,0,1,0,1,1,1.5,0,0,0,1,0,0,1,1,0,0,0,0,0,1,0,0,0,0,0,0,0,0,0,1,0,1,0,0,0,0,1,0,0,0,0,0,0,0,0,0,0,1,0,0,0,0,0,0,0,0,0,1,0,0,0,0,0,0,0,1,0,1,0,0,0,1,0,0,0,0,0,0,0,0,0,0,0,0,0,9.299358068293836,4.110873864173311
1429,60.0,7200,4,4,3,5,7,294.0,3,4,3,3,1,4,510,1,0,278,788,3,804,0,0,804,1,0,1,0,2,1,4,7,2,4,1,1,3,3,3,0,0,154,0,0,0,0,3,0,2,119000,11.686887175419702,1746,70,18,1,0,0,0,0,0,0,1,1,1.0,0,0,1,0,1,0,0,0,1,0,0,0,1,0,0,0,0,0,0,0,0,0,0,0,1,1,1,0,0,0,0,0,0,0,0,0,0,0,0,0,0,1,0,0,0,0,0,0,0,0,0,1,0,0,0,0,0,0,0,0,1,1,0,0,0,1,0,0,1,0,0,0,0,0,0,0,0,0,1,8.881975184248867,4.110873864173311
1430,70.04995836802665,12546,3,4,3,6,7,310.0,4,4,4,3,1,4,678,1,0,762,1440,5,1440,0,0,1440,0,0,2,0,3,1,4,7,1,3,3,2,3,3,3,0,0,99,0,0,0,0,0,0,4,182900,12.116700301832571,2979,26,26,0,0,0,0,0,0,0,1,1,1.0,0,0,0,1,0,1,1,1,0,0,0,1,0,0,0,0,0,0,0,0,0,0,0,1,0,1,1,0,0,0,0,0,0,0,0,0,0,0,0,0,0,1,0,0,0,0,0,0,0,0,0,1,0,0,0,0,0,0,1,0,0,1,0,0,0,1,0,0,1,0,0,0,0,0,0,0,0,0,1,9.4372368721597,4.2633832685897595
1431,60.0,21930,1,4,3,5,5,0.0,4,3,4,4,3,1,0,1,0,732,732,5,734,1104,0,1838,0,0,2,1,4,1,3,7,1,4,3,2,3,3,3,100,40,0,0,0,0,0,0,0,7,192140,12.165984756488545,2710,1,1,0,0,0,0,0,0,1,1,1,2.0,0,0,0,1,0,0,0,1,0,0,0,0,0,0,1,0,0,0,0,0,0,0,0,1,0,1,1,0,0,0,1,0,0,0,0,0,0,0,0,0,0,0,0,0,0,1,0,0,0,0,0,0,0,0,0,1,0,0,0,1,0,0,0,1,0,1,0,0,1,0,1,0,0,0,0,0,0,0,1,9.995656440007505,4.110873864173311
1432,70.04995836802665,4928,3,4,3,6,6,0.0,3,3,4,3,1,2,958,1,0,0,958,3,958,0,0,958,0,0,2,0,2,1,3,7,0,0,2,2,3,3,3,0,60,0,0,0,0,0,0,0,10,143750,11.87583791515714,1976,33,33,0,0,0,0,0,0,0,1,1,1.0,0,0,0,1,1,0,1,1,0,0,0,0,0,0,0,0,0,0,0,0,0,0,0,1,0,1,1,0,0,0,1,0,0,0,0,1,0,0,0,0,0,0,0,1,0,0,0,0,0,0,0,0,0,1,0,0,0,0,0,1,0,1,0,0,0,1,0,0,1,0,0,0,0,0,0,0,0,0,1,8.502891406705377,4.2633832685897595
1433,60.0,10800,4,4,3,4,6,0.0,3,3,3,3,1,1,0,1,0,656,656,3,968,0,0,968,0,0,2,0,4,1,3,7,0,0,1,1,2,2,3,0,0,0,0,0,0,0,0,0,8,64500,11.07443600653965,1624,80,0,1,0,0,0,0,0,0,1,1,1.0,0,0,0,1,1,0,0,0,1,0,0,0,1,0,0,0,0,0,0,0,0,0,0,1,0,1,0,0,0,0,1,0,0,0,0,0,0,0,0,0,0,0,0,0,0,0,1,0,0,0,0,0,0,0,0,0,1,0,0,1,0,0,0,0,0,1,0,0,1,0,0,1,0,0,0,0,0,0,1,9.287394001418473,4.110873864173311
1434,93.0,10261,3,4,3,6,5,318.0,3,3,4,3,1,1,0,1,0,936,936,5,962,830,0,1792,1,0,2,1,3,1,3,7,1,3,3,2,3,3,3,0,0,0,0,0,0,0,0,0,5,186500,12.136191879981927,2728,8,8,0,0,0,0,0,0,0,1,1,2.0,0,0,0,1,0,0,0,1,0,0,0,0,0,0,1,0,0,0,0,0,0,0,0,1,0,1,1,0,0,0,1,0,0,0,0,0,0,0,0,0,0,0,0,0,0,1,0,0,0,0,0,0,0,0,0,1,0,0,1,0,0,0,0,1,0,1,0,0,1,0,0,0,0,0,0,0,0,0,1,9.23620303150191,4.543294782270004
1435,80.0,17400,4,4,2,5,5,0.0,3,3,3,3,1,5,936,1,0,190,1126,2,1126,0,0,1126,1,0,2,0,3,1,3,7,1,4,2,2,3,3,2,295,41,0,0,0,0,0,0,0,5,160000,11.982935344196433,2588,29,29,0,0,0,1,0,0,0,1,1,1.0,0,0,0,1,1,1,0,1,0,0,0,1,0,0,0,0,0,0,0,0,0,0,0,1,0,1,1,0,0,0,1,0,0,0,0,0,0,0,1,0,0,0,0,0,0,0,0,0,1,0,0,0,0,0,0,0,0,0,0,1,0,1,0,0,0,1,0,0,1,0,0,0,0,0,0,0,0,1,0,9.76428295481558,4.394449154672439
1436,80.0,8400,4,4,3,6,9,237.0,4,4,3,3,1,1,0,1,0,1319,1319,3,1537,0,0,1537,1,0,1,1,3,1,4,7,1,4,2,2,3,3,3,0,36,0,0,0,0,0,4,0,7,174000,12.066816325306588,2892,46,3,1,0,0,0,0,0,0,1,1,1.0,0,0,1,0,0,0,1,1,0,0,0,1,0,0,0,0,0,0,0,0,0,0,0,1,0,1,1,0,0,0,1,0,0,0,0,0,0,0,0,0,0,0,0,0,0,0,1,0,0,0,0,0,0,0,0,0,1,0,1,0,0,1,0,0,0,1,0,0,1,0,0,0,0,0,0,0,0,0,1,9.036106025364846,4.394449154672439
1437,60.0,9000,4,4,3,4,6,0.0,3,3,3,3,1,5,616,1,0,248,864,3,864,0,0,864,0,0,1,0,3,1,3,7,0,0,1,2,3,3,3,0,0,0,0,0,0,0,2,0,5,120500,11.6994133306336,1728,36,36,0,0,0,0,0,0,0,1,1,1.0,0,0,0,1,0,0,1,1,0,0,0,1,0,0,0,0,0,0,0,0,0,0,0,1,0,1,1,0,0,1,0,0,0,0,0,0,0,0,0,0,1,0,0,0,0,0,0,0,0,0,1,0,0,0,0,0,0,0,0,1,0,0,0,1,0,1,0,0,1,0,0,1,0,0,0,0,0,0,1,9.105090961257085,4.110873864173311
1438,96.0,12444,4,4,3,8,5,426.0,5,3,5,3,3,6,1336,1,0,596,1932,5,1932,0,0,1932,1,0,2,0,2,1,5,7,1,4,3,3,3,3,3,0,66,0,304,0,0,0,0,0,11,394617,12.885673487343764,4234,0,0,0,0,0,0,0,0,0,1,1,1.0,0,1,0,0,0,0,0,0,1,0,0,1,0,0,0,0,0,0,0,0,0,0,0,1,0,1,1,0,0,1,0,0,0,0,0,0,1,0,0,0,0,0,0,0,0,1,0,0,0,0,0,0,0,0,0,1,0,0,0,0,1,0,0,1,0,1,0,0,1,0,0,0,0,0,0,0,0,0,1,9.429074214801693,4.574710978503383
1439,90.0,7407,4,4,3,6,7,0.0,3,3,3,3,1,6,600,1,0,312,912,3,1236,0,0,1236,1,0,1,0,2,1,3,7,0,0,1,2,3,3,3,0,158,158,0,0,0,0,3,0,4,149700,11.916395250412128,2464,53,14,1,0,0,0,0,1,0,1,1,1.0,0,0,0,1,1,0,0,0,1,0,0,1,0,0,0,0,0,0,0,0,0,0,0,0,1,1,1,0,0,0,1,0,0,0,0,0,0,0,0,0,0,1,0,0,0,0,0,0,0,0,0,1,0,0,0,0,0,0,0,1,0,1,0,0,0,1,0,0,0,0,0,0,0,0,0,0,0,0,1,8.910315776326016,4.51085950651685
1440,80.0,11584,4,4,3,7,6,96.0,3,3,3,3,1,6,315,3,110,114,539,3,1040,685,0,1725,0,0,2,1,3,1,3,7,1,3,2,2,3,3,3,0,88,216,0,0,0,0,0,0,11,197000,12.190964083849376,2568,28,28,0,0,0,0,0,0,0,1,1,1.5,1,0,0,1,0,1,1,1,0,0,0,0,0,0,1,0,0,0,0,0,0,0,0,1,0,1,1,0,0,0,1,0,0,0,0,0,1,0,0,0,1,0,0,0,0,0,0,0,0,0,1,0,0,0,0,0,0,0,1,0,0,1,0,0,0,1,0,0,1,0,0,0,0,0,0,0,0,0,1,9.357466436866476,4.394449154672439
1441,79.0,11526,3,4,2,6,7,0.0,3,3,5,3,1,1,0,1,0,588,588,2,1423,748,384,2555,0,0,2,0,3,1,3,6,1,4,3,2,3,3,3,431,0,0,0,0,0,0,0,0,9,191000,12.160033942617156,3574,86,14,1,0,0,1,0,0,0,1,1,2.5,0,0,0,1,0,1,1,0,0,0,0,0,0,0,0,1,0,0,0,0,0,0,0,1,0,1,1,0,0,0,1,0,0,0,0,0,0,0,0,0,0,1,0,0,0,0,0,0,0,0,0,1,0,0,0,0,0,0,0,1,0,0,0,0,0,1,0,0,1,0,0,1,0,0,0,0,0,0,0,9.352447388601012,4.382026634673881
1442,70.04995836802665,4426,4,4,3,6,5,147.0,4,3,4,3,3,6,697,1,0,151,848,5,848,0,0,848,1,0,1,0,1,1,4,7,1,3,2,2,3,3,3,149,0,0,0,0,0,0,0,0,5,149300,11.913719681428494,1845,4,4,0,0,0,0,0,0,0,1,1,1.0,0,0,0,1,1,0,1,0,0,0,0,0,0,0,0,0,0,0,0,0,0,0,0,0,1,1,1,0,0,0,1,0,0,0,0,1,0,0,0,0,0,0,0,0,0,1,0,0,0,0,0,0,0,0,0,1,0,0,1,0,0,0,0,1,0,1,0,0,1,0,0,0,0,0,0,0,0,0,1,8.395477432732141,4.2633832685897595
1443,85.0,11003,4,4,3,10,5,160.0,5,3,5,3,3,6,765,1,0,252,1017,5,1026,981,0,2007,1,0,2,1,3,1,5,7,1,5,3,3,3,3,3,168,52,0,0,0,0,0,0,0,4,310000,12.644330802262578,3244,1,1,0,0,0,0,0,0,0,1,1,2.0,0,0,0,1,1,0,1,0,1,0,0,0,0,0,1,0,0,0,0,0,0,0,0,0,0,1,1,0,0,0,1,0,0,0,0,0,0,0,0,0,0,0,0,0,0,1,0,0,0,0,0,0,0,0,0,1,0,0,0,0,1,0,0,1,0,1,0,0,1,0,0,0,0,0,0,0,0,0,1,9.306014122044465,4.454347296253507
1444,70.04995836802665,8854,4,4,3,6,6,0.0,3,3,3,3,1,1,0,1,0,952,952,2,952,0,0,952,0,0,1,0,2,1,2,7,1,4,1,1,2,1,2,0,98,0,0,40,0,0,0,0,5,121000,11.703554089007538,2042,93,59,1,0,0,0,0,0,0,1,0,1.25,0,0,0,1,1,1,0,0,0,0,0,0,1,0,0,0,0,0,0,0,0,0,0,1,0,1,1,0,0,0,1,0,0,0,0,0,0,0,0,0,0,0,0,0,0,0,1,0,0,0,0,0,0,0,0,0,1,0,0,1,0,0,0,0,0,0,1,0,0,0,0,1,0,0,0,0,0,0,1,9.088737550216933,4.2633832685897595
1445,63.0,8500,4,4,3,7,5,106.0,4,3,4,3,3,1,0,1,0,1422,1422,5,1422,0,0,1422,0,0,2,0,3,1,4,7,0,0,2,2,3,3,3,192,60,0,0,0,0,0,0,0,11,179600,12.098493002763464,3096,3,3,0,0,0,0,0,0,0,1,1,1.0,0,0,0,1,1,0,1,0,0,0,0,1,0,0,0,0,0,0,0,0,0,0,0,1,0,1,1,0,0,1,0,0,0,0,0,0,0,0,0,0,0,0,0,0,0,1,0,0,0,0,0,0,0,0,0,1,0,0,1,0,0,0,0,1,0,1,0,0,1,0,0,0,0,0,0,0,0,0,1,9.04793908261736,4.1588830833596715
1446,70.0,8400,4,4,3,6,5,0.0,3,3,3,3,4,2,187,3,627,0,814,4,913,0,0,913,1,0,1,0,3,1,3,7,0,0,1,1,3,3,3,0,0,252,0,0,0,0,0,0,5,129000,11.767575435251748,1979,41,41,0,0,0,0,0,0,0,1,1,1.5,1,0,0,1,1,1,0,0,1,0,0,0,0,0,0,0,0,0,1,0,0,0,0,1,0,1,1,0,0,0,1,0,0,0,0,0,0,0,0,0,0,0,0,0,0,1,0,0,0,0,0,0,0,0,0,1,0,0,0,1,0,1,0,0,0,1,0,0,1,0,0,1,0,0,0,0,0,0,1,9.036106025364846,4.2626798770413155
1447,70.04995836802665,26142,3,4,3,5,7,189.0,3,3,3,3,1,3,593,1,0,595,1188,3,1188,0,0,1188,0,0,1,0,3,1,3,7,0,0,1,1,3,3,2,261,39,0,0,0,0,0,0,0,4,157900,11.969723533345908,2676,48,48,0,0,0,0,0,0,0,1,1,1.0,0,0,0,1,1,1,0,1,0,0,0,1,0,0,0,0,0,0,0,0,0,0,0,1,0,1,1,0,1,0,0,0,0,0,0,0,0,0,0,0,1,0,0,0,0,0,0,0,0,0,1,0,0,0,0,0,0,0,1,0,0,1,0,0,0,1,0,0,1,0,0,0,0,0,0,0,0,0,1,10.17133674723419,4.2633832685897595
1448,80.0,10000,4,4,3,8,5,438.0,4,3,4,3,1,6,1079,1,0,141,1220,5,1220,870,0,2090,1,0,2,1,3,1,4,7,1,3,2,2,3,3,3,0,65,0,0,0,0,0,0,0,12,240000,12.388398368982116,3375,12,11,1,0,0,0,0,0,0,1,1,2.0,0,0,0,1,1,0,1,0,0,0,0,0,0,0,1,0,0,0,0,0,0,0,0,1,0,1,1,0,0,0,1,0,0,0,0,0,0,0,0,0,0,0,0,0,0,1,0,0,0,0,0,0,0,0,0,1,0,0,1,0,0,0,0,1,0,1,0,0,1,0,0,0,0,0,0,0,0,0,1,9.210440366976517,4.394449154672439
1449,70.0,11767,4,4,3,4,7,0.0,3,3,2,3,1,1,0,1,0,560,560,4,796,550,0,1346,0,0,1,1,2,1,3,5,0,0,1,1,2,3,3,168,24,0,0,0,0,0,2,0,5,112000,11.6262630788088,2098,97,7,1,0,0,0,0,0,0,1,1,2.0,0,0,0,1,1,1,1,0,0,0,0,0,0,1,0,0,0,0,0,0,0,0,0,1,0,1,1,0,0,0,1,0,0,0,0,0,0,0,0,0,0,1,0,0,0,0,0,0,0,0,1,0,0,0,0,0,0,0,0,1,0,1,0,0,0,0,0,0,1,0,0,1,0,0,0,0,0,0,1,9.373139262281274,4.2626798770413155
1450,21.0,1533,4,4,3,5,7,0.0,3,3,4,3,3,6,553,1,0,77,630,5,630,0,0,630,1,0,1,0,1,1,5,7,0,0,0,0,0,0,3,0,0,0,0,0,0,0,0,0,8,92000,11.429554725537322,1260,36,36,0,0,0,0,0,0,0,1,1,1.5,1,0,1,0,0,1,0,1,0,0,0,0,0,0,0,0,0,0,0,0,1,0,0,0,1,1,1,0,0,0,1,0,0,0,1,0,0,0,0,1,0,0,0,0,0,0,0,0,0,1,0,0,0,0,0,0,0,0,0,1,0,1,0,0,0,1,0,0,1,0,0,0,1,0,0,0,0,0,1,7.335633981927201,3.091042453358316
1451,60.0,9000,4,4,3,5,5,0.0,3,3,4,3,1,1,0,1,0,896,896,3,896,896,0,1792,0,0,2,2,4,2,3,7,0,0,0,0,0,0,3,32,45,0,0,0,0,0,0,0,9,136000,11.820417517632333,2765,35,35,0,0,0,0,0,0,0,1,1,2.0,0,0,0,1,0,0,1,1,0,0,0,0,0,0,0,0,0,0,0,1,0,0,0,1,0,1,1,0,0,1,0,0,0,1,0,0,0,0,0,0,0,0,0,0,0,1,0,0,0,0,0,0,0,0,0,1,0,0,0,1,0,1,0,0,0,1,0,0,1,0,0,0,1,0,0,0,0,0,1,9.105090961257085,4.110873864173311
1452,78.0,9262,4,4,3,8,5,194.0,4,3,4,3,1,1,0,1,0,1573,1573,5,1578,0,0,1578,0,0,2,0,3,1,5,7,1,4,3,3,3,3,3,0,36,0,0,0,0,0,0,0,5,287090,12.567554517655417,3187,1,0,1,0,0,0,0,0,0,1,1,1.0,0,1,0,0,1,0,1,0,1,0,0,1,0,0,0,0,0,0,0,0,0,0,0,1,0,1,1,0,0,0,1,0,0,0,0,0,0,0,0,1,0,0,0,0,0,0,0,0,0,1,0,0,0,0,0,0,0,0,0,0,1,0,0,1,0,1,0,0,1,0,0,0,0,0,0,0,0,0,1,9.133783249254028,4.3694478524670215
1453,35.0,3675,4,4,3,5,5,80.0,3,3,4,3,4,6,547,1,0,0,547,4,1072,0,0,1072,1,0,1,0,2,1,3,7,0,0,3,2,3,3,3,0,28,0,0,0,0,0,0,0,5,145000,11.884495917930655,1647,1,1,0,0,0,0,0,0,0,1,1,1.5,1,0,0,1,1,1,1,0,0,0,0,0,0,0,0,0,0,0,0,0,1,0,0,0,1,1,1,0,0,0,1,0,0,0,0,1,0,0,0,0,0,0,0,0,0,1,0,0,0,0,0,0,0,0,0,1,0,0,1,0,0,0,0,1,0,1,0,0,1,1,0,0,0,0,0,0,0,0,1,8.209580483475577,3.58351893845611
1454,90.0,17217,4,4,3,5,5,0.0,3,3,4,3,1,1,0,1,0,1140,1140,5,1140,0,0,1140,0,0,1,0,3,1,3,7,0,0,0,0,0,0,3,36,56,0,0,0,0,0,0,0,7,84500,11.344518647594766,2372,0,0,0,0,0,0,0,0,0,1,1,1.0,0,0,1,0,1,1,0,1,0,0,0,1,0,0,0,0,0,0,0,0,0,0,0,1,0,1,1,0,0,0,1,0,0,0,0,0,0,0,0,0,0,0,0,0,0,1,0,0,0,0,0,0,0,0,0,1,0,0,0,1,0,0,0,1,0,1,0,0,1,0,0,0,1,0,0,0,0,0,1,9.7537106272179,4.51085950651685
1455,62.0,7500,4,4,3,7,5,0.0,4,3,4,3,1,6,410,1,0,811,1221,5,1221,0,0,1221,1,0,2,0,2,1,4,7,0,0,2,2,3,3,3,0,113,0,0,0,0,0,0,0,10,185000,12.128116509451258,2555,5,4,1,0,0,0,0,0,0,1,1,1.0,0,0,0,1,1,0,1,0,1,0,0,1,0,0,0,0,0,0,0,0,0,0,0,0,0,1,0,1,0,0,1,0,0,0,0,0,0,0,0,0,0,0,0,0,0,1,0,0,0,0,0,0,0,0,0,1,0,0,0,1,0,0,0,1,0,1,0,0,1,0,0,0,0,0,0,0,0,0,1,8.922791623969637,4.143134726391533
1456,62.0,7917,4,4,3,6,5,0.0,3,3,4,3,1,1,0,1,0,953,953,5,953,694,0,1647,0,0,2,1,3,1,3,7,1,3,2,2,3,3,3,0,40,0,0,0,0,0,0,0,8,175000,12.07254696717504,2640,8,7,1,0,0,0,0,0,0,1,1,2.0,0,0,0,1,0,0,0,1,0,0,0,0,0,0,1,0,0,0,0,0,0,0,0,1,0,1,1,0,0,0,1,0,0,0,0,0,0,0,0,0,0,0,0,0,0,1,0,0,0,0,0,0,0,0,0,1,0,0,0,1,0,0,0,1,0,1,0,0,1,0,0,0,0,0,0,0,0,0,1,8.976893927666076,4.143134726391533
1457,85.0,13175,4,4,3,6,6,119.0,3,3,4,3,1,5,790,3,163,589,1542,3,2073,0,0,2073,1,0,2,0,3,1,3,6,2,3,1,2,3,3,3,349,0,0,0,0,0,0,3,0,2,210000,12.25486757159303,3964,32,22,1,0,0,0,0,0,0,1,1,1.0,0,0,0,1,0,1,1,1,0,0,0,1,0,0,0,0,0,0,0,0,0,0,0,1,0,1,1,0,0,0,1,0,0,0,0,0,0,0,0,0,0,0,0,1,0,0,0,0,0,0,0,0,0,1,0,0,0,0,0,0,1,1,0,0,0,1,0,0,1,0,0,0,0,0,0,0,0,0,1,9.486152271857476,4.454347296253507
1458,66.0,9042,4,4,3,7,9,0.0,5,4,3,4,1,6,275,1,0,877,1152,5,1188,1152,0,2340,0,0,2,0,4,1,4,7,2,4,2,1,3,3,3,0,60,0,0,0,0,0,4,2500,5,266500,12.493133274926212,3552,69,4,1,0,1,0,0,0,0,1,1,2.0,0,0,0,1,0,1,1,0,0,0,0,0,0,0,0,1,0,0,0,0,0,0,0,1,0,1,1,0,0,0,1,0,0,0,0,0,0,0,0,1,0,0,0,0,0,0,0,0,0,1,0,0,0,0,0,0,0,0,0,1,0,0,1,0,0,1,0,0,1,0,0,0,0,0,0,1,0,0,1,9.10974625674048,4.204692619390966
1459,68.0,9717,4,4,3,5,6,0.0,3,3,3,3,2,6,49,3,1029,0,1078,4,1078,0,0,1078,1,0,1,0,2,1,4,7,0,0,1,1,3,3,3,366,0,112,0,0,0,0,0,0,4,142125,11.864469267087893,2634,60,14,1,0,0,0,0,0,0,1,1,1.0,0,0,0,1,0,0,1,1,0,0,0,1,0,0,0,0,0,0,0,0,0,0,0,1,0,1,1,0,0,0,1,0,0,0,0,0,1,0,0,0,0,1,0,0,0,0,0,0,0,0,0,1,0,0,0,0,0,0,0,1,0,1,0,0,0,1,0,0,0,0,0,0,0,0,0,0,0,0,1,9.181735114965848,4.23410650459726
1460,75.0,9937,4,4,3,5,6,0.0,4,3,3,3,1,4,830,2,290,136,1256,4,1256,0,0,1256,1,0,1,1,3,1,3,7,0,0,3,1,3,3,3,736,68,0,0,0,0,0,0,0,6,147500,11.901590234400048,3316,43,43,0,0,0,0,0,0,0,1,1,1.0,0,0,0,1,1,1,1,0,0,0,0,1,0,0,0,0,0,0,0,0,0,0,0,1,0,1,1,0,0,0,1,0,0,0,0,0,0,0,0,0,1,0,0,0,0,0,0,0,0,0,1,0,0,0,0,0,0,0,0,1,0,1,0,0,0,1,0,0,1,0,0,0,0,0,0,0,0,0,1,9.204121072162266,4.330733340286331
